Ticket_ID,Ticket_Date,Business_Unit,Location,Request_Type,Priority,Channel,Assigned_Team,Status,Resolution_Hours,SLA_Target_Hours,SLA_Breached,Rework_Count,Customer_Satisfaction,FTE_Cost_per_Hour,Estimated_Cost,Month,Month_No,Quarter,Weekday
OPS-101659,2025-06-09,Customer Support,Noida,Invoice Query,Medium,Email,Vendor Management,Closed,2.5,24,No,0,4.3,350,875.0,Jun,6,Q2,Monday
OPS-100733,2025-08-05,IT,Mumbai,Employee Query,Medium,Email,Vendor Management,Closed,20.2,24,No,0,4.6,350,7070.0,Aug,8,Q3,Tuesday
OPS-103875,2025-05-23,Procurement,Bengaluru,Invoice Query,Medium,Portal,MIS,Closed,5.4,24,No,0,5.0,280,1512.0,May,5,Q2,Friday
OPS-101335,2025-10-20,Procurement,Gurugram,Compliance Request,Low,Portal,HR Ops,Closed,8.1,48,No,0,4.8,450,3645.0,Oct,10,Q4,Monday
OPS-103608,2025-02-14,HR,Hyderabad,Vendor Query,Medium,Email,HR Ops,Closed,1.8,24,No,0,4.9,350,630.0,Feb,2,Q1,Friday
OPS-101008,2025-01-13,Procurement,Pune,Employee Query,High,Teams,MIS,Closed,16.8,12,Yes,1,4.0,450,7560.0,Jan,1,Q1,Monday
OPS-102746,2025-11-01,Procurement,Mumbai,Invoice Query,Low,Teams,IT Support,Closed,9.5,48,No,0,4.6,350,3325.0,Nov,11,Q4,Saturday
OPS-103424,2025-12-23,IT,Mumbai,Data Correction,High,Email,IT Support,Closed,20.0,12,Yes,0,4.3,320,6400.0,Dec,12,Q4,Tuesday
OPS-102847,2025-08-05,IT,Chennai,System Issue,Medium,Email,Finance Ops,Closed,14.0,24,No,0,4.7,450,6300.0,Aug,8,Q3,Tuesday
OPS-103077,2025-03-08,Finance,Mumbai,Access Request,High,Email,Finance Ops,Closed,2.1,12,No,0,5.0,280,588.0,Mar,3,Q1,Saturday
OPS-100168,2025-12-06,Finance,Bengaluru,System Issue,Medium,Phone,IT Support,Closed,19.6,24,No,1,4.2,320,6272.0,Dec,12,Q4,Saturday
OPS-104875,2025-09-25,Procurement,Chennai,Vendor Query,Medium,Email,Vendor Management,Closed,28.1,24,Yes,0,4.2,450,12645.0,Sep,9,Q3,Thursday
OPS-101376,2025-01-29,HR,Bengaluru,Compliance Request,High,Email,HR Ops,Closed,11.9,12,No,2,4.2,400,4760.0,Jan,1,Q1,Wednesday
OPS-104728,2025-04-02,Procurement,Gurugram,Data Correction,Low,Phone,MIS,Escalated,5.4,48,No,1,5.0,320,1728.0,Apr,4,Q2,Wednesday
OPS-100834,2025-12-18,Operations,Mumbai,Report Request,Medium,Portal,Finance Ops,Closed,20.7,24,No,0,3.8,320,6624.0,Dec,12,Q4,Thursday
OPS-101841,2025-12-26,Operations,Noida,Compliance Request,Low,Portal,MIS,Closed,10.2,48,No,0,4.6,450,4590.0,Dec,12,Q4,Friday
OPS-101880,2025-08-26,Sales,Chennai,Compliance Request,High,Portal,Vendor Management,Closed,8.3,12,No,1,4.3,350,2905.0,Aug,8,Q3,Tuesday
OPS-102323,2025-05-24,HR,Bengaluru,Report Request,Low,Portal,Finance Ops,Escalated,9.7,48,No,1,4.1,320,3104.0,May,5,Q2,Saturday
OPS-101221,2025-02-01,Finance,Gurugram,Vendor Query,Low,Email,Finance Ops,Escalated,5.3,48,No,4,3.5,400,2120.0,Feb,2,Q1,Saturday
OPS-104071,2025-04-09,Procurement,Pune,Report Request,Medium,Teams,IT Support,Closed,8.0,24,No,0,4.8,450,3600.0,Apr,4,Q2,Wednesday
OPS-102357,2025-11-19,Procurement,Chennai,Report Request,Low,Teams,MIS,Escalated,8.3,48,No,1,5.0,400,3320.0,Nov,11,Q4,Wednesday
OPS-100210,2025-02-23,Sales,Mumbai,Compliance Request,High,Portal,Vendor Management,Pending,5.4,12,No,1,4.5,400,2160.0,Feb,2,Q1,Sunday
OPS-103743,2025-10-30,HR,Chennai,Compliance Request,Low,Email,HR Ops,Pending,22.6,48,No,0,4.1,320,7232.0,Oct,10,Q4,Thursday
OPS-100015,2025-06-01,Customer Support,Bengaluru,Vendor Query,High,Portal,Finance Ops,Closed,5.4,12,No,1,4.5,450,2430.0,Jun,6,Q2,Sunday
OPS-102897,2025-12-20,HR,Gurugram,Data Correction,Low,Email,Vendor Management,Escalated,12.2,48,No,1,4.1,350,4270.0,Dec,12,Q4,Saturday
OPS-104289,2025-03-20,IT,Chennai,Vendor Query,Medium,Teams,HR Ops,Closed,9.5,24,No,1,4.1,320,3040.0,Mar,3,Q1,Thursday
OPS-102543,2025-04-11,Operations,Hyderabad,Employee Query,Low,Teams,HR Ops,Closed,1.2,48,No,0,4.7,450,540.0,Apr,4,Q2,Friday
OPS-104490,2025-01-03,Customer Support,Gurugram,Employee Query,High,Teams,HR Ops,Closed,2.9,12,No,0,4.6,350,1015.0,Jan,1,Q1,Friday
OPS-100752,2025-03-24,Sales,Pune,Employee Query,Low,Teams,IT Support,Closed,5.4,48,No,0,4.6,400,2160.0,Mar,3,Q1,Monday
OPS-101584,2025-11-25,HR,Bengaluru,Data Correction,Medium,Email,Finance Ops,Pending,2.4,24,No,1,4.8,280,672.0,Nov,11,Q4,Tuesday
OPS-102548,2025-02-12,HR,Chennai,Invoice Query,Low,Email,IT Support,Closed,20.3,48,No,2,3.3,350,7105.0,Feb,2,Q1,Wednesday
OPS-103680,2025-08-29,Operations,Chennai,Vendor Query,Low,Teams,MIS,Closed,17.1,48,No,0,4.1,450,7695.0,Aug,8,Q3,Friday
OPS-103593,2025-07-13,Sales,Hyderabad,Report Request,Low,Teams,Finance Ops,Closed,14.9,48,No,0,5.0,400,5960.0,Jul,7,Q3,Sunday
OPS-100312,2025-08-18,Sales,Mumbai,Report Request,Medium,Portal,Vendor Management,Closed,2.9,24,No,1,3.9,400,1160.0,Aug,8,Q3,Monday
OPS-101808,2025-08-02,Sales,Hyderabad,Access Request,Medium,Portal,Vendor Management,Closed,18.5,24,No,2,3.9,350,6475.0,Aug,8,Q3,Saturday
OPS-100489,2025-10-17,IT,Bengaluru,Employee Query,Low,Portal,MIS,Pending,1.8,48,No,0,4.6,320,576.0,Oct,10,Q4,Friday
OPS-100983,2025-04-28,Procurement,Pune,Compliance Request,Low,Teams,HR Ops,Closed,17.0,48,No,1,4.2,350,5950.0,Apr,4,Q2,Monday
OPS-105000,2025-04-03,Customer Support,Mumbai,Access Request,Low,Teams,IT Support,Closed,10.7,48,No,0,4.5,450,4815.0,Apr,4,Q2,Thursday
OPS-102898,2025-01-28,Sales,Chennai,System Issue,Low,Email,HR Ops,Closed,5.8,48,No,0,4.7,350,2030.0,Jan,1,Q1,Tuesday
OPS-103726,2025-01-11,Finance,Chennai,Data Correction,Medium,Email,Finance Ops,Closed,1.5,24,No,0,5.0,350,525.0,Jan,1,Q1,Saturday
OPS-100466,2025-03-27,Customer Support,Gurugram,Data Correction,Medium,Email,Vendor Management,Closed,2.7,24,No,0,4.6,400,1080.0,Mar,3,Q1,Thursday
OPS-100078,2025-08-03,Sales,Noida,Access Request,Medium,Teams,HR Ops,Escalated,18.2,24,No,1,4.2,280,5096.0,Aug,8,Q3,Sunday
OPS-103215,2025-03-13,Customer Support,Hyderabad,System Issue,Medium,Phone,HR Ops,Closed,16.4,24,No,0,4.8,350,5740.0,Mar,3,Q1,Thursday
OPS-103922,2025-10-21,Finance,Mumbai,Vendor Query,Medium,Phone,Finance Ops,Escalated,8.2,24,No,1,5.0,450,3690.0,Oct,10,Q4,Tuesday
OPS-104726,2025-02-28,IT,Mumbai,System Issue,Medium,Email,IT Support,Closed,5.8,24,No,2,4.3,280,1624.0,Feb,2,Q1,Friday
OPS-104528,2025-04-20,HR,Hyderabad,Access Request,Medium,Portal,MIS,Closed,15.9,24,No,1,4.5,450,7155.0,Apr,4,Q2,Sunday
OPS-101194,2025-12-10,Sales,Noida,Report Request,Low,Portal,Finance Ops,Closed,20.3,48,No,0,4.4,320,6496.0,Dec,12,Q4,Wednesday
OPS-100777,2025-09-08,Procurement,Pune,Report Request,Low,Portal,Vendor Management,Pending,6.3,48,No,1,4.2,320,2016.0,Sep,9,Q3,Monday
OPS-101482,2025-06-20,IT,Noida,Compliance Request,Low,Portal,MIS,Closed,25.1,48,No,0,4.1,280,7028.0,Jun,6,Q2,Friday
OPS-102331,2025-01-05,Procurement,Hyderabad,Access Request,High,Portal,Finance Ops,Escalated,13.8,12,Yes,2,4.3,350,4830.0,Jan,1,Q1,Sunday
OPS-100820,2025-08-23,IT,Mumbai,Employee Query,Medium,Portal,HR Ops,Closed,5.6,24,No,0,4.8,450,2520.0,Aug,8,Q3,Saturday
OPS-100894,2025-11-08,Finance,Bengaluru,System Issue,Low,Email,MIS,Closed,4.6,48,No,1,4.8,280,1288.0,Nov,11,Q4,Saturday
OPS-100863,2025-05-01,HR,Pune,Report Request,Medium,Email,IT Support,Closed,11.8,24,No,0,4.7,320,3776.0,May,5,Q2,Thursday
OPS-100645,2025-02-27,Sales,Pune,Report Request,Medium,Portal,Finance Ops,Escalated,16.0,24,No,1,4.5,280,4480.0,Feb,2,Q1,Thursday
OPS-104086,2025-08-30,HR,Hyderabad,Report Request,Low,Email,Vendor Management,Pending,18.3,48,No,0,4.6,350,6405.0,Aug,8,Q3,Saturday
OPS-101857,2025-11-14,HR,Gurugram,Employee Query,Medium,Email,MIS,Closed,4.1,24,No,2,4.2,280,1148.0,Nov,11,Q4,Friday
OPS-102675,2025-05-09,Finance,Hyderabad,Compliance Request,Medium,Phone,HR Ops,Closed,8.6,24,No,0,4.7,320,2752.0,May,5,Q2,Friday
OPS-101866,2025-05-07,Sales,Pune,Report Request,High,Portal,Finance Ops,Closed,4.2,12,No,0,4.7,450,1890.0,May,5,Q2,Wednesday
OPS-102936,2025-03-09,IT,Gurugram,System Issue,Medium,Email,Finance Ops,Closed,4.5,24,No,3,3.9,280,1260.0,Mar,3,Q1,Sunday
OPS-104355,2025-09-15,Finance,Mumbai,Access Request,Medium,Portal,MIS,Closed,13.4,24,No,0,3.7,350,4690.0,Sep,9,Q3,Monday
OPS-101757,2025-09-28,Sales,Noida,System Issue,Low,Email,MIS,Pending,7.8,48,No,0,4.9,450,3510.0,Sep,9,Q3,Sunday
OPS-100495,2025-09-14,HR,Mumbai,Vendor Query,Medium,Portal,IT Support,Closed,5.6,24,No,2,3.7,400,2240.0,Sep,9,Q3,Sunday
OPS-100202,2025-04-11,HR,Gurugram,Data Correction,Low,Portal,IT Support,Closed,2.4,48,No,1,5.0,280,672.0,Apr,4,Q2,Friday
OPS-104848,2025-07-16,Finance,Mumbai,Data Correction,Critical,Email,IT Support,Pending,12.2,4,Yes,0,4.3,320,3904.0,Jul,7,Q3,Wednesday
OPS-103131,2025-05-04,IT,Gurugram,Invoice Query,Low,Email,Vendor Management,Closed,5.6,48,No,0,5.0,350,1960.0,May,5,Q2,Sunday
OPS-103117,2025-04-12,Procurement,Bengaluru,Data Correction,Medium,Portal,HR Ops,Closed,19.1,24,No,0,3.9,450,8595.0,Apr,4,Q2,Saturday
OPS-100105,2025-06-12,Operations,Gurugram,System Issue,High,Portal,Finance Ops,Escalated,12.9,12,Yes,2,4.1,450,5805.0,Jun,6,Q2,Thursday
OPS-102637,2025-03-27,HR,Noida,Vendor Query,Medium,Portal,Finance Ops,Pending,5.0,24,No,0,4.9,400,2000.0,Mar,3,Q1,Thursday
OPS-103326,2025-01-28,Operations,Mumbai,Compliance Request,Low,Portal,IT Support,Closed,5.3,48,No,0,5.0,320,1696.0,Jan,1,Q1,Tuesday
OPS-104474,2025-05-19,Operations,Hyderabad,Invoice Query,Medium,Phone,Vendor Management,Closed,10.1,24,No,1,4.5,450,4545.0,May,5,Q2,Monday
OPS-102400,2025-09-27,HR,Gurugram,Compliance Request,Medium,Email,HR Ops,Pending,6.2,24,No,0,5.0,450,2790.0,Sep,9,Q3,Saturday
OPS-103796,2025-04-12,HR,Pune,Access Request,Low,Teams,MIS,Closed,14.3,48,No,1,4.3,280,4004.0,Apr,4,Q2,Saturday
OPS-101142,2025-06-20,IT,,Vendor Query,Low,Email,HR Ops,Closed,11.5,48,No,0,4.8,280,3220.0,Jun,6,Q2,Friday
OPS-102882,2025-08-06,Customer Support,Pune,System Issue,Low,Email,Finance Ops,Closed,7.1,48,No,0,5.0,280,1988.0,Aug,8,Q3,Wednesday
OPS-100101,2025-05-16,Procurement,Noida,System Issue,Low,Email,IT Support,Closed,31.3,48,No,0,4.8,280,8764.0,May,5,Q2,Friday
OPS-104027,2025-11-23,HR,Hyderabad,Data Correction,Medium,Email,Vendor Management,Pending,7.6,24,No,0,4.9,280,2128.0,Nov,11,Q4,Sunday
OPS-101382,2025-04-23,Customer Support,Noida,Vendor Query,Low,Portal,MIS,Closed,14.2,48,No,0,4.6,400,5680.0,Apr,4,Q2,Wednesday
OPS-100130,2025-08-06,Sales,Hyderabad,Data Correction,Low,Portal,IT Support,Closed,12.3,48,No,0,4.8,350,4305.0,Aug,8,Q3,Wednesday
OPS-103752,2025-04-10,Finance,Hyderabad,Invoice Query,Low,Email,IT Support,Closed,18.2,48,No,0,4.4,350,6370.0,Apr,4,Q2,Thursday
OPS-103127,2025-07-25,IT,Noida,Compliance Request,Medium,Email,MIS,Closed,12.8,24,No,0,3.9,350,4480.0,Jul,7,Q3,Friday
OPS-101244,2025-09-23,Procurement,Hyderabad,System Issue,Low,Email,Vendor Management,Closed,4.9,48,No,0,4.7,320,1568.0,Sep,9,Q3,Tuesday
OPS-103783,2025-11-09,Customer Support,Hyderabad,Employee Query,Medium,Phone,Finance Ops,Closed,3.8,24,No,2,4.6,350,1330.0,Nov,11,Q4,Sunday
OPS-101466,2025-11-24,Customer Support,Bengaluru,Employee Query,Low,Email,MIS,Closed,10.0,48,No,1,4.6,350,3500.0,Nov,11,Q4,Monday
OPS-100354,2025-10-08,Sales,Gurugram,Vendor Query,High,Portal,Finance Ops,Closed,26.3,12,Yes,0,5.0,450,11835.0,Oct,10,Q4,Wednesday
OPS-101133,2025-10-29,Operations,Hyderabad,Compliance Request,High,Email,Vendor Management,Closed,12.6,12,Yes,1,4.2,280,3528.0,Oct,10,Q4,Wednesday
OPS-102231,2025-02-18,Operations,Mumbai,Vendor Query,Medium,Email,Vendor Management,Escalated,10.7,24,No,2,4.2,320,3424.0,Feb,2,Q1,Tuesday
OPS-102184,2025-02-08,Procurement,Bengaluru,Report Request,Low,Email,MIS,Escalated,48.4,48,Yes,2,2.7,450,21780.0,Feb,2,Q1,Saturday
OPS-103484,2025-04-01,IT,Bengaluru,Invoice Query,Low,Teams,HR Ops,Escalated,13.8,48,No,2,4.1,280,3864.0,Apr,4,Q2,Tuesday
OPS-104062,2025-12-20,Procurement,Chennai,Employee Query,Medium,Portal,HR Ops,Closed,8.4,24,No,0,4.6,450,3780.0,Dec,12,Q4,Saturday
OPS-103999,2025-06-05,Sales,Hyderabad,Invoice Query,Medium,Portal,Vendor Management,Closed,10.3,24,No,0,4.6,280,2884.0,Jun,6,Q2,Thursday
OPS-104806,2025-07-06,HR,Pune,Invoice Query,Medium,Email,IT Support,Closed,34.1,24,Yes,1,3.8,320,10912.0,Jul,7,Q3,Sunday
OPS-101730,2025-03-16,Finance,Mumbai,Access Request,Medium,Teams,MIS,Closed,11.6,24,No,1,4.6,320,3712.0,Mar,3,Q1,Sunday
OPS-104061,2025-10-05,Operations,Bengaluru,Data Correction,Low,Email,Vendor Management,Closed,3.9,48,No,0,4.9,450,1755.0,Oct,10,Q4,Sunday
OPS-101043,2025-08-01,Procurement,Gurugram,Compliance Request,Medium,Teams,HR Ops,Closed,7.9,24,No,0,4.8,350,2765.0,Aug,8,Q3,Friday
OPS-101281,2025-06-10,Finance,Chennai,Data Correction,Low,Portal,Vendor Management,Closed,12.4,48,No,0,4.9,450,5580.0,Jun,6,Q2,Tuesday
OPS-101587,2025-04-08,Procurement,Mumbai,Invoice Query,Medium,Email,Vendor Management,Closed,19.7,24,No,0,4.3,450,8865.0,Apr,4,Q2,Tuesday
OPS-103463,2025-05-19,Operations,Mumbai,Report Request,Critical,Email,Vendor Management,Closed,6.2,4,Yes,0,4.8,280,1736.0,May,5,Q2,Monday
OPS-103584,2025-08-20,Operations,Mumbai,System Issue,Low,Email,Vendor Management,Closed,15.2,48,No,0,4.9,400,6080.0,Aug,8,Q3,Wednesday
OPS-102032,2025-07-04,IT,Noida,Invoice Query,Low,Teams,IT Support,Pending,25.6,48,No,0,4.3,320,8192.0,Jul,7,Q3,Friday
OPS-100273,2025-05-27,Finance,Mumbai,Data Correction,Low,Email,Vendor Management,Closed,4.8,48,No,0,5.0,350,1680.0,May,5,Q2,Tuesday
OPS-104880,2025-06-15,Finance,Bengaluru,Employee Query,Low,Email,IT Support,Escalated,10.5,48,No,2,4.7,450,4725.0,Jun,6,Q2,Sunday
OPS-103120,2025-03-24,Operations,Hyderabad,Vendor Query,Low,Phone,Finance Ops,Pending,15.9,48,No,0,5.0,400,6360.0,Mar,3,Q1,Monday
OPS-103248,2025-12-07,Operations,Chennai,System Issue,Medium,Email,MIS,Closed,13.7,24,No,1,4.4,350,4795.0,Dec,12,Q4,Sunday
OPS-103169,2025-02-19,Sales,Hyderabad,System Issue,High,Email,IT Support,Pending,17.9,12,Yes,1,4.5,450,8055.0,Feb,2,Q1,Wednesday
OPS-104505,2025-10-18,Procurement,Noida,Data Correction,Low,Email,HR Ops,Closed,10.3,48,No,0,4.0,450,4635.0,Oct,10,Q4,Saturday
OPS-100943,2025-10-16,IT,Chennai,System Issue,Medium,Portal,Finance Ops,Closed,8.7,24,No,0,4.7,450,3915.0,Oct,10,Q4,Thursday
OPS-104871,2025-07-10,Customer Support,Gurugram,Employee Query,Low,Email,HR Ops,Closed,5.2,48,No,0,5.0,400,2080.0,Jul,7,Q3,Thursday
OPS-103564,2025-10-13,Sales,Hyderabad,Access Request,Medium,Email,IT Support,Closed,8.7,24,No,0,4.9,280,2436.0,Oct,10,Q4,Monday
OPS-102485,2025-01-13,Operations,Chennai,Compliance Request,Medium,Portal,Vendor Management,Closed,7.8,24,No,0,4.7,320,2496.0,Jan,1,Q1,Monday
OPS-101241,2025-12-25,Finance,Bengaluru,Vendor Query,Low,Email,IT Support,Closed,8.2,48,No,1,4.3,350,2870.0,Dec,12,Q4,Thursday
OPS-100795,2025-10-13,Operations,Bengaluru,Compliance Request,Low,Email,Vendor Management,Escalated,29.2,48,No,2,3.2,350,10220.0,Oct,10,Q4,Monday
OPS-103366,2025-12-01,Procurement,Noida,Report Request,Medium,Phone,HR Ops,Closed,22.2,24,No,0,4.0,400,8880.0,Dec,12,Q4,Monday
OPS-101460,2025-09-27,Customer Support,Chennai,Employee Query,Medium,Email,HR Ops,Closed,2.8,24,No,0,4.7,280,784.0,Sep,9,Q3,Saturday
OPS-100412,2025-09-21,IT,Noida,Invoice Query,Low,Email,IT Support,Escalated,26.4,48,No,2,4.6,280,7392.0,Sep,9,Q3,Sunday
OPS-104416,2025-10-17,Finance,Pune,Vendor Query,Medium,Email,MIS,Escalated,18.9,24,No,2,4.0,350,6615.0,Oct,10,Q4,Friday
OPS-101759,2025-01-27,Customer Support,Chennai,Data Correction,Low,Portal,Vendor Management,Closed,7.8,48,No,0,5.0,280,2184.0,Jan,1,Q1,Monday
OPS-104320,2025-04-08,IT,Mumbai,Invoice Query,Medium,Email,Vendor Management,Closed,8.3,24,No,0,4.8,400,3320.0,Apr,4,Q2,Tuesday
OPS-103880,2025-01-17,Procurement,Gurugram,Compliance Request,High,Teams,HR Ops,Closed,2.8,12,No,1,4.4,280,784.0,Jan,1,Q1,Friday
OPS-102464,2025-04-26,HR,Bengaluru,Access Request,Medium,Email,Vendor Management,Pending,21.6,24,No,0,4.6,400,8640.0,Apr,4,Q2,Saturday
OPS-103765,2025-08-04,Customer Support,Gurugram,Access Request,Medium,Email,HR Ops,Closed,6.1,24,No,0,5.0,280,1708.0,Aug,8,Q3,Monday
OPS-104113,2025-03-10,IT,Gurugram,System Issue,Low,Phone,IT Support,Pending,7.8,48,No,0,5.0,450,3510.0,Mar,3,Q1,Monday
OPS-100034,2025-09-28,Operations,,Vendor Query,Low,Email,IT Support,Closed,16.3,48,No,3,3.7,450,7335.0,Sep,9,Q3,Sunday
OPS-101365,2025-05-02,Procurement,Mumbai,Report Request,High,Email,Vendor Management,Closed,8.3,12,No,1,5.0,350,2905.0,May,5,Q2,Friday
OPS-102302,2025-10-18,Finance,Mumbai,Report Request,High,Phone,HR Ops,Closed,20.2,12,Yes,0,4.2,350,7070.0,Oct,10,Q4,Saturday
OPS-102264,2025-02-11,IT,Chennai,System Issue,Medium,Email,IT Support,Escalated,24.3,24,Yes,4,3.2,280,6804.0,Feb,2,Q1,Tuesday
OPS-104649,2025-07-25,Customer Support,Mumbai,Vendor Query,Medium,Phone,HR Ops,Closed,12.3,24,No,1,4.3,450,5535.0,Jul,7,Q3,Friday
OPS-101363,2025-06-22,Procurement,Hyderabad,Compliance Request,Low,Portal,IT Support,Closed,5.4,48,No,2,4.3,450,2430.0,Jun,6,Q2,Sunday
OPS-101713,2025-09-08,Sales,Gurugram,Vendor Query,Medium,Portal,IT Support,Closed,14.3,24,No,2,3.8,350,5005.0,Sep,9,Q3,Monday
OPS-104834,2025-07-06,Procurement,Noida,Employee Query,Low,Teams,Vendor Management,Closed,16.0,48,No,0,4.7,450,7200.0,Jul,7,Q3,Sunday
OPS-103721,2025-08-23,HR,Gurugram,Data Correction,Medium,Portal,Finance Ops,Closed,3.6,24,No,2,4.7,320,1152.0,Aug,8,Q3,Saturday
OPS-101671,2025-01-13,Sales,Mumbai,Report Request,Low,Teams,IT Support,Closed,27.8,48,No,1,4.4,280,7784.0,Jan,1,Q1,Monday
OPS-104240,2025-08-28,Customer Support,Pune,Vendor Query,Medium,Email,Finance Ops,Closed,7.2,24,No,0,5.0,320,2304.0,Aug,8,Q3,Thursday
OPS-100403,2025-02-27,Procurement,Pune,Invoice Query,High,Email,IT Support,Escalated,20.6,12,Yes,2,3.8,320,6592.0,Feb,2,Q1,Thursday
OPS-102005,2025-11-30,Customer Support,Bengaluru,Report Request,Low,Email,MIS,Closed,15.2,48,No,1,4.6,400,6080.0,Nov,11,Q4,Sunday
OPS-100200,2025-10-22,Procurement,Noida,Report Request,Medium,Email,Finance Ops,Pending,27.7,24,Yes,0,3.8,450,12465.0,Oct,10,Q4,Wednesday
OPS-100323,2025-11-13,Operations,Mumbai,System Issue,Medium,Phone,IT Support,Closed,3.1,24,No,0,4.7,350,1085.0,Nov,11,Q4,Thursday
OPS-104952,2025-03-29,Finance,Pune,Report Request,Low,Teams,HR Ops,Closed,9.1,48,No,1,3.9,450,4095.0,Mar,3,Q1,Saturday
OPS-102190,2025-02-05,Procurement,Bengaluru,System Issue,Low,Email,Vendor Management,Escalated,9.5,48,No,2,3.9,350,3325.0,Feb,2,Q1,Wednesday
OPS-102604,2025-09-30,Procurement,Chennai,Vendor Query,Medium,Email,HR Ops,Closed,3.9,24,No,0,5.0,320,1248.0,Sep,9,Q3,Tuesday
OPS-101873,2025-01-12,Finance,Mumbai,Compliance Request,Critical,Email,HR Ops,Closed,9.7,4,Yes,0,3.9,320,3104.0,Jan,1,Q1,Sunday
OPS-104646,2025-04-28,HR,Pune,Invoice Query,Medium,Email,MIS,Closed,3.0,24,No,0,4.7,350,1050.0,Apr,4,Q2,Monday
OPS-103389,2025-07-21,Operations,Noida,Invoice Query,Critical,Email,MIS,Closed,22.2,4,Yes,2,3.7,450,9990.0,Jul,7,Q3,Monday
OPS-101822,2025-08-30,HR,Gurugram,Employee Query,High,Teams,Finance Ops,Closed,7.6,12,No,0,4.5,350,2660.0,Aug,8,Q3,Saturday
OPS-101774,2025-11-12,Finance,Pune,Compliance Request,Critical,Email,IT Support,Closed,4.7,4,Yes,0,4.3,320,1504.0,Nov,11,Q4,Wednesday
OPS-104807,2025-08-20,Finance,Hyderabad,Access Request,Low,Email,MIS,Closed,31.9,48,No,1,4.1,450,14355.0,Aug,8,Q3,Wednesday
OPS-102526,2025-08-30,HR,Chennai,Vendor Query,Low,Email,HR Ops,Closed,3.4,48,No,2,4.5,450,1530.0,Aug,8,Q3,Saturday
OPS-104514,2025-06-02,HR,Noida,Data Correction,Low,Teams,IT Support,Closed,15.1,48,No,0,4.7,400,6040.0,Jun,6,Q2,Monday
OPS-102743,2025-06-08,Procurement,Noida,Access Request,Medium,Portal,Vendor Management,Closed,5.3,24,No,0,4.9,350,1855.0,Jun,6,Q2,Sunday
OPS-102071,2025-01-01,Operations,Pune,Compliance Request,Low,Email,MIS,Closed,14.5,48,No,0,4.8,320,4640.0,Jan,1,Q1,Wednesday
OPS-102805,2025-03-10,IT,Mumbai,Invoice Query,Low,Email,,Closed,9.1,48,No,0,4.7,400,3640.0,Mar,3,Q1,Monday
OPS-102193,2025-11-06,Finance,Bengaluru,Report Request,Medium,Teams,HR Ops,Pending,7.4,24,No,0,4.7,320,2368.0,Nov,11,Q4,Thursday
OPS-104126,2025-05-18,Procurement,Hyderabad,Compliance Request,High,Portal,HR Ops,Closed,2.2,12,No,0,5.0,280,616.0,May,5,Q2,Sunday
OPS-104869,2025-01-28,Customer Support,Bengaluru,Compliance Request,Medium,Portal,IT Support,Closed,1.1,24,No,0,5.0,400,440.0,Jan,1,Q1,Tuesday
OPS-101418,2025-05-11,Operations,Gurugram,Invoice Query,Medium,Portal,IT Support,Pending,3.6,24,No,0,4.8,350,1260.0,May,5,Q2,Sunday
OPS-102772,2025-04-28,Procurement,Mumbai,System Issue,Low,Portal,HR Ops,Closed,6.4,48,No,0,4.8,320,2048.0,Apr,4,Q2,Monday
OPS-100701,2025-08-16,Customer Support,Chennai,Vendor Query,Low,Email,Finance Ops,Escalated,8.0,48,No,1,4.7,350,2800.0,Aug,8,Q3,Saturday
OPS-102736,2025-07-05,Operations,Gurugram,Data Correction,High,Email,MIS,Closed,21.4,12,Yes,1,4.7,400,8560.0,Jul,7,Q3,Saturday
OPS-100132,2025-12-25,Sales,Gurugram,Compliance Request,Low,Teams,HR Ops,Closed,2.2,48,No,0,4.7,280,616.0,Dec,12,Q4,Thursday
OPS-102961,2025-06-27,Finance,Noida,Compliance Request,Medium,Email,HR Ops,Closed,21.6,24,No,0,3.8,450,9720.0,Jun,6,Q2,Friday
OPS-101919,2025-04-06,Sales,Mumbai,Compliance Request,Low,Email,IT Support,Escalated,29.9,48,No,2,3.1,450,13455.0,Apr,4,Q2,Sunday
OPS-101324,2025-12-25,Operations,Bengaluru,Report Request,Medium,Email,Finance Ops,Closed,8.8,24,No,0,5.0,450,3960.0,Dec,12,Q4,Thursday
OPS-102099,2025-03-23,Operations,Hyderabad,System Issue,Low,Email,Finance Ops,Pending,11.5,48,No,0,4.8,450,5175.0,Mar,3,Q1,Sunday
OPS-101651,2025-01-07,Sales,Gurugram,Vendor Query,Medium,Email,MIS,Pending,15.7,24,No,0,4.9,400,6280.0,Jan,1,Q1,Tuesday
OPS-103872,2025-11-08,Sales,Hyderabad,Data Correction,Medium,Portal,HR Ops,Closed,7.3,24,No,0,4.7,400,2920.0,Nov,11,Q4,Saturday
OPS-100841,2025-02-20,Operations,Pune,Access Request,Low,Portal,IT Support,Closed,10.4,48,No,0,4.4,320,3328.0,Feb,2,Q1,Thursday
OPS-103385,2025-02-16,Customer Support,Noida,System Issue,Medium,Phone,Vendor Management,Closed,13.9,24,No,1,4.2,450,6255.0,Feb,2,Q1,Sunday
OPS-101412,2025-03-02,Customer Support,Chennai,Vendor Query,Medium,Email,Vendor Management,Escalated,19.6,24,No,2,4.2,280,5488.0,Mar,3,Q1,Sunday
OPS-100379,2025-01-13,Finance,Gurugram,System Issue,Low,Phone,Vendor Management,Closed,15.0,48,No,2,4.3,350,5250.0,Jan,1,Q1,Monday
OPS-100251,2025-12-04,Sales,Gurugram,Invoice Query,Low,Teams,MIS,Closed,13.7,48,No,0,4.7,350,4795.0,Dec,12,Q4,Thursday
OPS-104565,2025-05-30,HR,Mumbai,Data Correction,Medium,Portal,IT Support,Closed,21.5,24,No,1,4.2,400,8600.0,May,5,Q2,Friday
OPS-102760,2025-12-16,IT,,Vendor Query,Low,Phone,MIS,Closed,2.2,48,No,0,5.0,400,880.0,Dec,12,Q4,Tuesday
OPS-102229,2025-03-10,IT,Hyderabad,System Issue,Medium,Portal,Vendor Management,Closed,4.1,24,No,0,5.0,320,1312.0,Mar,3,Q1,Monday
OPS-102799,2025-12-03,IT,Gurugram,Report Request,Medium,Email,Finance Ops,Closed,13.6,24,No,0,5.0,350,4760.0,Dec,12,Q4,Wednesday
OPS-102967,2025-01-08,Finance,Noida,Access Request,Medium,Portal,IT Support,Closed,6.8,24,No,0,4.9,280,1904.0,Jan,1,Q1,Wednesday
OPS-104955,2025-06-28,IT,Pune,Invoice Query,Low,Email,Vendor Management,Closed,11.3,48,No,0,4.1,350,3955.0,Jun,6,Q2,Saturday
OPS-102281,2025-05-10,Customer Support,Noida,Vendor Query,Medium,Phone,Vendor Management,Escalated,17.3,24,No,1,4.6,450,7785.0,May,5,Q2,Saturday
OPS-102785,2025-12-25,Sales,Pune,System Issue,Medium,Teams,Vendor Management,Closed,6.3,24,No,0,4.2,450,2835.0,Dec,12,Q4,Thursday
OPS-101246,2025-03-28,Sales,Gurugram,Compliance Request,Medium,Email,IT Support,Closed,14.6,24,No,0,4.3,320,4672.0,Mar,3,Q1,Friday
OPS-104196,2025-03-22,HR,Chennai,System Issue,Medium,Phone,Vendor Management,Closed,15.0,24,No,0,4.6,400,6000.0,Mar,3,Q1,Saturday
OPS-102210,2025-03-13,Sales,Mumbai,Report Request,Medium,Portal,Finance Ops,Closed,9.3,24,No,1,4.9,320,2976.0,Mar,3,Q1,Thursday
OPS-100361,2025-10-07,HR,Bengaluru,Access Request,Medium,Portal,MIS,Escalated,5.6,24,No,2,4.4,350,1960.0,Oct,10,Q4,Tuesday
OPS-103114,2025-12-10,Customer Support,Bengaluru,System Issue,Medium,Portal,MIS,Closed,12.3,24,No,0,4.3,400,4920.0,Dec,12,Q4,Wednesday
OPS-103332,2025-04-03,Procurement,Bengaluru,Data Correction,Low,Email,Finance Ops,Closed,9.0,48,No,0,4.4,400,3600.0,Apr,4,Q2,Thursday
OPS-100152,2025-01-13,Customer Support,Bengaluru,Report Request,Medium,Portal,HR Ops,Closed,13.8,24,No,0,4.7,450,6210.0,Jan,1,Q1,Monday
OPS-103958,2025-05-19,Finance,Noida,System Issue,Low,Teams,Finance Ops,Closed,3.1,48,No,0,4.6,400,1240.0,May,5,Q2,Monday
OPS-104591,2025-06-24,Sales,Hyderabad,Vendor Query,Medium,Email,Finance Ops,Escalated,17.2,24,No,3,3.4,450,7740.0,Jun,6,Q2,Tuesday
OPS-101984,2025-05-13,IT,Noida,Data Correction,Medium,Teams,MIS,Closed,14.5,24,No,1,5.0,450,6525.0,May,5,Q2,Tuesday
OPS-103110,2025-01-30,IT,Bengaluru,Access Request,High,Email,IT Support,Closed,9.7,12,No,0,4.5,350,3395.0,Jan,1,Q1,Thursday
OPS-102531,2025-07-22,IT,Pune,Vendor Query,Medium,Email,IT Support,Closed,9.5,24,No,1,4.4,400,3800.0,Jul,7,Q3,Tuesday
OPS-104672,2025-04-26,Procurement,Noida,Invoice Query,Medium,Email,HR Ops,Closed,11.5,24,No,1,4.2,450,5175.0,Apr,4,Q2,Saturday
OPS-102915,2025-03-07,Finance,Bengaluru,,Medium,Email,IT Support,Closed,8.9,24,No,0,4.5,320,2848.0,Mar,3,Q1,Friday
OPS-104611,2025-01-17,Procurement,Pune,Vendor Query,Low,Portal,Vendor Management,Closed,3.8,48,No,1,5.0,400,1520.0,Jan,1,Q1,Friday
OPS-100833,2025-07-14,Customer Support,Chennai,Access Request,Low,Email,Finance Ops,Closed,13.4,48,No,0,4.8,350,4690.0,Jul,7,Q3,Monday
OPS-102061,2025-05-25,IT,Chennai,Invoice Query,Medium,Teams,IT Support,Closed,32.9,24,Yes,0,3.8,450,14805.0,May,5,Q2,Sunday
OPS-104038,2025-07-25,HR,Pune,Vendor Query,Medium,Email,IT Support,Pending,14.4,24,No,1,4.5,400,5760.0,Jul,7,Q3,Friday
OPS-102901,2025-03-27,Procurement,Bengaluru,Employee Query,High,Portal,MIS,Closed,21.3,12,Yes,0,4.0,350,7455.0,Mar,3,Q1,Thursday
OPS-103970,2025-05-05,HR,Gurugram,Vendor Query,Medium,Phone,HR Ops,Closed,21.2,24,No,1,4.1,280,5936.0,May,5,Q2,Monday
OPS-104351,2025-11-22,HR,Chennai,Data Correction,Medium,Teams,MIS,Closed,10.8,24,No,0,4.3,280,3024.0,Nov,11,Q4,Saturday
OPS-101746,2025-05-27,Customer Support,Bengaluru,System Issue,High,Portal,Vendor Management,Closed,6.2,12,No,1,4.3,450,2790.0,May,5,Q2,Tuesday
OPS-103940,2025-11-27,Finance,,Vendor Query,Critical,Phone,Finance Ops,Escalated,19.4,4,Yes,1,3.7,450,8730.0,Nov,11,Q4,Thursday
OPS-104389,2025-10-10,Customer Support,Hyderabad,System Issue,Critical,Email,IT Support,Closed,7.0,4,Yes,0,4.8,350,2450.0,Oct,10,Q4,Friday
OPS-103704,2025-12-04,IT,Hyderabad,Invoice Query,High,Teams,Finance Ops,Closed,2.9,12,No,0,5.0,400,1160.0,Dec,12,Q4,Thursday
OPS-102651,2025-03-29,IT,Chennai,Compliance Request,Low,Portal,,Closed,1.8,48,No,1,5.0,280,504.0,Mar,3,Q1,Saturday
OPS-104562,2025-04-18,Sales,Gurugram,Report Request,Low,Email,IT Support,Closed,25.7,48,No,3,3.9,350,8995.0,Apr,4,Q2,Friday
OPS-100563,2025-03-25,Customer Support,Pune,Employee Query,Low,Teams,Finance Ops,Pending,25.9,48,No,2,4.3,450,11655.0,Mar,3,Q1,Tuesday
OPS-104780,2025-03-15,Customer Support,Bengaluru,Access Request,Medium,Email,HR Ops,Closed,16.5,24,No,0,4.6,400,6600.0,Mar,3,Q1,Saturday
OPS-102553,2025-05-28,IT,Pune,Vendor Query,Medium,Portal,IT Support,Closed,3.7,24,No,0,5.0,350,1295.0,May,5,Q2,Wednesday
OPS-103152,2025-09-21,Procurement,Hyderabad,Report Request,Low,Email,HR Ops,Closed,2.0,48,No,0,5.0,280,560.0,Sep,9,Q3,Sunday
OPS-103426,2025-03-28,Finance,Noida,Report Request,Low,Portal,HR Ops,Closed,9.5,48,No,0,5.0,320,3040.0,Mar,3,Q1,Friday
OPS-102175,2025-03-18,Customer Support,Pune,Employee Query,High,Email,Vendor Management,Closed,4.6,12,No,0,5.0,450,2070.0,Mar,3,Q1,Tuesday
OPS-104715,2025-11-10,IT,Gurugram,Access Request,Low,Email,HR Ops,Closed,25.8,48,No,0,4.4,450,11610.0,Nov,11,Q4,Monday
OPS-102508,2025-08-15,HR,Noida,Compliance Request,Medium,Email,Finance Ops,Pending,16.6,24,No,2,4.5,320,5312.0,Aug,8,Q3,Friday
OPS-101084,2025-02-07,Finance,Bengaluru,Invoice Query,Medium,Phone,MIS,Closed,2.9,24,No,0,4.7,280,812.0,Feb,2,Q1,Friday
OPS-103959,2025-12-23,Finance,Bengaluru,Invoice Query,High,Email,MIS,Closed,10.3,12,No,0,4.6,320,3296.0,Dec,12,Q4,Tuesday
OPS-103713,2025-07-05,HR,Bengaluru,Compliance Request,Low,Email,IT Support,Closed,5.2,48,No,0,4.4,400,2080.0,Jul,7,Q3,Saturday
OPS-103862,2025-08-14,Customer Support,Gurugram,Invoice Query,Medium,Email,Vendor Management,Escalated,15.0,24,No,1,4.0,320,4800.0,Aug,8,Q3,Thursday
OPS-100051,2025-01-14,IT,Chennai,Report Request,Medium,Portal,MIS,Closed,15.3,24,No,0,4.5,400,6120.0,Jan,1,Q1,Tuesday
OPS-103187,2025-06-23,Customer Support,Gurugram,System Issue,Medium,Email,Finance Ops,Escalated,10.7,24,No,4,4.1,350,3745.0,Jun,6,Q2,Monday
OPS-102712,2025-01-20,Finance,Hyderabad,Employee Query,Medium,Portal,HR Ops,Closed,17.7,24,No,0,4.6,280,4956.0,Jan,1,Q1,Monday
OPS-100619,2025-12-31,Customer Support,Noida,System Issue,Low,Email,Finance Ops,Closed,25.5,48,No,0,4.6,350,8925.0,Dec,12,Q4,Wednesday
OPS-104011,2025-06-04,Operations,Bengaluru,System Issue,Low,Email,Vendor Management,Closed,11.2,48,No,1,4.9,320,3584.0,Jun,6,Q2,Wednesday
OPS-103824,2025-10-10,Operations,Mumbai,Data Correction,High,Portal,MIS,Closed,6.3,12,No,0,4.1,400,2520.0,Oct,10,Q4,Friday
OPS-102988,2025-08-08,Finance,Noida,Data Correction,Critical,Email,Finance Ops,Closed,5.5,4,Yes,0,5.0,320,1760.0,Aug,8,Q3,Friday
OPS-103891,2025-12-26,HR,Chennai,Report Request,High,Email,MIS,Closed,20.8,12,Yes,0,5.0,400,8320.0,Dec,12,Q4,Friday
OPS-100052,2025-08-30,Finance,Noida,Report Request,Medium,Email,MIS,Pending,4.7,24,No,1,4.7,400,1880.0,Aug,8,Q3,Saturday
OPS-102234,2025-06-10,Procurement,Mumbai,Compliance Request,Low,Portal,HR Ops,Closed,2.8,48,No,0,5.0,400,1120.0,Jun,6,Q2,Tuesday
OPS-103938,2025-07-28,HR,Chennai,Employee Query,Medium,Email,HR Ops,Closed,7.7,24,No,0,4.6,350,2695.0,Jul,7,Q3,Monday
OPS-104144,2025-07-09,Finance,Hyderabad,Access Request,Low,Teams,Vendor Management,Closed,3.0,48,No,1,4.5,400,1200.0,Jul,7,Q3,Wednesday
OPS-100025,2025-11-10,Sales,Hyderabad,System Issue,High,Portal,MIS,Closed,17.0,12,Yes,0,4.4,280,4760.0,Nov,11,Q4,Monday
OPS-100299,2025-03-09,HR,Pune,Compliance Request,Medium,Teams,HR Ops,Closed,26.2,24,Yes,0,4.1,400,10480.0,Mar,3,Q1,Sunday
OPS-102325,2025-08-25,Customer Support,Chennai,Invoice Query,Low,Portal,MIS,Closed,20.2,48,No,0,4.2,400,8080.0,Aug,8,Q3,Monday
OPS-101400,2025-08-15,HR,Noida,Compliance Request,Medium,Portal,IT Support,Escalated,17.7,24,No,1,3.7,400,7080.0,Aug,8,Q3,Friday
OPS-102392,2025-09-23,Procurement,Gurugram,Compliance Request,Low,Portal,Vendor Management,Closed,15.5,48,No,0,4.5,280,4340.0,Sep,9,Q3,Tuesday
OPS-104976,2025-01-11,HR,Gurugram,Employee Query,High,Email,HR Ops,Pending,34.6,12,Yes,1,4.2,350,12110.0,Jan,1,Q1,Saturday
OPS-102516,2025-07-11,Finance,Gurugram,Access Request,Low,Portal,Vendor Management,Closed,9.1,48,No,3,3.6,450,4095.0,Jul,7,Q3,Friday
OPS-103209,2025-12-08,Operations,Noida,Vendor Query,Medium,Email,Finance Ops,Closed,5.4,24,No,1,4.9,350,1890.0,Dec,12,Q4,Monday
OPS-100669,2025-06-13,Operations,Gurugram,Data Correction,Medium,Email,Vendor Management,Closed,21.0,24,No,1,3.7,400,8400.0,Jun,6,Q2,Friday
OPS-103737,2025-04-11,HR,Chennai,Data Correction,Low,Teams,Vendor Management,Closed,5.9,48,No,0,4.9,400,2360.0,Apr,4,Q2,Friday
OPS-101943,2025-04-10,IT,Mumbai,Employee Query,Low,Email,MIS,Closed,10.8,48,No,1,4.5,450,4860.0,Apr,4,Q2,Thursday
OPS-103268,2025-02-08,Sales,Pune,System Issue,Critical,Email,MIS,Closed,5.7,4,Yes,0,4.7,280,1596.0,Feb,2,Q1,Saturday
OPS-101147,2025-11-24,Finance,Bengaluru,Report Request,Medium,Portal,HR Ops,Closed,12.0,24,No,0,4.7,320,3840.0,Nov,11,Q4,Monday
OPS-103798,2025-09-15,HR,Mumbai,Compliance Request,Medium,Portal,Vendor Management,Closed,46.8,24,Yes,0,3.8,320,14976.0,Sep,9,Q3,Monday
OPS-104645,2025-12-30,IT,Noida,Access Request,Medium,Email,Vendor Management,Closed,9.5,24,No,0,4.8,280,2660.0,Dec,12,Q4,Tuesday
OPS-102353,2025-12-07,Procurement,Pune,Vendor Query,Medium,Portal,HR Ops,Closed,21.8,24,No,0,4.4,450,9810.0,Dec,12,Q4,Sunday
OPS-104140,2025-12-09,Procurement,Mumbai,Compliance Request,Low,Email,Finance Ops,Closed,16.6,48,No,0,4.7,450,7470.0,Dec,12,Q4,Tuesday
OPS-104056,2025-11-11,HR,Hyderabad,Invoice Query,Medium,Portal,MIS,Closed,9.9,24,No,0,4.8,450,4455.0,Nov,11,Q4,Tuesday
OPS-101207,2025-05-28,Procurement,Bengaluru,Vendor Query,Low,Portal,HR Ops,Closed,15.6,48,No,1,3.8,400,6240.0,May,5,Q2,Wednesday
OPS-100974,2025-03-03,HR,Mumbai,Data Correction,Medium,Teams,HR Ops,Closed,13.2,24,No,0,4.3,350,4620.0,Mar,3,Q1,Monday
OPS-100525,2025-08-03,HR,Bengaluru,System Issue,Medium,Phone,Vendor Management,Closed,15.0,24,No,0,4.2,450,6750.0,Aug,8,Q3,Sunday
OPS-101606,2025-09-08,Finance,Gurugram,Data Correction,Medium,Email,Vendor Management,Closed,10.2,24,No,1,4.4,280,2856.0,Sep,9,Q3,Monday
OPS-102684,2025-01-10,HR,Gurugram,Access Request,Medium,Email,IT Support,Closed,4.5,24,No,0,5.0,320,1440.0,Jan,1,Q1,Friday
OPS-100614,2025-01-05,Operations,Mumbai,Data Correction,Medium,Portal,MIS,Closed,5.9,24,No,0,4.6,320,1888.0,Jan,1,Q1,Sunday
OPS-101978,2025-04-03,Customer Support,Noida,Data Correction,High,Teams,IT Support,Closed,24.2,12,Yes,0,3.7,320,7744.0,Apr,4,Q2,Thursday
OPS-100011,2025-11-27,IT,Pune,Data Correction,High,Email,MIS,Closed,5.4,12,No,2,4.7,320,1728.0,Nov,11,Q4,Thursday
OPS-101882,2025-06-22,Operations,Noida,Invoice Query,Medium,Teams,HR Ops,Closed,4.2,24,No,0,5.0,320,1344.0,Jun,6,Q2,Sunday
OPS-100799,2025-09-06,Sales,Bengaluru,Vendor Query,Medium,Portal,Vendor Management,Closed,14.1,24,No,1,4.1,350,4935.0,Sep,9,Q3,Saturday
OPS-103150,2025-07-15,Customer Support,Chennai,Invoice Query,High,Teams,IT Support,Closed,30.6,12,Yes,0,4.0,280,8568.0,Jul,7,Q3,Tuesday
OPS-104133,2025-06-28,Finance,Hyderabad,Compliance Request,Medium,Email,,Closed,7.6,24,No,0,4.9,350,2660.0,Jun,6,Q2,Saturday
OPS-103227,2025-12-28,Sales,Mumbai,Invoice Query,High,Email,Vendor Management,Closed,11.0,12,No,1,4.5,450,4950.0,Dec,12,Q4,Sunday
OPS-103134,2025-04-30,IT,Pune,Report Request,Low,Portal,MIS,Closed,17.1,48,No,0,4.2,400,6840.0,Apr,4,Q2,Wednesday
OPS-100938,2025-11-16,Procurement,Hyderabad,Compliance Request,Medium,Email,Vendor Management,Closed,17.0,24,No,1,4.7,450,7650.0,Nov,11,Q4,Sunday
OPS-101066,2025-06-02,Customer Support,Chennai,Vendor Query,Medium,Teams,IT Support,Pending,2.7,24,No,0,5.0,450,1215.0,Jun,6,Q2,Monday
OPS-101091,2025-01-10,Sales,Bengaluru,Access Request,Medium,Email,IT Support,Closed,13.7,24,No,1,3.8,450,6165.0,Jan,1,Q1,Friday
OPS-102581,2025-03-19,IT,Bengaluru,System Issue,High,Portal,Vendor Management,Closed,25.7,12,Yes,2,3.8,450,11565.0,Mar,3,Q1,Wednesday
OPS-104593,2025-01-19,Sales,Bengaluru,Access Request,High,Email,Finance Ops,Closed,23.8,12,Yes,0,4.1,350,8330.0,Jan,1,Q1,Sunday
OPS-103628,2025-04-30,Customer Support,Chennai,Employee Query,Medium,Email,HR Ops,Escalated,9.0,24,No,1,4.5,400,3600.0,Apr,4,Q2,Wednesday
OPS-100433,2025-04-30,IT,Bengaluru,Report Request,Medium,,Vendor Management,Closed,5.0,24,No,0,4.8,280,1400.0,Apr,4,Q2,Wednesday
OPS-103235,2025-12-06,IT,Noida,Invoice Query,Low,Email,HR Ops,Pending,7.9,48,No,3,4.2,280,2212.0,Dec,12,Q4,Saturday
OPS-100772,2025-11-02,IT,Noida,Data Correction,Medium,Email,IT Support,Closed,7.6,24,No,0,4.9,400,3040.0,Nov,11,Q4,Sunday
OPS-103469,2025-08-02,Procurement,Gurugram,System Issue,High,Email,MIS,Closed,3.1,12,No,0,5.0,320,992.0,Aug,8,Q3,Saturday
OPS-102870,2025-05-23,Operations,Hyderabad,Vendor Query,Low,Email,IT Support,Escalated,63.4,48,Yes,2,2.9,450,28530.0,May,5,Q2,Friday
OPS-103292,2025-06-23,IT,Gurugram,Employee Query,Low,Portal,Finance Ops,Closed,11.6,48,No,2,3.7,280,3248.0,Jun,6,Q2,Monday
OPS-100220,2025-07-17,Operations,Bengaluru,Invoice Query,High,Email,MIS,Escalated,9.9,12,No,4,3.6,320,3168.0,Jul,7,Q3,Thursday
OPS-101912,2025-01-04,Finance,Hyderabad,Data Correction,Medium,Portal,IT Support,Closed,1.5,24,No,1,4.5,350,525.0,Jan,1,Q1,Saturday
OPS-100907,2025-01-28,Sales,Noida,Data Correction,Low,Email,MIS,Pending,2.1,48,No,0,4.5,400,840.0,Jan,1,Q1,Tuesday
OPS-101595,2025-08-14,Procurement,Gurugram,Access Request,Low,Email,IT Support,Closed,17.4,48,No,0,3.8,450,7830.0,Aug,8,Q3,Thursday
OPS-100097,2025-11-23,IT,Bengaluru,Access Request,Medium,Email,HR Ops,Closed,2.6,24,No,0,5.0,400,1040.0,Nov,11,Q4,Sunday
OPS-101208,2025-04-28,Operations,Chennai,Data Correction,Low,Teams,Vendor Management,Escalated,14.1,48,No,1,4.0,280,3948.0,Apr,4,Q2,Monday
OPS-102126,2025-03-26,Sales,Gurugram,Invoice Query,Low,Portal,Finance Ops,Closed,28.5,48,No,0,4.3,400,11400.0,Mar,3,Q1,Wednesday
OPS-102780,2025-07-17,IT,Noida,Compliance Request,Medium,Email,MIS,Closed,9.3,24,No,2,4.1,450,4185.0,Jul,7,Q3,Thursday
OPS-101634,2025-06-17,Customer Support,Noida,Invoice Query,High,Portal,Finance Ops,Closed,7.9,12,No,0,5.0,280,2212.0,Jun,6,Q2,Tuesday
OPS-103070,2025-05-28,Customer Support,Hyderabad,Report Request,Critical,Email,HR Ops,Closed,11.1,4,Yes,0,4.6,400,4440.0,May,5,Q2,Wednesday
OPS-103009,2025-06-11,Customer Support,Bengaluru,Employee Query,High,Email,HR Ops,Closed,18.5,12,Yes,0,4.3,280,5180.0,Jun,6,Q2,Wednesday
OPS-100737,2025-06-26,Finance,Noida,Vendor Query,Medium,Portal,Vendor Management,Closed,2.4,24,No,0,5.0,280,672.0,Jun,6,Q2,Thursday
OPS-100521,2025-10-29,HR,Gurugram,System Issue,Medium,Teams,Vendor Management,Closed,10.5,24,No,2,3.5,280,2940.0,Oct,10,Q4,Wednesday
OPS-100027,2025-09-10,Procurement,Mumbai,Data Correction,Medium,Email,MIS,Pending,19.1,24,No,2,4.3,400,7640.0,Sep,9,Q3,Wednesday
OPS-100149,2025-06-20,HR,Bengaluru,Employee Query,Low,Portal,IT Support,Closed,9.9,48,No,0,5.0,320,3168.0,Jun,6,Q2,Friday
OPS-100472,2025-04-04,Customer Support,Noida,Vendor Query,Low,Email,MIS,Escalated,7.1,48,No,2,4.2,350,2485.0,Apr,4,Q2,Friday
OPS-102777,2025-05-28,Finance,Pune,Compliance Request,Medium,Email,IT Support,Closed,27.2,24,Yes,0,4.2,280,7616.0,May,5,Q2,Wednesday
OPS-102890,2025-11-23,Operations,Bengaluru,Compliance Request,Low,Email,Vendor Management,Closed,22.8,48,No,0,4.6,280,6384.0,Nov,11,Q4,Sunday
OPS-101371,2025-07-12,IT,Hyderabad,Invoice Query,Medium,Email,MIS,Escalated,3.7,24,No,2,4.2,320,1184.0,Jul,7,Q3,Saturday
OPS-103847,2025-04-21,Operations,Hyderabad,Data Correction,Low,Email,IT Support,Closed,5.9,48,No,0,5.0,400,2360.0,Apr,4,Q2,Monday
OPS-103406,2025-02-14,Operations,Gurugram,Data Correction,Low,Portal,MIS,Closed,5.4,48,No,0,5.0,400,2160.0,Feb,2,Q1,Friday
OPS-103508,2025-12-18,Finance,Hyderabad,Data Correction,Medium,Email,Vendor Management,Closed,8.0,24,No,0,4.9,320,2560.0,Dec,12,Q4,Thursday
OPS-104479,2025-08-02,Operations,Chennai,Compliance Request,Low,Teams,IT Support,Closed,24.3,48,No,0,3.9,280,6804.0,Aug,8,Q3,Saturday
OPS-102174,2025-01-02,Finance,Gurugram,Report Request,Low,Email,Vendor Management,Closed,6.4,48,No,0,5.0,400,2560.0,Jan,1,Q1,Thursday
OPS-103443,2025-12-31,IT,Gurugram,Compliance Request,Low,Portal,Finance Ops,Closed,7.4,48,No,0,4.5,400,2960.0,Dec,12,Q4,Wednesday
OPS-104949,2025-06-04,HR,Bengaluru,Employee Query,Low,Email,IT Support,Closed,13.8,48,No,0,4.5,400,5520.0,Jun,6,Q2,Wednesday
OPS-100116,2025-02-17,Sales,Pune,Data Correction,Medium,Email,,Closed,17.6,24,No,0,3.9,280,4928.0,Feb,2,Q1,Monday
OPS-102110,2025-03-06,Customer Support,Gurugram,Vendor Query,Medium,Portal,IT Support,Pending,23.6,24,No,0,4.0,350,8260.0,Mar,3,Q1,Thursday
OPS-104295,2025-09-05,HR,Pune,Report Request,Low,Portal,Finance Ops,Closed,4.0,48,No,0,5.0,350,1400.0,Sep,9,Q3,Friday
OPS-100184,2025-11-14,IT,Gurugram,Compliance Request,High, E-mail,HR Ops,Closed,26.9,12,Yes,0,4.0,450,12105.0,Nov,11,Q4,Friday
OPS-100582,2025-02-22,IT,Gurugram,Data Correction,Low,Phone,Vendor Management,Closed,17.1,48,No,0,4.3,450,7695.0,Feb,2,Q1,Saturday
OPS-103145,2025-11-05,Operations,Hyderabad,Vendor Query,Low,Phone,IT Support,Closed,24.0,48,No,0,4.6,320,7680.0,Nov,11,Q4,Wednesday
OPS-100847,2025-01-22,Operations,Gurugram,Access Request,Medium,Email,MIS,Pending,14.6,24,No,1,4.6,320,4672.0,Jan,1,Q1,Wednesday
OPS-102829,2025-07-07,Customer Support,Noida,Employee Query,Medium,Email,MIS,Closed,9.7,24,No,0,4.8,280,2716.0,Jul,7,Q3,Monday
OPS-104586,2025-04-28,Procurement,Noida,Report Request,Low,Phone,IT Support,Closed,9.9,48,No,1,4.8,450,4455.0,Apr,4,Q2,Monday
OPS-102445,2025-07-09,Operations,Mumbai,Compliance Request,High,Email,HR Ops,Closed,10.1,12,No,2,3.9,320,3232.0,Jul,7,Q3,Wednesday
OPS-100174,2025-07-09,Sales,Chennai,Compliance Request,Medium,Teams,Vendor Management,Closed,4.6,24,No,0,5.0,280,1288.0,Jul,7,Q3,Wednesday
OPS-104629,2025-09-10,HR,Pune,Compliance Request,High,Teams,HR Ops,Closed,11.5,12,No,0,5.0,450,5175.0,Sep,9,Q3,Wednesday
OPS-102823,2025-11-22,IT,Mumbai,Invoice Query,Medium,Portal,MIS,Closed,9.4,24,No,0,4.9,320,3008.0,Nov,11,Q4,Saturday
OPS-102469,2025-06-04,Procurement,Hyderabad,Compliance Request,High,Email,HR Ops,Escalated,47.9,12,Yes,1,3.5,350,16765.0,Jun,6,Q2,Wednesday
OPS-101477,2025-07-07,HR,Pune,System Issue,Low,Portal,IT Support,Closed,1.4,48,No,0,5.0,280,392.0,Jul,7,Q3,Monday
OPS-103733,2025-07-30,IT,Mumbai,Data Correction,Low,Teams,Finance Ops,Closed,11.9,48,No,0,4.5,350,4165.0,Jul,7,Q3,Wednesday
OPS-102861,2025-07-15,HR,Bengaluru,Compliance Request,Medium,Email,MIS,Closed,5.2,24,No,0,5.0,400,2080.0,Jul,7,Q3,Tuesday
OPS-102247,2025-11-16,IT,Gurugram,Invoice Query,Low,Email,IT Support,Closed,5.6,48,No,0,5.0,350,1960.0,Nov,11,Q4,Sunday
OPS-103494,2025-09-03,Procurement,Noida,Data Correction,Medium,Portal,MIS,Closed,16.3,24,No,1,4.0,350,5705.0,Sep,9,Q3,Wednesday
OPS-103132,2025-05-01,Sales,Gurugram,Employee Query,High,Email,Finance Ops,Closed,13.2,12,Yes,0,4.2,320,4224.0,May,5,Q2,Thursday
OPS-100895,2025-01-07,Sales,Mumbai,Data Correction,Medium,Teams,IT Support,Closed,7.4,24,No,0,5.0,450,3330.0,Jan,1,Q1,Tuesday
OPS-104273,2025-11-30,Finance,Chennai,Data Correction,High,Email,HR Ops,Escalated,45.6,12,Yes,2,2.7,400,18240.0,Nov,11,Q4,Sunday
OPS-103873,2025-04-06,Finance,Chennai,Vendor Query,Medium,Email,MIS,Closed,11.9,24,No,1,4.2,350,4165.0,Apr,4,Q2,Sunday
OPS-100331,2025-06-21,Customer Support,Hyderabad,Invoice Query,High,Portal,Vendor Management,Closed,14.6,12,Yes,1,4.2,350,5110.0,Jun,6,Q2,Saturday
OPS-102004,2025-09-08,Customer Support,Hyderabad,Invoice Query,High,Portal,IT Support,Closed,12.8,12,Yes,0,4.3,350,4480.0,Sep,9,Q3,Monday
OPS-102994,2025-04-11,Procurement,Chennai,Invoice Query,Low,Portal,HR Ops,Closed,5.1,48,No,1,4.6,400,2040.0,Apr,4,Q2,Friday
OPS-103390,2025-05-06,Procurement,Bengaluru,Compliance Request,Low,Portal,HR Ops,Closed,14.2,48,No,0,4.6,280,3976.0,May,5,Q2,Tuesday
OPS-104546,2025-03-17,Customer Support,Bengaluru,Invoice Query,Low,Email,,Escalated,8.2,48,No,2,4.2,350,2870.0,Mar,3,Q1,Monday
OPS-103946,2025-03-11,Sales,Pune,Employee Query,Medium,Email,HR Ops,Closed,6.9,24,No,0,4.4,450,3105.0,Mar,3,Q1,Tuesday
OPS-100745,2025-05-13,IT,Noida,System Issue,Medium,Email,Vendor Management,Closed,2.1,24,No,1,4.4,400,840.0,May,5,Q2,Tuesday
OPS-103225,2025-10-10,Sales,Mumbai,System Issue,High,Phone,Finance Ops,Closed,10.4,12,No,0,4.5,280,2912.0,Oct,10,Q4,Friday
OPS-101426,2025-04-11,Procurement,Gurugram,Employee Query,Medium,Email,IT Support,Closed,31.2,24,Yes,0,4.8,450,14040.0,Apr,4,Q2,Friday
OPS-104509,2025-05-20,HR,Chennai,System Issue,Medium,Portal,HR Ops,Closed,7.2,24,No,0,4.7,280,2016.0,May,5,Q2,Tuesday
OPS-104150,2025-02-16,IT,Chennai,Access Request,Medium,Email,HR Ops,Closed,4.2,24,No,0,4.8,400,1680.0,Feb,2,Q1,Sunday
OPS-102605,2025-07-02,Operations,Gurugram,Employee Query,High,Email,Vendor Management,Closed,19.6,12,Yes,0,4.5,400,7840.0,Jul,7,Q3,Wednesday
OPS-103640,2025-01-21,Customer Support,Pune,Employee Query,Medium,Email,Finance Ops,Closed,12.1,24,No,0,4.2,350,4235.0,Jan,1,Q1,Tuesday
OPS-100163,2025-05-14,IT,Bengaluru,Compliance Request,Medium,Teams,Finance Ops,Pending,20.1,24,No,0,3.9,350,7035.0,May,5,Q2,Wednesday
OPS-103347,2025-05-07,Sales,Noida,Invoice Query,Low,Phone,Vendor Management,Closed,6.2,48,No,0,5.0,320,1984.0,May,5,Q2,Wednesday
OPS-101041,2025-10-13,IT,Chennai,Data Correction,Medium,Teams,MIS,Closed,8.4,24,No,1,4.6,350,2940.0,Oct,10,Q4,Monday
OPS-100370,2025-10-26,Customer Support,Bengaluru,Report Request,High,Portal,IT Support,Closed,11.7,12,No,0,4.4,350,4095.0,Oct,10,Q4,Sunday
OPS-100038,2025-12-30,Finance,Mumbai,Vendor Query,Critical,Portal,MIS,Closed,2.0,4,No,1,4.9,320,640.0,Dec,12,Q4,Tuesday
OPS-104600,2025-04-03,Customer Support,Noida ,Access Request,Low,Email,IT Support,Closed,22.8,48,No,0,3.6,450,10260.0,Apr,4,Q2,Thursday
OPS-103001,2025-10-29,Procurement,Mumbai,Compliance Request,High,Email,Vendor Management,Closed,13.8,12,Yes,0,4.8,350,4830.0,Oct,10,Q4,Wednesday
OPS-103289,2025-01-08,Customer Support,Noida,Employee Query,Medium,Portal,MIS,Closed,1.6,24,No,1,4.7,320,512.0,Jan,1,Q1,Wednesday
OPS-103691,2025-09-21,Operations,Mumbai,Access Request,Medium,Portal,Finance Ops,Escalated,57.8,24,Yes,1,3.5,400,23120.0,Sep,9,Q3,Sunday
OPS-100266,2025-09-11,Sales,Noida,System Issue,Low,Teams,Vendor Management,Closed,8.7,48,No,0,4.9,400,3480.0,Sep,9,Q3,Thursday
OPS-104818,2025-06-25,Operations,Noida,,Low,Phone,IT Support,Escalated,0.7,48,No,1,4.9,320,224.0,Jun,6,Q2,Wednesday
OPS-102147,2025-04-17,Procurement,Chennai,Employee Query,Low,Email,Vendor Management,Closed,8.4,48,No,0,5.0,320,2688.0,Apr,4,Q2,Thursday
OPS-101680,2025-07-07,HR,Chennai,System Issue,Medium,Email,Vendor Management,Closed,17.3,24,No,1,3.8,450,7785.0,Jul,7,Q3,Monday
OPS-100099,2025-12-10,Operations,Chennai,Compliance Request,Medium,Email,Vendor Management,Closed,8.0,24,No,0,4.4,350,2800.0,Dec,12,Q4,Wednesday
OPS-103923,2025-03-03,Procurement,Gurugram,System Issue,Low,Portal,Vendor Management,Closed,11.2,48,No,0,4.8,400,4480.0,Mar,3,Q1,Monday
OPS-103005,2025-04-19,Customer Support,Pune,Invoice Query,High,Email,HR Ops,Escalated,16.2,12,Yes,3,3.9,280,4536.0,Apr,4,Q2,Saturday
OPS-104566,2025-09-03,Operations,Hyderabad,Compliance Request,Medium,Email,MIS,Closed,11.9,24,No,0,4.9,280,3332.0,Sep,9,Q3,Wednesday
OPS-101042,2025-10-18,Customer Support,Pune,Data Correction,Medium,Portal,MIS,Closed,19.2,24,No,1,4.2,450,8640.0,Oct,10,Q4,Saturday
OPS-100490,2025-06-29,Procurement,Noida,Compliance Request,Low,Email,MIS,Closed,4.2,48,No,0,4.4,320,1344.0,Jun,6,Q2,Sunday
OPS-104561,2025-05-14,HR,Bengaluru,Report Request,High,Email,Finance Ops,Closed,7.0,12,No,0,4.9,450,3150.0,May,5,Q2,Wednesday
OPS-102312,2025-10-30,Customer Support,Bengaluru,Access Request,Medium,Portal,HR Ops,Closed,15.5,24,No,1,4.3,350,5425.0,Oct,10,Q4,Thursday
OPS-102297,2025-08-03,IT,,Employee Query,Medium,Teams,MIS,Closed,18.2,24,No,0,4.4,350,6370.0,Aug,8,Q3,Sunday
OPS-103557,2025-10-04,Sales,Hyderabad,Access Request,Low,Portal,MIS,Escalated,19.4,48,No,2,4.1,350,6790.0,Oct,10,Q4,Saturday
OPS-102678,2025-01-03,Procurement,Pune,Access Request,Low,Email,Finance Ops,Closed,6.6,48,No,1,4.5,450,2970.0,Jan,1,Q1,Friday
OPS-104423,2025-11-27,HR,Noida,Compliance Request,Low,Portal,Finance Ops,Closed,8.0,48,No,1,4.4,280,2240.0,Nov,11,Q4,Thursday
OPS-100404,2025-12-08,Finance,Gurugram,Access Request,Medium,Email,Finance Ops,Closed,7.9,24,No,0,4.6,350,2765.0,Dec,12,Q4,Monday
OPS-101430,2025-11-26,Finance,Chennai,Invoice Query,Medium,Portal,Finance Ops,Closed,18.5,24,No,1,3.8,350,6475.0,Nov,11,Q4,Wednesday
OPS-102489,2025-06-30,Finance,Mumbai,Employee Query,Low,Phone,HR Ops,Escalated,2.4,48,No,2,4.5,350,840.0,Jun,6,Q2,Monday
OPS-101273,2025-10-29,Procurement,Gurugram,Compliance Request,Critical,Phone,Vendor Management,Closed,11.7,4,Yes,0,5.0,350,4095.0,Oct,10,Q4,Wednesday
OPS-104865,2025-12-09,IT,Bengaluru,Data Correction,Medium,Email,MIS,Closed,9.4,24,No,1,4.9,320,3008.0,Dec,12,Q4,Tuesday
OPS-103941,2025-11-29,Operations,Chennai,Employee Query,Medium,Portal,HR Ops,Closed,5.6,24,No,0,4.8,400,2240.0,Nov,11,Q4,Saturday
OPS-101731,2025-10-15,HR,Gurugram,System Issue,Medium,Email,,Closed,1.9,24,No,0,5.0,320,608.0,Oct,10,Q4,Wednesday
OPS-101935,2025-08-25,Sales,Bengaluru,Vendor Query,High,Teams,Vendor Management,Closed,5.2,12,No,2,4.3,280,1456.0,Aug,8,Q3,Monday
OPS-101712,2025-06-13,Finance,Noida,Invoice Query,Medium,Phone,IT Support,Closed,21.9,24,No,1,4.7,320,7008.0,Jun,6,Q2,Friday
OPS-100946,2025-07-17,HR,Bengaluru,Invoice Query,Medium,Email,HR Ops,Closed,10.0,24,No,0,5.0,280,2800.0,Jul,7,Q3,Thursday
OPS-102617,2025-05-02,Sales,Noida,Vendor Query,High,Email,MIS,Closed,5.1,12,No,0,5.0,280,1428.0,May,5,Q2,Friday
OPS-104609,2025-12-10,Customer Support,Pune,Report Request,High,Portal,,Closed,4.5,12,No,1,5.0,350,1575.0,Dec,12,Q4,Wednesday
OPS-102228,2025-08-30,Sales,Gurugram,System Issue,Low,Email,MIS,Closed,30.4,48,No,0,4.5,350,10640.0,Aug,8,Q3,Saturday
OPS-100362,2025-04-24,Customer Support,Gurugram,Employee Query,Low,Email,,Closed,13.2,48,No,0,4.3,320,4224.0,Apr,4,Q2,Thursday
OPS-103565,2025-02-26,Sales,Noida,Vendor Query,Low,Phone,HR Ops,Closed,15.9,48,No,0,4.9,320,5088.0,Feb,2,Q1,Wednesday
OPS-100649,2025-01-01,Operations,Chennai,Access Request,Medium,Portal,Vendor Management,Closed,7.7,24,No,2,4.4,320,2464.0,Jan,1,Q1,Wednesday
OPS-104638,2025-03-14,Procurement,Pune,System Issue,Medium,Teams,Finance Ops,Closed,6.6,24,No,0,4.4,350,2310.0,Mar,3,Q1,Friday
OPS-100364,2025-12-08,HR,Bengaluru,Data Correction,Medium, E-mail,MIS,Closed,9.0,24,No,0,5.0,320,2880.0,Dec,12,Q4,Monday
OPS-101488,2025-12-15,Finance,Hyderabad,Compliance Request,Low,Phone,IT Support,Closed,10.5,48,No,0,4.6,320,3360.0,Dec,12,Q4,Monday
OPS-102903,2025-01-17,IT,Chennai,Compliance Request,Medium,Email,IT Support,Closed,7.9,24,No,1,4.9,350,2765.0,Jan,1,Q1,Friday
OPS-101699,2025-07-11,Sales,Bengaluru,Data Correction,Low,Portal,IT Support,Closed,1.6,48,No,0,5.0,450,720.0,Jul,7,Q3,Friday
OPS-102669,2025-04-21,Procurement,Gurugram,System Issue,Medium,Email,Vendor Management,Escalated,23.0,24,No,2,3.7,450,10350.0,Apr,4,Q2,Monday
OPS-102889,2025-07-15,Procurement,Pune,Compliance Request,Medium,Email,HR Ops,Closed,7.9,24,No,0,4.7,350,2765.0,Jul,7,Q3,Tuesday
OPS-100436,2025-04-02,IT,Chennai,Access Request,Medium,Email,MIS,Closed,15.3,24,No,0,4.4,320,4896.0,Apr,4,Q2,Wednesday
OPS-103797,2025-10-07,Sales,Gurugram,System Issue,Medium,Email,Vendor Management,Closed,8.8,24,No,0,5.0,450,3960.0,Oct,10,Q4,Tuesday
OPS-101115,2025-04-25,Finance,Mumbai,Compliance Request,Medium,Email,Finance Ops,Pending,8.2,24,No,0,5.0,320,2624.0,Apr,4,Q2,Friday
OPS-101926,2025-12-01,IT,Gurugram,Vendor Query,Medium,Teams,Finance Ops,Closed,18.0,24,No,1,,450,8100.0,Dec,12,Q4,Monday
OPS-102537,2025-03-20,Operations,Gurugram,Employee Query,High,Teams,IT Support,Escalated,31.3,12,Yes,1,3.8,350,10955.0,Mar,3,Q1,Thursday
OPS-101408,2025-10-23,HR,Mumbai,Invoice Query,Low,Phone,Vendor Management,Closed,0.9,48,No,1,4.5,320,288.0,Oct,10,Q4,Thursday
OPS-101432,2025-11-07,Customer Support,Gurugram,Employee Query,Medium,Teams,Finance Ops,Closed,4.4,24,No,0,5.0,350,1540.0,Nov,11,Q4,Friday
OPS-100793,2025-04-08,Sales,Mumbai,Compliance Request,Medium,Portal,MIS,Closed,8.3,24,No,1,4.9,280,2324.0,Apr,4,Q2,Tuesday
OPS-103921,2025-02-15,HR,Mumbai,Employee Query,High,Portal,IT Support,Pending,6.7,12,No,1,4.4,350,2345.0,Feb,2,Q1,Saturday
OPS-104457,2025-09-15,Sales,Hyderabad,Access Request,High,Email,HR Ops,Closed,4.1,12,No,1,5.0,280,1148.0,Sep,9,Q3,Monday
OPS-104655,2025-01-30,Procurement,Pune,Access Request,Medium,Email,MIS,Closed,7.6,24,No,0,4.7,400,3040.0,Jan,1,Q1,Thursday
OPS-102475,2025-07-02,Procurement,Bengaluru,Vendor Query,High,Email,Vendor Management,Closed,13.2,12,Yes,0,4.4,350,4620.0,Jul,7,Q3,Wednesday
OPS-104083,2025-10-06,Sales,Bengaluru,Report Request,Medium,Teams,MIS,Pending,6.1,24,No,0,5.0,320,1952.0,Oct,10,Q4,Monday
OPS-104459,2025-12-29,IT,Hyderabad,Invoice Query,Low,Email,Vendor Management,Closed,13.3,48,No,1,4.3,350,4655.0,Dec,12,Q4,Monday
OPS-101591,2025-05-03,Finance,Gurugram,System Issue,High,Phone,MIS,Closed,25.9,12,Yes,0,4.3,400,10360.0,May,5,Q2,Saturday
OPS-103277,2025-06-17,Operations,Bengaluru,System Issue,Low,Portal,Finance Ops,Closed,17.2,48,No,0,4.7,350,6020.0,Jun,6,Q2,Tuesday
OPS-104500,2025-08-30,IT,Noida,Report Request,Medium,Teams,Finance Ops,Closed,6.7,24,No,0,5.0,280,1876.0,Aug,8,Q3,Saturday
OPS-100758,2025-06-22,Customer Support,Noida,Employee Query,Low,Teams,IT Support,Closed,3.0,48,No,1,4.3,450,1350.0,Jun,6,Q2,Sunday
OPS-101063,2025-01-23,Sales,Mumbai,Report Request,High,Email,HR Ops,Closed,13.2,12,Yes,1,4.7,320,4224.0,Jan,1,Q1,Thursday
OPS-104117,2025-11-14,Operations,Hyderabad,Compliance Request,Medium,Teams,Finance Ops,Closed,13.9,24,No,0,4.9,450,6255.0,Nov,11,Q4,Friday
OPS-101337,2025-11-22,Customer Support,Chennai,Compliance Request,Low,Email,Finance Ops,Closed,12.6,48,No,1,4.1,350,4410.0,Nov,11,Q4,Saturday
OPS-101247,2025-02-24,Finance,Gurugram,Vendor Query,Medium,Portal,IT Support,Closed,19.6,24,No,0,4.7,350,6860.0,Feb,2,Q1,Monday
OPS-103470,2025-09-06,IT,Hyderabad,Report Request,Low,Email,IT Support,Closed,9.2,48,No,0,4.7,320,2944.0,Sep,9,Q3,Saturday
OPS-104670,2025-12-01,Sales,Chennai,System Issue,Low,Teams,Vendor Management,Closed,9.0,48,No,0,4.3,400,3600.0,Dec,12,Q4,Monday
OPS-100147,2025-08-25,Procurement,Chennai,Compliance Request,Low,Teams,Vendor Management,Closed,4.7,48,No,0,4.9,320,1504.0,Aug,8,Q3,Monday
OPS-104720,2025-07-28,Customer Support,Mumbai,Employee Query,Low,Teams,MIS,Pending,12.7,48,No,0,4.9,280,3556.0,Jul,7,Q3,Monday
OPS-100020,2025-12-10,Customer Support,Hyderabad,Vendor Query,Medium,Email,MIS,Closed,47.2,24,Yes,0,2.7,320,15104.0,Dec,12,Q4,Wednesday
OPS-100593,2025-05-13,Finance,Bengaluru,Invoice Query,Medium,Email,MIS,Closed,8.8,24,No,1,4.5,450,3960.0,May,5,Q2,Tuesday
OPS-104532,2025-10-22,Operations,Pune,,Low,Email,IT Support,Closed,7.0,48,No,1,5.0,320,2240.0,Oct,10,Q4,Wednesday
OPS-104823,2025-10-14,Customer Support,Mumbai,Employee Query,High,Email,IT Support,Closed,18.8,12,Yes,1,4.5,400,7520.0,Oct,10,Q4,Tuesday
OPS-102979,2025-09-25,Customer Support,Chennai,Report Request,Low,Email,Finance Ops,Closed,3.5,48,No,0,4.9,450,1575.0,Sep,9,Q3,Thursday
OPS-103653,2025-02-23,Procurement,Hyderabad,Employee Query,Medium,Email,Finance Ops,Closed,5.1,24,No,0,5.0,400,2040.0,Feb,2,Q1,Sunday
OPS-102239,2025-05-23,HR,Chennai,Access Request,High,Email,Vendor Management,Closed,15.0,12,Yes,0,4.5,450,6750.0,May,5,Q2,Friday
OPS-100164,2025-10-11,Finance,Bengaluru,System Issue,Low,Email,Vendor Management,Closed,4.9,48,No,0,4.9,350,1715.0,Oct,10,Q4,Saturday
OPS-104794,2025-03-11,HR,Bengaluru,System Issue,Medium,Portal,MIS,Closed,30.6,24,Yes,0,4.3,400,12240.0,Mar,3,Q1,Tuesday
OPS-101078,2025-01-15,Sales,Bengaluru,Employee Query,Low,Portal,Vendor Management,Closed,27.3,48,No,0,4.2,320,8736.0,Jan,1,Q1,Wednesday
OPS-100771,2025-09-16,Operations,Noida,Compliance Request,Critical,Portal,IT Support,Closed,2.3,4,No,0,4.4,320,736.0,Sep,9,Q3,Tuesday
OPS-104412,2025-03-04,Procurement,Hyderabad,Employee Query,Medium,Portal,Vendor Management,Closed,10.6,24,No,0,4.7,320,3392.0,Mar,3,Q1,Tuesday
OPS-102285,2025-05-29,Customer Support,Hyderabad,Employee Query,Medium,Email,Vendor Management,Pending,2.0,24,No,0,5.0,450,900.0,May,5,Q2,Thursday
OPS-103582,2025-02-06,Sales,Bengaluru,Invoice Query,Low,Portal,Vendor Management,Closed,4.1,48,No,0,4.9,280,1148.0,Feb,2,Q1,Thursday
OPS-102077,2025-03-10,HR,Chennai,Report Request,Medium,Phone,IT Support,Closed,4.6,24,No,0,5.0,350,1610.0,Mar,3,Q1,Monday
OPS-103790,2025-10-30,Sales,Mumbai,,Low,Email,Finance Ops,Closed,13.8,48,No,0,4.8,450,6210.0,Oct,10,Q4,Thursday
OPS-102495,2025-07-10,Customer Support,Hyderabad,Access Request,High,Portal,Vendor Management,Closed,3.9,12,No,0,4.4,400,1560.0,Jul,7,Q3,Thursday
OPS-103575,2025-05-15,Sales,Hyderabad,Data Correction,Medium,Email,IT Support,Closed,19.0,24,No,0,4.9,280,5320.0,May,5,Q2,Thursday
OPS-101306,2025-12-30,Customer Support,Pune,Access Request,Low,Phone,Vendor Management,Escalated,18.4,48,No,2,3.9,450,8280.0,Dec,12,Q4,Tuesday
OPS-103381,2025-07-15,Finance,Bengaluru,Employee Query,Low,Email,MIS,Pending,10.3,48,No,0,4.6,280,2884.0,Jul,7,Q3,Tuesday
OPS-102865,2025-05-07,HR,Noida,Vendor Query,Medium,Email,MIS,Pending,13.9,24,No,0,4.9,450,6255.0,May,5,Q2,Wednesday
OPS-100428,2025-05-04,IT,Hyderabad,Access Request,Low,Phone,HR Ops,Closed,21.6,48,No,0,4.6,350,7560.0,May,5,Q2,Sunday
OPS-104711,2025-02-17,Customer Support,Hyderabad,Employee Query,Low,Portal,IT Support,Escalated,24.0,48,No,2,3.7,350,8400.0,Feb,2,Q1,Monday
OPS-102089,2025-03-14,Procurement,Pune,System Issue,Medium,Portal,Vendor Management,Closed,6.7,24,No,0,4.5,450,3015.0,Mar,3,Q1,Friday
OPS-104891,2025-05-13,Sales,Gurugram,Report Request,Medium,,HR Ops,Pending,5.6,24,No,1,5.0,400,2240.0,May,5,Q2,Tuesday
OPS-101940,2025-12-21,Finance,Hyderabad,Employee Query,Low,Phone,HR Ops,Pending,15.2,48,No,2,4.4,280,4256.0,Dec,12,Q4,Sunday
OPS-103082,2025-07-10,Customer Support,Mumbai,Report Request,Medium,Portal,,Pending,10.7,24,No,0,4.3,450,4815.0,Jul,7,Q3,Thursday
OPS-100111,2025-05-15,Customer Support,Noida,Access Request,Medium,Email,IT Support,Closed,23.7,24,No,0,4.4,450,10665.0,May,5,Q2,Thursday
OPS-101568,2025-01-09,IT,Noida,Data Correction,Medium,Email,HR Ops,Escalated,11.6,24,No,1,4.5,350,4060.0,Jan,1,Q1,Thursday
OPS-103086,2025-04-27,Sales,Gurugram,Invoice Query,High,Email,MIS,Closed,3.0,12,No,0,5.0,350,1050.0,Apr,4,Q2,Sunday
OPS-102163,2025-02-21,Operations,Gurugram,Report Request,Medium,Email,HR Ops,Closed,9.3,24,No,0,4.6,280,2604.0,Feb,2,Q1,Friday
OPS-101322,2025-08-25,HR,Pune,System Issue,Medium,Portal,MIS,Closed,18.4,24,No,0,4.6,350,6440.0,Aug,8,Q3,Monday
OPS-104542,2025-05-30,Sales,Mumbai,Invoice Query,High,Teams,Vendor Management,Escalated,23.5,12,Yes,1,4.8,320,7520.0,May,5,Q2,Friday
OPS-103128,2025-03-04,Sales,Gurugram,System Issue,Low,Teams,HR Ops,Closed,16.1,48,No,0,4.7,450,7245.0,Mar,3,Q1,Tuesday
OPS-103745,2025-09-13,HR,Gurgaon,Access Request,High,Teams,Vendor Management,Closed,18.1,12,Yes,1,4.4,350,6335.0,Sep,9,Q3,Saturday
OPS-101739,2025-08-24,Finance,Bengaluru,Access Request,High,Portal,Vendor Management,Closed,14.8,12,Yes,1,3.9,450,6660.0,Aug,8,Q3,Sunday
OPS-103223,2025-09-19,Operations,Mumbai,Employee Query,High,Email,Vendor Management,Closed,15.3,12,Yes,2,3.9,450,6885.0,Sep,9,Q3,Friday
OPS-101013,2025-11-15,Procurement,Gurugram,Report Request,Medium,Email,MIS,Closed,12.9,24,No,1,4.4,320,4128.0,Nov,11,Q4,Saturday
OPS-100357,2025-02-27,IT,Gurugram,Compliance Request,Low,Email,MIS,Closed,35.1,48,No,2,3.1,450,15795.0,Feb,2,Q1,Thursday
OPS-100973,2025-04-04,Finance,Hyderabad,Data Correction,Low,Teams,Vendor Management,Escalated,17.2,48,No,3,3.3,400,6880.0,Apr,4,Q2,Friday
OPS-101404,2025-07-20,HR,Hyderabad,Employee Query,Low,Email,MIS,Closed,7.5,48,No,0,4.1,320,2400.0,Jul,7,Q3,Sunday
OPS-103571,2025-10-09,Procurement,Bengaluru,Invoice Query,Low,Email,HR Ops,Closed,8.9,48,No,0,4.4,320,2848.0,Oct,10,Q4,Thursday
OPS-103298,2025-12-06,Finance,Hyderabad,System Issue,Medium,Phone,IT Support,Pending,27.8,24,Yes,0,3.7,450,12510.0,Dec,12,Q4,Saturday
OPS-100789,2025-09-09,Operations,Mumbai,Compliance Request,Medium,Portal,Vendor Management,Closed,19.0,24,No,0,4.5,450,8550.0,Sep,9,Q3,Tuesday
OPS-103631,2025-04-28,IT,Bengaluru,Access Request,Medium,Email,Vendor Management,Closed,9.2,24,No,1,4.6,350,3220.0,Apr,4,Q2,Monday
OPS-102201,2025-08-02,HR,Bengaluru,Access Request,Medium,Phone,MIS,Closed,3.3,24,No,0,4.6,450,1485.0,Aug,8,Q3,Saturday
OPS-104123,2025-11-22,HR,Gurugram,Access Request,Medium,Teams,IT Support,Escalated,35.5,24,Yes,1,4.0,400,14200.0,Nov,11,Q4,Saturday
OPS-103987,2025-07-06,HR,Hyderabad,System Issue,Low,Portal,IT Support,Closed,9.3,48,No,1,4.4,400,3720.0,Jul,7,Q3,Sunday
OPS-100158,2025-10-11,HR,Mumbai,Report Request,Medium,Portal,HR Ops,Closed,4.4,24,No,1,4.5,400,1760.0,Oct,10,Q4,Saturday
OPS-102473,2025-03-27,Operations,Hyderabad,Access Request,medium,Email,Finance Ops,Pending,1.5,24,No,0,4.8,320,480.0,Mar,3,Q1,Thursday
OPS-102035,2025-07-03,Procurement,Gurugram,Compliance Request,Low,Email,MIS,Closed,20.9,48,No,0,3.9,350,7315.0,Jul,7,Q3,Thursday
OPS-101037,2025-12-27,Procurement,Pune,Vendor Query,Low,Portal,IT Support,Escalated,30.6,48,No,2,3.9,400,12240.0,Dec,12,Q4,Saturday
OPS-104282,2025-07-16,HR,Mumbai,Compliance Request,Medium,Email,Finance Ops,Closed,9.4,24,No,0,4.4,320,3008.0,Jul,7,Q3,Wednesday
OPS-103305,2025-05-27,Operations,Hyderabad,Report Request,Medium,Email,IT Support,Closed,13.8,24,No,1,4.1,450,6210.0,May,5,Q2,Tuesday
OPS-100849,2025-01-01,HR,Chennai,System Issue,Low,Portal,Finance Ops,Closed,21.0,48,No,0,4.7,320,6720.0,Jan,1,Q1,Wednesday
OPS-103753,2025-01-31,Finance,Mumbai,Employee Query,Low,Portal,MIS,Closed,8.1,48,No,0,4.2,350,2835.0,Jan,1,Q1,Friday
OPS-104851,2025-05-18,Procurement,Mumbai,System Issue,Medium,Portal,Vendor Management,Closed,23.8,24,No,0,4.2,280,6664.0,May,5,Q2,Sunday
OPS-102506,2025-03-23,HR,Bengaluru,Employee Query,Medium,Portal,HR Ops,Closed,11.1,24,No,0,4.9,400,4440.0,Mar,3,Q1,Sunday
OPS-101050,2025-03-30,Finance,Hyderabad,Data Correction,Medium,Email,IT Support,Closed,6.8,24,No,1,4.5,350,2380.0,Mar,3,Q1,Sunday
OPS-100384,2025-01-20,IT,Bengaluru,Employee Query,Medium,Email,HR Ops,Closed,15.6,24,No,0,5.0,400,6240.0,Jan,1,Q1,Monday
OPS-104407,2025-02-08,HR,Noida,Compliance Request,Low,Portal,Vendor Management,Pending,28.5,48,No,1,4.0,280,7980.0,Feb,2,Q1,Saturday
OPS-102251,2025-05-26,HR,Noida,Employee Query,Low,Portal,HR Ops,Pending,18.4,48,No,0,4.5,450,8280.0,May,5,Q2,Monday
OPS-100154,2025-11-23,Operations,Pune,System Issue,Medium,Portal,IT Support,Escalated,13.1,24,No,2,4.7,400,5240.0,Nov,11,Q4,Sunday
OPS-101197,2025-10-12,Customer Support,Pune,Report Request,Medium,Portal,Vendor Management,Closed,9.6,24,No,2,4.1,450,4320.0,Oct,10,Q4,Sunday
OPS-101844,2025-01-09,IT,Gurugram,Invoice Query,Low,Email,Vendor Management,Closed,6.7,48,No,0,5.0,320,2144.0,Jan,1,Q1,Thursday
OPS-103156,2025-04-20,Finance,Gurugram,Invoice Query,Medium,Portal,HR Ops,Closed,14.3,24,No,1,3.9,400,5720.0,Apr,4,Q2,Sunday
OPS-102171,2025-04-16,Finance,Bengaluru,Report Request,Medium,Portal,MIS,Escalated,12.9,24,No,1,5.0,320,4128.0,Apr,4,Q2,Wednesday
OPS-104572,2025-05-18,Procurement,Mumbai,Invoice Query,Low,Teams,Vendor Management,Closed,4.4,48,No,1,4.7,350,1540.0,May,5,Q2,Sunday
OPS-100286,2025-09-11,Operations,Noida,Data Correction,Low,Portal,Finance Ops,Closed,18.1,48,No,0,4.4,400,7240.0,Sep,9,Q3,Thursday
OPS-104868,2025-07-02,HR,Gurugram,Report Request,Medium,Email,IT Support,Closed,7.6,24,No,0,5.0,450,3420.0,Jul,7,Q3,Wednesday
OPS-100414,2025-03-01,Sales,Pune,Compliance Request,Medium,Portal,IT Support,Escalated,12.6,24,No,3,3.9,350,4410.0,Mar,3,Q1,Saturday
OPS-100542,2025-07-11,Customer Support,Hyderabad,Data Correction,Medium,Email,Vendor Management,Closed,15.8,24,No,1,4.5,450,7110.0,Jul,7,Q3,Friday
OPS-101259,2025-09-06,IT,Gurugram,System Issue,High,Portal,Vendor Management,Pending,5.6,12,No,2,4.8,400,2240.0,Sep,9,Q3,Saturday
OPS-100522,2025-09-10,Finance,Bengaluru,System Issue,Low,Portal,Finance Ops,Closed,6.2,48,No,0,4.7,400,2480.0,Sep,9,Q3,Wednesday
OPS-104890,2025-10-04,Procurement,Bengaluru,Invoice Query,High,Portal,MIS,Closed,18.4,12,Yes,0,4.2,280,5152.0,Oct,10,Q4,Saturday
OPS-100280,2025-06-10,Operations,Gurugram,Report Request,Low,Email,Vendor Management,Closed,10.4,48,No,1,4.4,280,2912.0,Jun,6,Q2,Tuesday
OPS-101614,2025-04-24,IT,Gurugram,Invoice Query,Medium,Email,Vendor Management,Closed,5.2,24,No,0,4.9,350,1820.0,Apr,4,Q2,Thursday
OPS-100591,2025-08-11,Sales,Mumbai,Employee Query,Medium,Email,IT Support,Escalated,14.3,24,No,2,4.5,280,4004.0,Aug,8,Q3,Monday
OPS-102755,2025-12-22,HR,Bengaluru,Report Request,Medium,Portal,MIS,Closed,9.5,24,No,0,4.7,350,3325.0,Dec,12,Q4,Monday
OPS-100321,2025-04-07,Operations,Hyderabad,Access Request,medium,Email,HR Ops,Pending,5.8,48,No,1,4.7,350,2030.0,Apr,4,Q2,Monday
OPS-102382,2025-01-07,Finance,Gurugram,System Issue,Low,Teams,MIS,Closed,15.6,48,No,2,4.7,450,7020.0,Jan,1,Q1,Tuesday
OPS-100984,2025-11-20,Sales,Mumbai,Vendor Query,Low,Portal,MIS,Closed,7.4,48,No,0,4.7,350,2590.0,Nov,11,Q4,Thursday
OPS-102030,2025-11-02,Customer Support,Chennai,Data Correction,Low,Phone,HR Ops,Closed,9.3,48,No,0,5.0,320,2976.0,Nov,11,Q4,Sunday
OPS-103500,2025-03-11,Customer Support,Bengaluru,Access Request,Medium,Email,Finance Ops,Closed,10.1,24,No,0,4.7,400,4040.0,Mar,3,Q1,Tuesday
OPS-102244,2025-03-18,Customer Support,Pune,Access Request,Low,Phone,IT Support,Closed,2.7,48,No,0,5.0,320,864.0,Mar,3,Q1,Tuesday
OPS-101993,2025-04-17,HR,Chennai,Report Request,Low,Email,HR Ops,Escalated,16.7,48,No,2,4.3,320,5344.0,Apr,4,Q2,Thursday
OPS-100322,2025-10-11,HR,Mumbai,System Issue,Medium,Portal,IT Support,Closed,9.3,24,No,0,5.0,320,2976.0,Oct,10,Q4,Saturday
OPS-104770,2025-06-15,Sales,,Compliance Request,Medium,Email,HR Ops,Escalated,3.2,24,No,1,5.0,280,896.0,Jun,6,Q2,Sunday
OPS-103984,2025-11-17,Operations,Gurugram,Vendor Query,Medium,Portal,Finance Ops,Closed,7.1,24,No,0,4.9,350,2485.0,Nov,11,Q4,Monday
OPS-100707,2025-08-28,Operations,Chennai,Report Request,Medium,Email,Finance Ops,Closed,31.2,24,Yes,0,4.0,280,8736.0,Aug,8,Q3,Thursday
OPS-102935,2025-06-03,Operations,Hyderabad,Access Request,Low,Email,Finance Ops,Closed,17.8,48,No,0,4.2,450,8010.0,Jun,6,Q2,Tuesday
OPS-102837,2025-04-16,Finance,Hyderabad,System Issue,Low,Email,Vendor Management,Closed,7.4,48,No,0,4.8,350,2590.0,Apr,4,Q2,Wednesday
OPS-100172,2025-12-14,HR,Hyderabad,Vendor Query,Low,Email,IT Support,Closed,7.9,48,No,0,5.0,400,3160.0,Dec,12,Q4,Sunday
OPS-100576,2025-02-21,Procurement,Pune,Employee Query,High,Email,MIS,Closed,8.5,12,No,1,5.0,280,2380.0,Feb,2,Q1,Friday
OPS-103615,2025-05-25,Customer Support,Pune,Compliance Request,Medium,Email,Finance Ops,Closed,15.2,24,No,0,4.2,280,4256.0,May,5,Q2,Sunday
OPS-104194,2025-05-06,Sales,,Compliance Request,Medium,Email,Vendor Management,Closed,9.6,24,No,2,4.5,350,3360.0,May,5,Q2,Tuesday
OPS-103541,2025-11-19,Operations,Mumbai,Employee Query,Low,Portal,IT Support,Closed,5.0,48,No,0,4.8,320,1600.0,Nov,11,Q4,Wednesday
OPS-100693,2025-05-16,Finance,Noida,Report Request,Low,Teams,IT Support,Closed,4.3,48,No,2,4.2,320,1376.0,May,5,Q2,Friday
OPS-100744,2025-12-17,Operations,Gurugram,System Issue,High,Teams,Vendor Management,Closed,21.0,12,Yes,0,4.4,280,5880.0,Dec,12,Q4,Wednesday
OPS-104796,2025-06-12,HR,Bengaluru,Compliance Request,Medium,Portal,Vendor Management,Pending,10.7,24,No,1,4.2,400,4280.0,Jun,6,Q2,Thursday
OPS-103888,2025-12-05,Customer Support,Mumbai,System Issue,Low, E-mail,IT Support,Closed,21.6,48,No,0,4.2,400,8640.0,Dec,12,Q4,Friday
OPS-100440,2025-04-27,Finance,Gurugram,Invoice Query,Medium,Email,HR Ops,Closed,4.2,24,No,0,5.0,320,1344.0,Apr,4,Q2,Sunday
OPS-100287,2025-08-15,HR,Hyderabad,Employee Query,High,Teams,Vendor Management,Escalated,9.0,12,No,2,4.5,350,3150.0,Aug,8,Q3,Friday
OPS-103100,2025-04-01,HR,Mumbai,Employee Query,Medium,Email,Vendor Management,Escalated,23.1,24,No,3,3.4,450,10395.0,Apr,4,Q2,Tuesday
OPS-100035,2025-07-09,Operations,Bengaluru,Data Correction,Medium,Phone,Finance Ops,Closed,9.7,24,No,0,4.9,350,3395.0,Jul,7,Q3,Wednesday
OPS-102610,2025-04-24,HR,Gurugram,Employee Query,Low,Teams,IT Support,Closed,14.2,48,No,0,4.4,400,5680.0,Apr,4,Q2,Thursday
OPS-100691,2025-06-13,IT,Chennai,Employee Query,Low,Email,MIS,Closed,14.8,48,No,0,4.9,320,4736.0,Jun,6,Q2,Friday
OPS-101172,2025-11-09,Customer Support,Gurugram,Compliance Request,High,Portal,HR Ops,Escalated,22.4,12,Yes,2,4.0,280,6272.0,Nov,11,Q4,Sunday
OPS-100058,2025-09-21,HR,Pune,Vendor Query,Low,Email,HR Ops,Closed,26.7,48,No,0,4.1,280,7476.0,Sep,9,Q3,Sunday
OPS-104620,2025-04-13,Operations,Chennai,Vendor Query,Medium,Email,Vendor Management,Pending,5.1,24,No,1,5.0,320,1632.0,Apr,4,Q2,Sunday
OPS-103751,2025-08-17,Operations,Bengaluru,Compliance Request,Medium,Teams,MIS,Closed,11.2,24,No,1,4.3,450,5040.0,Aug,8,Q3,Sunday
OPS-102148,2025-12-02,HR,Chennai,Vendor Query,Medium,Teams,HR Ops,Escalated,16.0,24,No,4,3.2,400,6400.0,Dec,12,Q4,Tuesday
OPS-100339,2025-10-07,Procurement,Hyderabad,Vendor Query,Low,Portal,HR Ops,Closed,16.0,48,No,0,4.7,320,5120.0,Oct,10,Q4,Tuesday
OPS-104721,2025-12-21,Procurement,Noida,Invoice Query,High,Email,HR Ops,Escalated,19.2,12,Yes,1,4.3,320,6144.0,Dec,12,Q4,Sunday
OPS-103547,2025-04-24,Sales,Pune,Compliance Request,Medium,Portal,IT Support,Closed,6.8,24,No,1,4.4,400,2720.0,Apr,4,Q2,Thursday
OPS-103279,2025-01-19,Operations,Chennai,Invoice Query,High,Teams,Vendor Management,Pending,3.3,12,No,0,5.0,280,924.0,Jan,1,Q1,Sunday
OPS-104212,2025-04-19,IT,Mumbai,Access Request,Low,Portal,HR Ops,Closed,11.9,48,No,0,4.4,450,5355.0,Apr,4,Q2,Saturday
OPS-103284,2025-08-28,Operations,Noida,Data Correction,Medium,Email,HR Ops,Closed,4.6,24,No,0,4.8,280,1288.0,Aug,8,Q3,Thursday
OPS-101640,2025-06-18,Finance,Pune,Vendor Query,Medium,Portal,HR Ops,Escalated,11.2,24,No,2,3.9,400,4480.0,Jun,6,Q2,Wednesday
OPS-100899,2025-12-29,Customer Support,Pune,System Issue,Low,Email,IT Support,Closed,3.0,48,No,1,5.0,320,960.0,Dec,12,Q4,Monday
OPS-104716,2025-12-23,HR,Gurugram,Data Correction,Low,Phone,MIS,Closed,3.3,48,No,1,5.0,320,1056.0,Dec,12,Q4,Tuesday
OPS-101911,2025-10-20,Procurement,Gurugram,Report Request,Medium,Email,MIS,Closed,12.5,24,No,0,4.2,350,4375.0,Oct,10,Q4,Monday
OPS-100095,2025-03-06,Procurement,Bengaluru,,Low,Email,IT Support,Closed,4.4,48,No,2,4.3,320,1408.0,Mar,3,Q1,Thursday
OPS-104829,2025-12-17,Operations,Chennai,Access Request,Low,Email,Vendor Management,Closed,3.8,48,No,0,5.0,400,1520.0,Dec,12,Q4,Wednesday
OPS-104036,2025-04-01,IT,Chennai,Invoice Query,Medium,Email,Vendor Management,Closed,23.3,24,No,1,3.6,320,7456.0,Apr,4,Q2,Tuesday
OPS-104064,2025-08-09,Sales,Hyderabad,Vendor Query,Low,Email,IT Support,Closed,14.1,48,No,0,4.9,280,3948.0,Aug,8,Q3,Saturday
OPS-104455,2025-07-06,IT,Hyderabad,Invoice Query,Low,Email,IT Support,Closed,9.9,48,No,0,4.8,280,2772.0,Jul,7,Q3,Sunday
OPS-103323,2025-04-28,Finance,Chennai,Access Request,Medium,Portal,HR Ops,Closed,0.9,24,No,0,4.8,320,288.0,Apr,4,Q2,Monday
OPS-104701,2025-12-13,IT,Noida,Compliance Request,Low,Phone,IT Support,Closed,19.4,48,No,0,4.2,320,6208.0,Dec,12,Q4,Saturday
OPS-100049,2025-03-30,Finance,Chennai,Report Request,Medium,Email,IT Support,Escalated,8.0,24,No,3,4.3,400,3200.0,Mar,3,Q1,Sunday
OPS-101771,2025-12-15,Customer Support,Chennai,Compliance Request,Medium,Email,Finance Ops,Closed,27.7,24,Yes,0,4.1,350,9695.0,Dec,12,Q4,Monday
OPS-101849,2025-02-10,Customer Support,Bengaluru,Compliance Request,Low,Portal,Finance Ops,Closed,9.3,48,No,0,4.7,450,4185.0,Feb,2,Q1,Monday
OPS-101421,2025-06-21,IT,Bengaluru,Compliance Request,High,Portal,HR Ops,Closed,13.3,12,Yes,0,4.2,400,5320.0,Jun,6,Q2,Saturday
OPS-102812,2025-12-22,Operations,Mumbai,Report Request,Medium,Email,Vendor Management,Escalated,5.4,24,No,4,3.6,280,1512.0,Dec,12,Q4,Monday
OPS-104963,2025-09-21,HR,Gurugram,Employee Query,Low,Email,IT Support,Closed,4.1,48,No,0,5.0,280,1148.0,Sep,9,Q3,Sunday
OPS-104193,2025-06-16,Finance,Pune,Report Request,Medium,Email,Finance Ops,Closed,11.0,24,No,0,3.9,350,3850.0,Jun,6,Q2,Monday
OPS-102266,2025-06-16,Procurement,Mumbai,Employee Query,Critical,Teams,MIS,Closed,16.1,4,Yes,0,5.0,320,5152.0,Jun,6,Q2,Monday
OPS-103240,2025-02-18,Sales,Bengaluru,Invoice Query,Medium,Teams,Vendor Management,Closed,10.4,24,No,1,5.0,320,3328.0,Feb,2,Q1,Tuesday
OPS-104256,2025-04-24,HR,Bengaluru,Report Request,Critical,Email,Vendor Management,Closed,3.6,4,No,0,5.0,450,1620.0,Apr,4,Q2,Thursday
OPS-104778,2025-12-22,Sales,Hyderabad,Data Correction,Low,Email,MIS,Escalated,12.6,48,No,3,4.1,280,3528.0,Dec,12,Q4,Monday
OPS-103363,2025-07-14,Customer Support,Gurugram,Report Request,Low,Teams,Vendor Management,Closed,4.8,48,No,0,5.0,350,1680.0,Jul,7,Q3,Monday
OPS-102877,2025-01-21,IT,Noida,Compliance Request,Medium,Email,Finance Ops,Closed,13.1,24,No,3,3.6,320,4192.0,Jan,1,Q1,Tuesday
OPS-103003,2025-05-09,Finance,Pune,System Issue,High,Email,Finance Ops,Closed,13.3,12,Yes,0,4.7,320,4256.0,May,5,Q2,Friday
OPS-100438,2025-12-12,Sales,Mumbai,Invoice Query,Medium,Portal,IT Support,Closed,17.1,24,No,0,4.9,350,5985.0,Dec,12,Q4,Friday
OPS-100350,2025-09-13,HR,Noida,Employee Query,Medium,Portal,Vendor Management,Closed,12.4,24,No,0,4.2,450,5580.0,Sep,9,Q3,Saturday
OPS-104210,2025-03-17,Operations,Noida,System Issue,Low,Portal,MIS,Closed,14.3,48,No,2,4.6,450,6435.0,Mar,3,Q1,Monday
OPS-104576,2025-08-22,Sales,Hyderabad,Compliance Request,High,Phone,IT Support,Closed,5.2,12,No,0,4.7,450,2340.0,Aug,8,Q3,Friday
OPS-104489,2025-11-07,Procurement,Hyderabad,Invoice Query,Low,Teams,HR Ops,Closed,11.1,48,No,0,5.0,350,3885.0,Nov,11,Q4,Friday
OPS-100400,2025-05-05,Finance,Gurugram,Invoice Query,Low,Phone,HR Ops,Closed,10.6,48,No,0,4.5,320,3392.0,May,5,Q2,Monday
OPS-103918,2025-03-02,Finance,Mumbai,System Issue,Medium,Email,Vendor Management,Pending,5.3,24,No,2,3.7,280,1484.0,Mar,3,Q1,Sunday
OPS-104552,2025-03-28,Sales,Hyderabad,Invoice Query,Low,Email,IT Support,Closed,14.4,48,No,1,4.2,320,4608.0,Mar,3,Q1,Friday
OPS-101508,2025-09-02,Finance,Noida,Employee Query,Critical,Portal,HR Ops,Closed,12.7,4,Yes,0,5.0,450,5715.0,Sep,9,Q3,Tuesday
OPS-100600,2025-08-27,Customer Support,Pune,Report Request,High,Portal,Finance Ops,Closed,15.2,12,Yes,1,4.6,320,4864.0,Aug,8,Q3,Wednesday
OPS-101061,2025-05-05,Procurement,Gurugram,Vendor Query,Low,Portal,IT Support,Pending,10.2,48,No,2,4.1,280,2856.0,May,5,Q2,Monday
OPS-100112,2025-07-20,Procurement,Chennai,Invoice Query,Medium,Teams,Finance Ops,Closed,11.4,24,No,0,4.7,320,3648.0,Jul,7,Q3,Sunday
OPS-102291,2025-10-27,Customer Support,Gurugram,Vendor Query,Medium,Email,Vendor Management,Closed,9.7,24,No,0,4.6,280,2716.0,Oct,10,Q4,Monday
OPS-103010,2025-09-17,IT,Hyderabad,Access Request,Low,Portal,HR Ops,Closed,18.9,48,No,1,3.5,400,7560.0,Sep,9,Q3,Wednesday
OPS-100039,2025-02-24,Finance,Mumbai,Compliance Request,Medium,Email,HR Ops,Closed,19.3,24,No,1,3.8,350,6755.0,Feb,2,Q1,Monday
OPS-102709,2025-05-12,Sales,Mumbai,Report Request,Low,Email,Vendor Management,Closed,2.9,48,No,1,4.1,450,1305.0,May,5,Q2,Monday
OPS-103344,2025-08-01,HR,Hyderabad,Report Request,Medium,Email,MIS,Closed,10.3,24,No,0,4.3,320,3296.0,Aug,8,Q3,Friday
OPS-100749,2025-02-22,HR,Noida,Compliance Request,Low,Email,IT Support,Closed,16.7,48,No,0,4.3,320,5344.0,Feb,2,Q1,Saturday
OPS-100759,2025-07-24,Customer Support,Mumbai,Employee Query,Medium,Teams,Vendor Management,Closed,46.6,24,Yes,1,4.1,350,16310.0,Jul,7,Q3,Thursday
OPS-101653,2025-08-23,Customer Support,Mumbai,Employee Query,Medium,Email,MIS,Closed,22.5,24,No,1,4.5,450,10125.0,Aug,8,Q3,Saturday
OPS-104277,2025-02-02,Operations,Bengaluru,System Issue,Low,Phone,Finance Ops,Closed,8.8,48,No,0,4.7,450,3960.0,Feb,2,Q1,Sunday
OPS-103372,2025-02-17,IT,Hyderabad,Employee Query,Medium,Email,MIS,Escalated,13.6,24,No,2,4.3,450,6120.0,Feb,2,Q1,Monday
OPS-103002,2025-01-16,HR,Hyderabad,Data Correction,High,Email,HR Ops,Closed,20.8,12,Yes,0,4.6,400,8320.0,Jan,1,Q1,Thursday
OPS-100732,2025-03-04,Sales,Noida,Access Request,Medium,Email,MIS,Closed,18.1,24,No,0,4.3,350,6335.0,Mar,3,Q1,Tuesday
OPS-102774,2025-06-10,Operations,Mumbai,Compliance Request,High,Email,Vendor Management,Pending,5.8,12,No,0,5.0,320,1856.0,Jun,6,Q2,Tuesday
OPS-101082,2025-08-19,Procurement,Chennai,Invoice Query,Low,Email,Vendor Management,Closed,9.4,48,No,1,4.6,280,2632.0,Aug,8,Q3,Tuesday
OPS-103671,2025-12-04,Finance,,Vendor Query,Low,Teams,Finance Ops,Closed,30.7,48,No,0,4.2,450,13815.0,Dec,12,Q4,Thursday
OPS-103338,2025-09-25,Procurement,Mumbai,,High,Phone,Finance Ops,Closed,18.9,12,Yes,0,4.1,350,6615.0,Sep,9,Q3,Thursday
OPS-104902,2025-05-23,Finance,Mumbai,Vendor Query,High,Email,MIS,Closed,8.7,12,No,0,5.0,320,2784.0,May,5,Q2,Friday
OPS-101338,2025-05-26,Finance,Hyderabad,Data Correction,High,Portal,MIS,Closed,8.7,12,No,1,4.9,450,3915.0,May,5,Q2,Monday
OPS-104101,2025-07-08,Customer Support,Hyderabad,Employee Query,Low,Phone,Finance Ops,Closed,33.5,48,No,0,,320,10720.0,Jul,7,Q3,Tuesday
OPS-102111,2025-03-17,Operations,Mumbai,Vendor Query,Low,Teams,Finance Ops,Closed,7.4,48,No,0,4.2,400,2960.0,Mar,3,Q1,Monday
OPS-102546,2025-07-19,Procurement,Mumbai,Invoice Query,High,Email,IT Support,Closed,4.5,12,No,1,5.0,280,1260.0,Jul,7,Q3,Saturday
OPS-104121,2025-07-07,Finance,Noida,System Issue,Low,Email,MIS,Closed,14.9,48,No,2,4.5,280,4172.0,Jul,7,Q3,Monday
OPS-103033,2025-08-01,HR,Noida,Employee Query,Medium,Portal,HR Ops,Closed,11.1,24,No,1,5.0,350,3885.0,Aug,8,Q3,Friday
OPS-100501,2025-09-04,IT,Noida,System Issue,High,Portal,Finance Ops,Closed,1.0,12,No,0,5.0,400,400.0,Sep,9,Q3,Thursday
OPS-100337,2025-08-21,Sales,,Access Request,Medium,Email,Finance Ops,Escalated,36.0,24,Yes,2,4.0,280,10080.0,Aug,8,Q3,Thursday
OPS-103493,2025-05-29,HR,Bengaluru,Data Correction,Critical,Teams,Vendor Management,Closed,6.3,4,Yes,0,5.0,450,2835.0,May,5,Q2,Thursday
OPS-101310,2025-06-07,IT,Gurugram,Employee Query,Low,Teams,HR Ops,Escalated,12.9,48,No,2,4.6,450,5805.0,Jun,6,Q2,Saturday
OPS-101251,2025-01-08,Sales,,Data Correction,High,Portal,Vendor Management,Closed,15.0,12,Yes,1,4.4,280,4200.0,Jan,1,Q1,Wednesday
OPS-102405,2025-08-26,Customer Support,Gurugram,Access Request,Medium,Portal,IT Support,Pending,7.3,24,No,0,4.7,350,2555.0,Aug,8,Q3,Tuesday
OPS-100710,2025-09-10,Sales,Hyderabad,Employee Query,Medium,Teams,IT Support,Closed,25.5,24,Yes,1,3.1,400,10200.0,Sep,9,Q3,Wednesday
OPS-101862,2025-07-27,Sales,Noida,,High,Email,Finance Ops,Escalated,46.4,12,Yes,1,4.0,450,20880.0,Jul,7,Q3,Sunday
OPS-101661,2025-06-07,IT,Noida,Data Correction,Medium,Portal,Finance Ops,Escalated,37.6,24,Yes,2,3.2,320,12032.0,Jun,6,Q2,Saturday
OPS-102545,2025-11-29,Operations,Pune,Access Request,Medium,Teams,MIS,Closed,2.1,24,No,0,5.0,400,840.0,Nov,11,Q4,Saturday
OPS-101942,2025-01-08,Finance,Chennai,Vendor Query,Medium,Phone,Finance Ops,Pending,19.2,24,No,0,5.0,320,6144.0,Jan,1,Q1,Wednesday
OPS-102750,2025-04-19,Customer Support,Chennai,Access Request,Medium,Portal,HR Ops,Closed,3.8,24,No,0,5.0,320,1216.0,Apr,4,Q2,Saturday
OPS-101178,2025-01-25,HR,Bengaluru,Report Request,Medium,Teams,Finance Ops,Closed,12.5,24,No,0,4.6,350,4375.0,Jan,1,Q1,Saturday
OPS-102494,2025-07-07,Procurement,Chennai,Invoice Query,High,Teams,IT Support,Closed,10.3,12,No,1,4.6,350,3605.0,Jul,7,Q3,Monday
OPS-100672,2025-01-20,Finance,Noida,Employee Query,Low,Email,Vendor Management,Closed,41.9,48,No,0,3.7,320,13408.0,Jan,1,Q1,Monday
OPS-100232,2025-08-28,HR,Chennai,Data Correction,Medium,Teams,MIS,Closed,13.5,24,No,0,4.5,450,6075.0,Aug,8,Q3,Thursday
OPS-103434,2025-05-06,Procurement,Gurugram,Data Correction,Medium,Email,MIS,Closed,6.3,24,No,1,5.0,320,2016.0,May,5,Q2,Tuesday
OPS-102549,2025-04-19,Operations,Gurugram,Employee Query,Low,Email,MIS,Closed,3.9,48,No,1,4.0,450,1755.0,Apr,4,Q2,Saturday
OPS-100208,2025-05-10,Customer Support,Hyderabad,Employee Query,Low,Teams,IT Support,Closed,4.9,48,No,2,4.7,320,1568.0,May,5,Q2,Saturday
OPS-103217,2025-09-19,Finance,Hyderabad,Data Correction,Medium,Portal,Finance Ops,Closed,4.2,24,No,1,4.1,350,1470.0,Sep,9,Q3,Friday
OPS-103425,2025-02-04,Finance,Noida,Employee Query,Medium,Email,MIS,Escalated,10.5,24,No,3,4.0,280,2940.0,Feb,2,Q1,Tuesday
OPS-101711,2025-07-23,Sales,Bengaluru,Report Request,Low,Email,IT Support,Closed,18.4,48,No,0,4.6,450,8280.0,Jul,7,Q3,Wednesday
OPS-104958,2025-08-22,Customer Support,Hyderabad,Report Request,Medium,Email,Vendor Management,Closed,13.8,24,No,1,4.6,400,5520.0,Aug,8,Q3,Friday
OPS-101318,2025-07-28,Sales,Pune,Employee Query,Low,Email,Finance Ops,Closed,3.7,48,No,0,4.3,320,1184.0,Jul,7,Q3,Monday
OPS-104853,2025-01-25,Procurement,Gurugram,Employee Query,Critical,Teams,IT Support,Closed,15.3,4,Yes,0,4.6,350,5355.0,Jan,1,Q1,Saturday
OPS-104058,2025-02-10,Operations,Pune,Compliance Request,High,Email,Finance Ops,Closed,13.4,12,Yes,2,3.8,450,6030.0,Feb,2,Q1,Monday
OPS-104421,2025-11-10,Sales,Pune,System Issue,High,Email,Vendor Management,Closed,31.1,12,Yes,0,4.3,400,12440.0,Nov,11,Q4,Monday
OPS-102447,2025-03-21,HR,Noida,Compliance Request,Low,Portal,HR Ops,Closed,25.9,48,No,1,4.1,450,11655.0,Mar,3,Q1,Friday
OPS-102436,2025-09-24,Customer Support,Bengaluru,Access Request,Critical,Email,Vendor Management,Escalated,17.2,4,Yes,1,4.6,350,6020.0,Sep,9,Q3,Wednesday
OPS-101673,2025-06-04,Sales,Pune,Compliance Request,Medium,Email,HR Ops,Closed,11.7,24,No,1,4.2,450,5265.0,Jun,6,Q2,Wednesday
OPS-101286,2025-02-05,Customer Support,Mumbai,Invoice Query,Medium,Portal,IT Support,Closed,14.0,24,No,0,4.8,320,4480.0,Feb,2,Q1,Wednesday
OPS-100087,2025-10-07,Sales,Chennai,Compliance Request,Medium,Email,Vendor Management,Closed,5.4,24,No,0,4.4,400,2160.0,Oct,10,Q4,Tuesday
OPS-103307,2025-03-25,HR,Mumbai,Report Request,Medium,Portal,MIS,Closed,11.8,24,No,1,5.0,450,5310.0,Mar,3,Q1,Tuesday
OPS-104746,2025-02-28,Operations,Bengaluru,System Issue,Low,Portal,HR Ops,Closed,13.4,48,No,0,4.8,280,3752.0,Feb,2,Q1,Friday
OPS-100966,2025-11-18,HR,Noida,Access Request,Medium,Email,Vendor Management,Closed,15.5,24,No,0,4.9,280,4340.0,Nov,11,Q4,Tuesday
OPS-102663,2025-01-30,HR,Bengaluru,Data Correction,Low,Teams,MIS,Closed,12.2,48,No,2,3.7,450,5490.0,Jan,1,Q1,Thursday
OPS-100262,2025-04-22,HR,Bengaluru,Report Request,Low,Portal,Vendor Management,Closed,4.7,48,No,0,5.0,400,1880.0,Apr,4,Q2,Tuesday
OPS-101471,2025-04-13,Procurement,Hyderabad,Data Correction,Medium,Email,Vendor Management,Closed,6.5,24,No,1,,320,2080.0,Apr,4,Q2,Sunday
OPS-103594,2025-07-10,HR,Pune,Invoice Query,Medium,Email,Vendor Management,Escalated,17.8,24,No,2,3.7,320,5696.0,Jul,7,Q3,Thursday
OPS-102209,2025-06-19,Procurement,Mumbai,Vendor Query,Low,Portal,HR Ops,Closed,4.3,48,No,1,4.6,450,1935.0,Jun,6,Q2,Thursday
OPS-104604,2025-09-02,Customer Support,Mumbai,Compliance Request,medium,Email,Finance Ops,Escalated,1.5,48,No,1,5.0,320,480.0,Sep,9,Q3,Tuesday
OPS-102921,2025-03-27,Sales,Chennai,System Issue,Medium,Teams,Vendor Management,Closed,3.1,24,No,1,4.8,400,1240.0,Mar,3,Q1,Thursday
OPS-102957,2025-09-19,HR,Chennai,Invoice Query,Medium,Portal,Finance Ops,Closed,10.8,24,No,1,4.4,350,3780.0,Sep,9,Q3,Friday
OPS-100042,2025-05-11,Customer Support,Noida,Compliance Request,Medium,Portal,Vendor Management,Closed,10.5,24,No,0,4.5,320,3360.0,May,5,Q2,Sunday
OPS-103832,2025-05-14,Operations,,Compliance Request,Low,Email,HR Ops,Pending,8.3,48,No,1,4.0,350,2905.0,May,5,Q2,Wednesday
OPS-102917,2025-04-08,Operations,Gurugram,Access Request,Low,Email,MIS,Closed,12.1,48,No,1,4.2,450,5445.0,Apr,4,Q2,Tuesday
OPS-103342,2025-10-28,Procurement,Noida,Invoice Query,Medium,Email,HR Ops,Closed,30.6,24,Yes,2,3.4,350,10710.0,Oct,10,Q4,Tuesday
OPS-102843,2025-04-30,IT,Mumbai,Vendor Query,Medium,Portal,Finance Ops,Closed,10.6,24,No,0,4.7,280,2968.0,Apr,4,Q2,Wednesday
OPS-102857,2025-12-04,Customer Support,Hyderabad,Access Request,Low,Teams,Vendor Management,Pending,17.0,48,No,0,4.4,320,5440.0,Dec,12,Q4,Thursday
OPS-100552,2025-02-06,Finance,Noida,Report Request,Medium,Email,Vendor Management,Pending,20.7,24,No,1,4.0,400,8280.0,Feb,2,Q1,Thursday
OPS-104849,2025-12-07,Sales,Noida,Data Correction,Medium,Teams,Vendor Management,Closed,11.6,24,No,0,4.6,350,4060.0,Dec,12,Q4,Sunday
OPS-101572,2025-03-02,Operations,Pune,Access Request,Medium,Email,HR Ops,Closed,14.4,24,No,3,4.0,320,4608.0,Mar,3,Q1,Sunday
OPS-101026,2025-05-17,Customer Support,Mumbai,Access Request,High,Email,Vendor Management,Closed,11.2,12,No,0,4.8,280,3136.0,May,5,Q2,Saturday
OPS-100131,2025-09-12,HR,Pune,Invoice Query,Low,Phone,IT Support,Escalated,25.5,48,No,2,4.6,320,8160.0,Sep,9,Q3,Friday
OPS-104934,2025-05-30,Operations,Mumbai,Access Request,Medium,Email,Vendor Management,Pending,39.6,24,Yes,2,3.0,280,11088.0,May,5,Q2,Friday
OPS-104943,2025-05-24,Customer Support,Pune,Access Request,High,Portal,Vendor Management,Closed,7.5,12,No,0,4.8,450,3375.0,May,5,Q2,Saturday
OPS-104946,2025-01-07,Sales,Gurugram,Report Request,Medium,Email,Finance Ops,Closed,6.0,24,No,1,4.7,350,2100.0,Jan,1,Q1,Tuesday
OPS-101500,2025-05-21,Procurement,Chennai,Invoice Query,Medium,Phone,Finance Ops,Closed,15.6,24,No,0,4.6,280,4368.0,May,5,Q2,Wednesday
OPS-103382,2025-02-25,IT,Chennai,Vendor Query,Medium,Portal,Finance Ops,Closed,26.6,24,Yes,0,3.7,450,11970.0,Feb,2,Q1,Tuesday
OPS-100800,2025-06-15,IT,Mumbai,System Issue,Low,Email,HR Ops,Pending,3.1,48,No,0,4.7,450,1395.0,Jun,6,Q2,Sunday
OPS-104507,2025-05-09,Procurement,Pune,Report Request,Medium,Email,Vendor Management,Closed,26.2,24,Yes,1,3.3,280,7336.0,May,5,Q2,Friday
OPS-101356,2025-05-14,Customer Support,Chennai,Compliance Request,Low,Portal,Vendor Management,Closed,27.4,48,No,1,4.1,450,12330.0,May,5,Q2,Wednesday
OPS-102699,2025-05-01,Procurement,Pune,Access Request,High,Portal,MIS,Pending,29.6,12,Yes,0,4.3,350,10360.0,May,5,Q2,Thursday
OPS-102962,2025-07-16,Procurement,Chennai,Report Request,Medium,Email,MIS,Closed,9.8,24,No,0,4.9,400,3920.0,Jul,7,Q3,Wednesday
OPS-101262,2025-03-08,Procurement,Mumbai,Employee Query,High,Phone,Vendor Management,Closed,19.6,12,Yes,0,4.5,400,7840.0,Mar,3,Q1,Saturday
OPS-103604,2025-09-16,Operations,Bengaluru,Invoice Query,Critical,Email,Vendor Management,Closed,2.1,4,No,0,4.6,450,945.0,Sep,9,Q3,Tuesday
OPS-104592,2025-10-16,Finance,Gurugram,Report Request,Low,Portal,Finance Ops,Closed,22.8,48,No,0,4.2,450,10260.0,Oct,10,Q4,Thursday
OPS-103045,2025-06-29,Operations,Hyderabad,Employee Query,Medium,Email,HR Ops,Escalated,10.2,24,No,1,4.7,450,4590.0,Jun,6,Q2,Sunday
OPS-102565,2025-12-18,Sales,Chennai,System Issue,High,Email,HR Ops,Closed,5.7,12,No,0,4.6,450,2565.0,Dec,12,Q4,Thursday
OPS-101526,2025-07-12,Sales,Hyderabad,Access Request,Medium,Email,Vendor Management,Closed,4.2,24,No,0,5.0,400,1680.0,Jul,7,Q3,Saturday
OPS-102813,2025-03-11,Finance,Chennai,Vendor Query,Medium,Portal,HR Ops,Closed,13.2,24,No,0,4.9,350,4620.0,Mar,3,Q1,Tuesday
OPS-101452,2025-02-16,HR,Chennai,Data Correction,Low,Portal,Vendor Management,Closed,11.2,48,No,1,,400,4480.0,Feb,2,Q1,Sunday
OPS-103760,2025-04-19,Procurement,Bengaluru,Employee Query,High,Phone,MIS,Closed,18.2,12,Yes,2,3.6,450,8190.0,Apr,4,Q2,Saturday
OPS-103988,2025-03-25,Finance,Chennai,Report Request,Low,Email,IT Support,Closed,14.4,48,No,0,3.8,350,5040.0,Mar,3,Q1,Tuesday
OPS-103756,2025-11-25,Finance,Gurugram,Data Correction,High,Portal,MIS,Closed,49.9,12,Yes,1,3.4,400,19960.0,Nov,11,Q4,Tuesday
OPS-104882,2025-07-22,Finance,Mumbai,Access Request,Low,Teams,Vendor Management,Pending,10.5,48,No,1,3.7,450,4725.0,Jul,7,Q3,Tuesday
OPS-103190,2025-12-27,Operations,Mumbai,Invoice Query,High,Email,MIS,Pending,7.9,12,No,0,4.9,320,2528.0,Dec,12,Q4,Saturday
OPS-104610,2025-10-09,Sales,Gurugram,Access Request,Medium,Portal,HR Ops,Closed,18.7,24,No,1,4.0,350,6545.0,Oct,10,Q4,Thursday
OPS-103310,2025-11-28,Operations,Hyderabad,Access Request,Medium,Teams,Finance Ops,Closed,24.3,24,Yes,0,3.6,350,8505.0,Nov,11,Q4,Friday
OPS-100377,2025-12-21,HR,Bengaluru,Access Request,Low,Teams,MIS,Closed,8.8,48,No,0,4.5,320,2816.0,Dec,12,Q4,Sunday
OPS-102065,2025-08-20,Procurement,Gurugram,Access Request,Medium,Email,IT Support,Escalated,18.7,24,No,1,3.8,320,5984.0,Aug,8,Q3,Wednesday
OPS-102611,2025-10-05,HR,Bengaluru,Vendor Query,High,Email,MIS,Closed,7.5,12,No,0,4.3,320,2400.0,Oct,10,Q4,Sunday
OPS-101309,2025-07-21,Finance,Gurugram,Access Request,Low,Email,IT Support,Escalated,50.0,48,Yes,2,2.8,320,16000.0,Jul,7,Q3,Monday
OPS-102068,2025-12-11,Finance,Hyderabad,Access Request,Medium,Portal,Vendor Management,Closed,7.2,24,No,0,4.9,280,2016.0,Dec,12,Q4,Thursday
OPS-103294,2025-06-07,Customer Support,Pune,System Issue,Low,Portal,Finance Ops,Closed,12.8,48,No,3,3.5,400,5120.0,Jun,6,Q2,Saturday
OPS-101872,2025-03-28,Customer Support,Chennai,Data Correction,High,Portal,HR Ops,Escalated,22.6,12,Yes,1,3.9,320,7232.0,Mar,3,Q1,Friday
OPS-100395,2025-02-20,Operations,Bengaluru,Vendor Query,Medium,Email,MIS,Closed,3.5,24,No,0,4.9,350,1225.0,Feb,2,Q1,Thursday
OPS-102980,2025-09-20,Customer Support,Noida,Access Request,Medium,Teams,Finance Ops,Closed,4.9,24,No,1,4.6,350,1715.0,Sep,9,Q3,Saturday
OPS-104178,2025-04-12,HR,Bengaluru,Employee Query,Low,Email,HR Ops,Closed,19.6,48,No,0,4.3,280,5488.0,Apr,4,Q2,Saturday
OPS-104336,2025-02-10,Sales,Bengaluru,Compliance Request,Low,Portal,IT Support,Closed,11.1,48,No,0,3.7,400,4440.0,Feb,2,Q1,Monday
OPS-100419,2025-09-19,HR,Noida,Compliance Request,Low,Phone,Vendor Management,Closed,21.6,48,No,0,4.1,400,8640.0,Sep,9,Q3,Friday
OPS-100781,2025-10-30,IT,Noida,Report Request,High,Teams,IT Support,Closed,4.2,12,No,1,4.3,280,1176.0,Oct,10,Q4,Thursday
OPS-101046,2025-12-05,Procurement,Gurugram,System Issue,Medium,Portal,Finance Ops,Escalated,35.9,24,Yes,4,3.5,320,11488.0,Dec,12,Q4,Friday
OPS-100276,2025-05-11,HR,Pune,Vendor Query,Low,Email,MIS,Closed,9.2,48,No,1,5.0,320,2944.0,May,5,Q2,Sunday
OPS-101855,2025-11-14,HR,Bengaluru,Access Request,Low,Email,HR Ops,Closed,8.9,48,No,0,4.2,400,3560.0,Nov,11,Q4,Friday
OPS-104987,2025-02-21,IT,Hyderabad,Access Request,Medium,Teams,HR Ops,Closed,19.3,24,No,0,4.3,280,5404.0,Feb,2,Q1,Friday
OPS-104369,2025-01-25,HR,Chennai,Employee Query,Medium,Email,MIS,Escalated,5.6,24,No,3,4.6,400,2240.0,Jan,1,Q1,Saturday
OPS-100540,2025-06-13,Procurement,Noida,Access Request,Critical,Email,MIS,Pending,4.7,4,Yes,0,5.0,450,2115.0,Jun,6,Q2,Friday
OPS-102765,2025-11-15,HR,Pune,System Issue,Critical,Email,Vendor Management,Closed,6.9,4,Yes,0,4.6,400,2760.0,Nov,11,Q4,Saturday
OPS-103522,2025-03-23,IT,Mumbai,Vendor Query,Low,Portal,IT Support,Closed,14.8,48,No,0,5.0,280,4144.0,Mar,3,Q1,Sunday
OPS-100329,2025-02-18,Operations,Chennai,Vendor Query,Low,Teams,IT Support,Closed,4.0,48,No,1,4.9,320,1280.0,Feb,2,Q1,Tuesday
OPS-100952,2025-11-14,Customer Support,Bengaluru,System Issue,Low,Phone,HR Ops,Escalated,33.3,48,No,4,3.0,400,13320.0,Nov,11,Q4,Friday
OPS-101965,2025-03-07,Finance,Gurugram,Access Request,Medium,Email,IT Support,Closed,12.4,24,No,0,4.5,280,3472.0,Mar,3,Q1,Friday
OPS-102846,2025-04-16,IT,Gurugram,Compliance Request,High,Portal,MIS,Closed,10.5,12,No,1,4.6,450,4725.0,Apr,4,Q2,Wednesday
OPS-100503,2025-06-09,Sales,Pune,,Low,Portal,HR Ops,Closed,6.8,48,No,0,4.7,400,2720.0,Jun,6,Q2,Monday
OPS-102416,2025-04-06,Finance,Mumbai,Employee Query,Medium,Portal,IT Support,Closed,16.0,24,No,1,4.1,400,6400.0,Apr,4,Q2,Sunday
OPS-104515,2025-10-04,Finance,Mumbai,,Medium,Teams,Vendor Management,Escalated,37.4,24,Yes,1,3.9,280,10472.0,Oct,10,Q4,Saturday
OPS-104146,2025-01-25,HR,Bengaluru,Vendor Query,Low,Email,IT Support,Closed,14.2,48,No,1,4.8,450,6390.0,Jan,1,Q1,Saturday
OPS-100363,2025-10-15,Customer Support,Pune,Invoice Query,High,Email,HR Ops,Closed,8.3,12,No,0,5.0,280,2324.0,Oct,10,Q4,Wednesday
OPS-102541,2025-03-10,Sales,Noida,Access Request,Medium,Email,HR Ops,Escalated,9.2,24,No,3,3.6,280,2576.0,Mar,3,Q1,Monday
OPS-103195,2025-08-20,IT,Gurugram,Compliance Request,Low,Portal,IT Support,Escalated,10.4,48,No,2,4.4,280,2912.0,Aug,8,Q3,Wednesday
OPS-101275,2025-07-01,Finance,Noida,System Issue,Low,Teams,MIS,Closed,29.8,48,No,1,4.3,320,9536.0,Jul,7,Q3,Tuesday
OPS-100468,2025-10-12,Operations,Noida,Access Request,Medium,Email,HR Ops,Closed,18.0,24,No,0,4.4,350,6300.0,Oct,10,Q4,Sunday
OPS-104130,2025-11-13,Finance,Mumbai,Employee Query,High,Email,Vendor Management,Escalated,11.2,12,No,2,3.6,450,5040.0,Nov,11,Q4,Thursday
OPS-100248,2025-11-04,Sales,Mumbai,Compliance Request,High,Email,MIS,Closed,1.9,12,No,1,4.8,350,665.0,Nov,11,Q4,Tuesday
OPS-101892,2025-05-30,Operations,Hyderabad,Report Request,Medium,Portal,Vendor Management,Closed,2.0,24,No,1,5.0,320,640.0,May,5,Q2,Friday
OPS-104841,2025-07-02,HR,Noida,Invoice Query,Low,Email,MIS,Closed,13.6,48,No,0,4.6,350,4760.0,Jul,7,Q3,Wednesday
OPS-103902,2025-02-16,Procurement,Hyderabad,System Issue,Medium,Email,HR Ops,Closed,17.5,24,No,0,4.7,450,7875.0,Feb,2,Q1,Sunday
OPS-100773,2025-09-25,IT,Bengaluru,Compliance Request,Low,Email,MIS,Closed,8.1,48,No,1,4.6,450,3645.0,Sep,9,Q3,Thursday
OPS-101175,2025-10-18,Procurement,Mumbai,Invoice Query,High,Phone,Finance Ops,Closed,6.9,12,No,0,5.0,320,2208.0,Oct,10,Q4,Saturday
OPS-103846,2025-08-16,IT,Gurugram,Employee Query,Medium,Portal,Vendor Management,Closed,25.1,24,Yes,0,4.7,280,7028.0,Aug,8,Q3,Saturday
OPS-102513,2025-02-11,Operations,Bengaluru,Invoice Query,Medium,Email,IT Support,Closed,0.9,24,No,1,5.0,400,360.0,Feb,2,Q1,Tuesday
OPS-104642,2025-04-03,Operations,Hyderabad,Employee Query,Medium,Email,IT Support,Escalated,23.5,24,No,2,3.6,400,9400.0,Apr,4,Q2,Thursday
OPS-100531,2025-04-25,Procurement,Chennai,Invoice Query,Low,Email,Vendor Management,Escalated,6.5,48,No,2,4.3,350,2275.0,Apr,4,Q2,Friday
OPS-100711,2025-03-23,Sales,Pune,Invoice Query,Medium,Portal,IT Support,Closed,26.4,24,Yes,0,4.0,400,10560.0,Mar,3,Q1,Sunday
OPS-102612,2025-08-01,Finance,Gurugram,Vendor Query,Low, E-mail,Finance Ops,Closed,9.5,48,No,0,,400,3800.0,Aug,8,Q3,Friday
OPS-104825,2025-03-02,Sales,Noida,Access Request,Medium,Email,Vendor Management,Escalated,16.8,24,No,3,4.2,400,6720.0,Mar,3,Q1,Sunday
OPS-103613,2025-01-16,IT,Pune,Employee Query,Low,Email,Vendor Management,Escalated,29.8,48,No,3,3.7,400,11920.0,Jan,1,Q1,Thursday
OPS-100803,2025-09-04,IT,Hyderabad,Vendor Query,Low,Email,MIS,Closed,0.6,48,No,0,4.9,280,168.0,Sep,9,Q3,Thursday
OPS-101417,2025-10-18,HR,Gurugram,Report Request,Low,Teams,HR Ops,Closed,19.6,48,No,1,4.3,350,6860.0,Oct,10,Q4,Saturday
OPS-104689,2025-07-01,Operations,Chennai,Data Correction,Medium,Teams,MIS,Closed,24.2,24,Yes,1,4.3,320,7744.0,Jul,7,Q3,Tuesday
OPS-101381,2025-06-13,Sales,Hyderabad,Vendor Query,Low,Email,Vendor Management,Escalated,1.2,48,No,3,3.6,320,384.0,Jun,6,Q2,Friday
OPS-100415,2025-04-18,Procurement,Mumbai,System Issue,High,Email,Vendor Management,Closed,15.2,12,Yes,0,4.7,350,5320.0,Apr,4,Q2,Friday
OPS-101103,2025-07-03,IT,Bengaluru,Invoice Query,Low,Portal,Finance Ops,Pending,15.8,48,No,1,4.8,450,7110.0,Jul,7,Q3,Thursday
OPS-102551,2025-01-17,Procurement,Mumbai,Invoice Query,Low,Portal,Vendor Management,Closed,21.6,48,No,2,3.9,320,6912.0,Jan,1,Q1,Friday
OPS-104594,2025-07-14,Sales,Mumbai,Invoice Query,Medium,Email,Vendor Management,Closed,6.2,24,No,1,4.6,400,2480.0,Jul,7,Q3,Monday
OPS-101373,2025-06-30,Finance,Chennai,Access Request,Low,Email,MIS,Closed,5.1,48,No,0,4.6,320,1632.0,Jun,6,Q2,Monday
OPS-101605,2025-11-24,Sales,Bengaluru,Employee Query,Low,Portal,HR Ops,Closed,11.3,48,No,0,4.2,450,5085.0,Nov,11,Q4,Monday
OPS-101790,2025-03-13,Customer Support,Chennai,Compliance Request,Critical,Phone,IT Support,Closed,5.3,4,Yes,2,3.6,450,2385.0,Mar,3,Q1,Thursday
OPS-102131,2025-08-09,Customer Support,Noida,Invoice Query,Low,Email,Vendor Management,Escalated,12.2,48,No,1,4.8,450,5490.0,Aug,8,Q3,Saturday
OPS-104878,2025-04-23,IT,,Invoice Query,Low,Teams,Vendor Management,Closed,10.6,48,No,1,4.5,350,3710.0,Apr,4,Q2,Wednesday
OPS-103376,2025-04-10,Operations,Pune,Compliance Request,Low,Portal,HR Ops,Pending,12.0,48,No,1,4.4,450,5400.0,Apr,4,Q2,Thursday
OPS-104224,2025-03-19,Customer Support,Mumbai,Vendor Query,Low,Teams,Vendor Management,Closed,16.2,48,No,0,4.2,400,6480.0,Mar,3,Q1,Wednesday
OPS-101602,2025-08-14,Operations,Gurugram,Data Correction,Medium,Email,Finance Ops,Closed,9.5,24,No,1,3.9,400,3800.0,Aug,8,Q3,Thursday
OPS-102091,2025-03-18,Procurement,Noida,Vendor Query,Medium,Portal,HR Ops,Closed,23.1,24,No,1,4.0,320,7392.0,Mar,3,Q1,Tuesday
OPS-103539,2025-03-04,IT,Chennai,Vendor Query,Medium,Teams,MIS,Closed,15.0,24,No,0,4.4,350,5250.0,Mar,3,Q1,Tuesday
OPS-103774,2025-01-28,HR,Noida,Compliance Request,High,Portal,IT Support,Closed,7.6,12,No,0,4.5,320,2432.0,Jan,1,Q1,Tuesday
OPS-104833,2025-10-18,Finance,Mumbai,Vendor Query,Medium,Portal,Finance Ops,Closed,9.4,24,No,0,4.4,450,4230.0,Oct,10,Q4,Saturday
OPS-103585,2025-05-16,Customer Support,Mumbai,System Issue,Low,Email,Vendor Management,Closed,25.5,48,No,0,5.0,280,7140.0,May,5,Q2,Friday
OPS-103854,2025-02-14,HR,Hyderabad,Compliance Request,Medium,Email,Vendor Management,Closed,15.9,24,No,0,4.8,350,5565.0,Feb,2,Q1,Friday
OPS-103532,2025-04-26,HR,Bengaluru,Invoice Query,Medium,Teams,IT Support,Closed,4.7,24,No,1,4.5,320,1504.0,Apr,4,Q2,Saturday
OPS-100671,2025-05-27,Procurement,Mumbai,System Issue,Low,Email,IT Support,Closed,5.7,48,No,0,5.0,320,1824.0,May,5,Q2,Tuesday
OPS-103315,2025-10-12,Customer Support,Chennai,Report Request,Low,Teams,HR Ops,Closed,8.0,48,No,0,4.8,400,3200.0,Oct,10,Q4,Sunday
OPS-103755,2025-05-17,Sales,Mumbai,Invoice Query,Medium,Phone,HR Ops,Closed,18.5,24,No,0,5.0,450,8325.0,May,5,Q2,Saturday
OPS-102271,2025-12-19,Procurement,Bengaluru,Report Request,Low,Phone,Vendor Management,Closed,15.4,48,No,0,4.3,320,4928.0,Dec,12,Q4,Friday
OPS-102859,2025-12-29,Customer Support,Mumbai,Vendor Query,Low,Portal,HR Ops,Closed,22.4,48,No,0,4.4,400,8960.0,Dec,12,Q4,Monday
OPS-104318,2025-03-12,IT,Gurugram,System Issue,High,Phone,Finance Ops,Closed,7.3,12,No,0,4.6,320,2336.0,Mar,3,Q1,Wednesday
OPS-104881,2025-01-14,Operations,Gurgaon,Data Correction,Medium,Email,Finance Ops,Closed,11.4,24,No,0,4.9,280,3192.0,Jan,1,Q1,Tuesday
OPS-104044,2025-06-30,Operations,Pune,Data Correction,Low,Teams,Vendor Management,Closed,9.9,48,No,3,3.6,320,3168.0,Jun,6,Q2,Monday
OPS-103971,2025-12-20,Operations,Hyderabad,Compliance Request,Medium,Email,Finance Ops,Closed,11.4,24,No,1,4.5,400,4560.0,Dec,12,Q4,Saturday
OPS-100767,2025-06-03,Finance,Gurugram,Access Request,Low,Phone,MIS,Closed,8.1,48,No,0,4.9,280,2268.0,Jun,6,Q2,Tuesday
OPS-101950,2025-10-20,Procurement,Mumbai,Report Request,Medium,Teams,HR Ops,Closed,1.4,24,No,0,5.0,280,392.0,Oct,10,Q4,Monday
OPS-104736,2025-09-02,Operations,Noida,Employee Query,High,Email,HR Ops,Closed,15.6,12,Yes,0,4.3,320,4992.0,Sep,9,Q3,Tuesday
OPS-104046,2025-03-23,Finance,Mumbai,System Issue,High,Phone,IT Support,Closed,42.6,12,Yes,1,3.3,450,19170.0,Mar,3,Q1,Sunday
OPS-102947,2025-02-27,HR,Hyderabad,Invoice Query,Low,Phone,Finance Ops,Closed,3.4,48,No,2,4.6,320,1088.0,Feb,2,Q1,Thursday
OPS-104244,2025-03-21,Sales,Pune,Access Request,Medium,Portal,MIS,Closed,27.4,24,Yes,1,4.1,400,10960.0,Mar,3,Q1,Friday
OPS-101775,2025-02-15,IT,Chennai,Compliance Request,Critical,Email,IT Support,Closed,17.5,4,Yes,0,4.1,450,7875.0,Feb,2,Q1,Saturday
OPS-100267,2025-05-20,Procurement,Bengaluru,Data Correction,High,Email,IT Support,Closed,17.2,12,Yes,0,4.4,450,7740.0,May,5,Q2,Tuesday
OPS-104354,2025-02-28,IT,Chennai,Report Request,Low,Email,IT Support,Closed,2.3,48,No,0,4.7,280,644.0,Feb,2,Q1,Friday
OPS-101348,2025-03-17,Operations,Hyderabad,Data Correction,Critical,Email,Vendor Management,Closed,17.9,4,Yes,0,4.5,350,6265.0,Mar,3,Q1,Monday
OPS-100685,2025-09-29,Operations,Hyderabad,Data Correction,High,Email,Finance Ops,Closed,22.9,12,Yes,0,4.4,350,8015.0,Sep,9,Q3,Monday
OPS-104687,2025-12-05,HR,Chennai,Employee Query,Medium,Portal,HR Ops,Pending,7.7,24,No,0,4.3,400,3080.0,Dec,12,Q4,Friday
OPS-103775,2025-11-06,Sales,Hyderabad,Data Correction,Low,Phone,HR Ops,Closed,5.2,48,No,0,5.0,350,1820.0,Nov,11,Q4,Thursday
OPS-101347,2025-06-02,Procurement,Gurugram,Invoice Query,Low,Phone,IT Support,Closed,11.8,48,No,0,4.7,320,3776.0,Jun,6,Q2,Monday
OPS-100072,2025-06-11,IT,Pune,Employee Query,Low,Email,IT Support,Closed,29.3,48,No,1,3.1,320,9376.0,Jun,6,Q2,Wednesday
OPS-104213,2025-07-02,HR,Mumbai,Report Request,Low,Email,HR Ops,Closed,26.6,48,No,0,4.4,450,11970.0,Jul,7,Q3,Wednesday
OPS-100125,2025-08-15,Customer Support,Pune,Report Request,Medium,Portal,HR Ops,Closed,15.7,24,No,0,4.0,350,5495.0,Aug,8,Q3,Friday
OPS-102394,2025-10-08,Operations,Gurugram,System Issue,Low,Email,HR Ops,Closed,3.9,48,No,0,5.0,320,1248.0,Oct,10,Q4,Wednesday
OPS-104431,2025-05-07,IT,Gurugram,Access Request,Medium,Phone,IT Support,Pending,3.7,24,No,2,4.4,320,1184.0,May,5,Q2,Wednesday
OPS-104516,2025-03-02,Procurement,Gurugram,Invoice Query,Low,Email,IT Support,Escalated,2.6,48,No,3,4.0,450,1170.0,Mar,3,Q1,Sunday
OPS-102963,2025-11-03,Procurement,Noida,Employee Query,Low,Portal,HR Ops,Closed,19.2,48,No,1,4.3,280,5376.0,Nov,11,Q4,Monday
OPS-100086,2025-02-22,Operations,Mumbai,Invoice Query,Low,Phone,MIS,Closed,5.5,48,No,0,5.0,280,1540.0,Feb,2,Q1,Saturday
OPS-102998,2025-02-01,Sales,Hyderabad,Compliance Request,Medium,Email,MIS,Closed,26.4,24,Yes,0,3.8,320,8448.0,Feb,2,Q1,Saturday
OPS-103497,2025-01-20,IT,Noida,Vendor Query,Medium,Email,IT Support,Closed,37.6,24,Yes,0,3.9,400,15040.0,Jan,1,Q1,Monday
OPS-102814,2025-03-31,Customer Support,Mumbai,Data Correction,Low,Phone,HR Ops,Closed,14.2,48,No,0,5.0,450,6390.0,Mar,3,Q1,Monday
OPS-103963,2025-11-07,Customer Support,Mumbai,Report Request,High,Phone,MIS,Closed,17.2,12,Yes,0,4.5,280,4816.0,Nov,11,Q4,Friday
OPS-101433,2025-10-30,Sales,Mumbai,Report Request,Medium,Teams,MIS,Closed,14.5,24,No,1,4.9,350,5075.0,Oct,10,Q4,Thursday
OPS-102942,2025-08-02,Operations,Pune,System Issue,Low,Email,MIS,Escalated,22.4,48,No,3,3.2,350,7840.0,Aug,8,Q3,Saturday
OPS-102493,2025-06-13,HR,Mumbai,Data Correction,Low,Email,Vendor Management,Closed,12.4,48,No,1,4.1,320,3968.0,Jun,6,Q2,Friday
OPS-104960,2025-08-11,Finance,Noida,Report Request,Low,Email,Finance Ops,Closed,8.0,48,No,1,4.1,350,2800.0,Aug,8,Q3,Monday
OPS-101765,2025-01-08,HR,Gurugram,Report Request,Low,Portal,Vendor Management,Closed,10.6,48,No,2,3.8,450,4770.0,Jan,1,Q1,Wednesday
OPS-101311,2025-04-30,Sales,Pune,Employee Query,Low,Portal,HR Ops,Closed,9.2,48,No,0,4.7,450,4140.0,Apr,4,Q2,Wednesday
OPS-102194,2025-06-21,HR,Chennai,System Issue,Low,Teams,HR Ops,Closed,39.0,48,No,1,3.5,400,15600.0,Jun,6,Q2,Saturday
OPS-104858,2025-06-20,Customer Support,Pune,Access Request,Low,Portal,IT Support,Closed,14.7,48,No,1,4.3,450,6615.0,Jun,6,Q2,Friday
OPS-103556,2025-05-06,Procurement,Gurugram,Invoice Query,High,Email,Vendor Management,Closed,2.2,12,No,0,4.2,400,880.0,May,5,Q2,Tuesday
OPS-103638,2025-06-07,Operations,Pune,System Issue,High,Email,HR Ops,Closed,9.9,12,No,0,4.5,400,3960.0,Jun,6,Q2,Saturday
OPS-104603,2025-02-17,Sales,Gurugram,Access Request,Medium, E-mail,MIS,Pending,5.0,24,No,0,5.0,320,1600.0,Feb,2,Q1,Monday
OPS-100879,2025-09-10,Customer Support,Bengaluru,Invoice Query,Medium,Phone,Vendor Management,Closed,1.4,24,No,0,4.7,280,392.0,Sep,9,Q3,Wednesday
OPS-100629,2025-09-09,Customer Support,Gurugram,Report Request,Medium,Email,IT Support,Closed,8.8,24,No,0,4.2,320,2816.0,Sep,9,Q3,Tuesday
OPS-100183,2025-05-17,Customer Support,Gurugram,Employee Query,Low,Phone,MIS,Closed,10.1,48,No,0,5.0,280,2828.0,May,5,Q2,Saturday
OPS-102668,2025-08-17,HR,Hyderabad,Compliance Request,Low,,HR Ops,Closed,14.4,48,No,1,4.8,350,5040.0,Aug,8,Q3,Sunday
OPS-103384,2025-07-12,Sales,Bengaluru,Employee Query,Low,Portal,HR Ops,Closed,10.2,48,No,0,4.1,350,3570.0,Jul,7,Q3,Saturday
OPS-100260,2025-05-24,Procurement,Bengaluru,Compliance Request,Low,Email,IT Support,Closed,6.8,48,No,1,4.1,450,3060.0,May,5,Q2,Saturday
OPS-100681,2025-05-24,IT,Hyderabad,Report Request,Medium,Email,Vendor Management,Closed,14.7,24,No,0,4.8,450,6615.0,May,5,Q2,Saturday
OPS-104342,2025-10-17,Sales,Pune,Compliance Request,Low,Email,IT Support,Closed,7.7,48,No,1,4.8,350,2695.0,Oct,10,Q4,Friday
OPS-102642,2025-12-14,Customer Support,Gurugram,Access Request,High,Phone,IT Support,Closed,7.3,12,No,0,5.0,400,2920.0,Dec,12,Q4,Sunday
OPS-104508,2025-07-15,Customer Support,Hyderabad,System Issue,Medium,Portal,Finance Ops,Closed,30.4,24,Yes,0,3.4,350,10640.0,Jul,7,Q3,Tuesday
OPS-101629,2025-10-16,Operations,Hyderabad,Data Correction,Medium,Email,MIS,Closed,31.7,24,Yes,1,3.9,320,10144.0,Oct,10,Q4,Thursday
OPS-101968,2025-09-18,Operations,Chennai,Employee Query,High,Email,Finance Ops,Closed,2.7,12,No,0,5.0,350,945.0,Sep,9,Q3,Thursday
OPS-102726,2025-09-30,Customer Support,Mumbai,System Issue,Medium,Portal,Vendor Management,Closed,8.9,24,No,0,4.8,450,4005.0,Sep,9,Q3,Tuesday
OPS-102827,2025-11-12,HR,Noida,Compliance Request,Medium,Email,Vendor Management,Closed,14.5,24,No,1,4.9,450,6525.0,Nov,11,Q4,Wednesday
OPS-103452,2025-12-07,Customer Support,Pune,Vendor Query,High,Teams,MIS,Escalated,12.2,12,Yes,2,4.5,320,3904.0,Dec,12,Q4,Sunday
OPS-103317,2025-07-21,Operations,Noida,Invoice Query,Low,Portal,Vendor Management,Escalated,19.9,48,No,2,4.1,450,8955.0,Jul,7,Q3,Monday
OPS-100082,2025-08-01,Sales,Hyderabad,Invoice Query,Low,Email,IT Support,Closed,18.6,48,No,2,3.7,320,5952.0,Aug,8,Q3,Friday
OPS-104644,2025-12-02,Operations,Mumbai,Data Correction,Low,Email,Vendor Management,Closed,10.8,48,No,1,4.1,350,3780.0,Dec,12,Q4,Tuesday
OPS-100566,2025-07-06,Finance,Gurugram,Invoice Query,Low,Email,MIS,Pending,4.8,48,No,0,5.0,320,1536.0,Jul,7,Q3,Sunday
OPS-100914,2025-10-27,Customer Support,Chennai,Employee Query,Medium,Email,Finance Ops,Closed,14.5,24,No,0,4.4,320,4640.0,Oct,10,Q4,Monday
OPS-103799,2025-12-03,HR,Chennai,System Issue,Medium,Email,Vendor Management,Pending,10.9,24,No,0,4.7,280,3052.0,Dec,12,Q4,Wednesday
OPS-101564,2025-02-23,HR,Noida,Access Request,Medium,Portal,IT Support,Escalated,28.4,24,Yes,3,3.4,450,12780.0,Feb,2,Q1,Sunday
OPS-100458,2025-07-11,Procurement,Bengaluru,Vendor Query,Low,Email,MIS,Escalated,28.9,48,No,1,4.1,280,8092.0,Jul,7,Q3,Friday
OPS-103402,2025-11-21,Finance,Hyderabad,Data Correction,Low,Portal,MIS,Closed,11.6,48,No,0,4.4,350,4060.0,Nov,11,Q4,Friday
OPS-102625,2025-05-29,HR,Noida,System Issue,Medium,Teams,IT Support,Closed,17.2,24,No,0,4.5,320,5504.0,May,5,Q2,Thursday
OPS-103782,2025-01-13,Customer Support,Chennai,Invoice Query,Low,Portal,MIS,Closed,9.9,48,No,0,5.0,280,2772.0,Jan,1,Q1,Monday
OPS-102500,2025-10-09,Operations,Bengaluru,System Issue,Low,Teams,IT Support,Escalated,13.1,48,No,2,3.8,450,5895.0,Oct,10,Q4,Thursday
OPS-101342,2025-12-22,Procurement,Chennai,Report Request,Low,Phone,HR Ops,Pending,9.1,48,No,1,4.8,320,2912.0,Dec,12,Q4,Monday
OPS-104564,2025-04-04,Operations,Bengaluru,Compliance Request,medium,Email,MIS,Closed,22.5,24,No,1,3.7,350,7875.0,Apr,4,Q2,Friday
OPS-103094,2025-07-29,Finance,Mumbai,Employee Query,Medium,Email,Finance Ops,Closed,5.9,24,No,0,4.7,280,1652.0,Jul,7,Q3,Tuesday
OPS-102102,2025-12-31,HR,Mumbai,Data Correction,High,Teams,MIS,Closed,11.1,12,No,0,4.6,400,4440.0,Dec,12,Q4,Wednesday
OPS-101269,2025-03-29,IT,Chennai,Compliance Request,Medium,Portal,MIS,Closed,40.9,24,Yes,1,4.4,320,13088.0,Mar,3,Q1,Saturday
OPS-104498,2025-12-14,Customer Support,Mumbai,Compliance Request,Low,Teams,Finance Ops,Closed,3.7,48,No,0,5.0,450,1665.0,Dec,12,Q4,Sunday
OPS-103643,2025-11-09,Sales,Pune,Report Request,Medium,Portal,HR Ops,Closed,14.1,24,No,1,5.0,350,4935.0,Nov,11,Q4,Sunday
OPS-100882,2025-10-30,Sales,Chennai,Report Request,Low,Portal,Finance Ops,Closed,10.2,48,No,0,4.4,350,3570.0,Oct,10,Q4,Thursday
OPS-104957,2025-10-20,Customer Support,Mumbai,Invoice Query,Low,Email,HR Ops,Closed,6.1,48,No,0,4.9,350,2135.0,Oct,10,Q4,Monday
OPS-104335,2025-01-20,Finance,Chennai,System Issue,High,Email,Finance Ops,Closed,4.7,12,No,0,5.0,400,1880.0,Jan,1,Q1,Monday
OPS-104137,2025-02-07,Procurement,Pune,Compliance Request,Medium,Email,HR Ops,Closed,21.9,24,No,0,3.7,400,8760.0,Feb,2,Q1,Friday
OPS-100138,2025-06-28,IT,Mumbai,Access Request,Low,Teams,Vendor Management,Closed,8.7,48,No,0,4.2,320,2784.0,Jun,6,Q2,Saturday
OPS-102292,2025-02-27,Operations,Chennai,Employee Query,Medium,Email,IT Support,Closed,27.1,24,Yes,1,3.4,400,10840.0,Feb,2,Q1,Thursday
OPS-104314,2025-03-23,Customer Support,Gurugram,,Critical,Phone,Vendor Management,Closed,9.8,4,Yes,2,3.9,400,3920.0,Mar,3,Q1,Sunday
OPS-103119,2025-05-30,Finance,Noida,Vendor Query,Low,Phone,IT Support,Closed,10.8,48,No,1,4.4,450,4860.0,May,5,Q2,Friday
OPS-104544,2025-09-18,Customer Support,Hyderabad,Vendor Query,Medium,Teams,IT Support,Escalated,27.2,24,Yes,3,4.0,350,9520.0,Sep,9,Q3,Thursday
OPS-102745,2025-03-01,IT,Bengaluru,Invoice Query,Low,Portal,Finance Ops,Closed,13.2,48,No,2,3.8,280,3696.0,Mar,3,Q1,Saturday
OPS-100310,2025-06-07,HR,Gurugram,Compliance Request,Medium,,MIS,Closed,20.8,24,No,0,4.6,450,9360.0,Jun,6,Q2,Saturday
OPS-104624,2025-03-03,Finance,Noida,Report Request,Medium,Email,IT Support,Escalated,29.9,24,Yes,2,3.9,320,9568.0,Mar,3,Q1,Monday
OPS-100073,2025-07-21,Finance,Noida,Invoice Query,Low,Portal,Vendor Management,Closed,15.4,48,No,0,4.9,280,4312.0,Jul,7,Q3,Monday
OPS-104373,2025-01-07,IT,Gurugram,Invoice Query,High,Email,HR Ops,Closed,16.9,12,Yes,0,4.6,320,5408.0,Jan,1,Q1,Tuesday
OPS-100559,2025-12-27,Operations,Gurgaon,System Issue,Low,Portal,Vendor Management,Closed,11.8,48,No,1,4.6,350,4130.0,Dec,12,Q4,Saturday
OPS-103865,2025-05-04,IT,Chennai,Data Correction,Medium,Email,Finance Ops,Closed,2.0,24,No,0,4.8,450,900.0,May,5,Q2,Sunday
OPS-102527,2025-11-10,HR,Noida,Employee Query,Medium,Phone,Vendor Management,Closed,0.5,24,No,0,5.0,450,225.0,Nov,11,Q4,Monday
OPS-100270,2025-01-09,Sales,Pune,Invoice Query,High,Portal,Finance Ops,Closed,15.4,12,Yes,0,4.5,450,6930.0,Jan,1,Q1,Thursday
OPS-101534,2025-07-17,HR,Bengaluru,Invoice Query,Low,Email,HR Ops,Closed,9.7,48,No,1,4.1,400,3880.0,Jul,7,Q3,Thursday
OPS-100512,2025-11-19,IT,Chennai,Employee Query,Low,Email,HR Ops,Closed,7.1,48,No,0,4.9,450,3195.0,Nov,11,Q4,Wednesday
OPS-101181,2025-10-21,Procurement,Gurugram,Invoice Query,Medium,Email,IT Support,Escalated,12.2,24,No,2,4.3,280,3416.0,Oct,10,Q4,Tuesday
OPS-100757,2025-02-20,Customer Support,Gurugram,Access Request,Low,,HR Ops,Closed,17.2,48,No,0,4.1,350,6020.0,Feb,2,Q1,Thursday
OPS-100485,2025-01-10,Finance,Bengaluru,System Issue,High,Phone,IT Support,Closed,7.2,12,No,1,4.5,280,2016.0,Jan,1,Q1,Friday
OPS-100028,2025-08-24,Procurement,Gurugram,Access Request,Critical,Portal,Vendor Management,Closed,9.6,4,Yes,1,4.7,400,3840.0,Aug,8,Q3,Sunday
OPS-100580,2025-04-09,Procurement,Bengaluru,Compliance Request,Medium,Teams,MIS,Closed,14.6,24,No,1,4.0,280,4088.0,Apr,4,Q2,Wednesday
OPS-103741,2025-02-10,HR,Hyderabad,Invoice Query,Low,Email,Finance Ops,Closed,6.7,48,No,1,5.0,320,2144.0,Feb,2,Q1,Monday
OPS-104725,2025-01-29,Procurement,Noida,Data Correction,High,Portal,HR Ops,Closed,3.2,12,No,0,4.3,400,1280.0,Jan,1,Q1,Wednesday
OPS-104538,2025-01-06,Sales,Hyderabad,Data Correction,Medium,Email,HR Ops,Closed,4.9,24,No,1,4.2,320,1568.0,Jan,1,Q1,Monday
OPS-100142,2025-08-29,Operations,Pune,Employee Query,High,Email,Vendor Management,Closed,5.0,12,No,0,4.6,280,1400.0,Aug,8,Q3,Friday
OPS-103445,2025-11-05,HR,Chennai,Report Request,Medium,Teams,Finance Ops,Closed,2.8,24,No,1,4.9,280,784.0,Nov,11,Q4,Wednesday
OPS-100637,2025-01-19,HR,Hyderabad,Invoice Query,Medium,Email,MIS,Closed,5.9,24,No,0,5.0,400,2360.0,Jan,1,Q1,Sunday
OPS-101721,2025-01-26,Finance,Gurugram,Invoice Query,Low,Email,HR Ops,Closed,0.3,48,No,0,5.0,320,96.0,Jan,1,Q1,Sunday
OPS-102803,2025-02-04,HR,Pune,System Issue,Medium,Email,Vendor Management,Closed,16.2,24,No,0,4.5,400,6480.0,Feb,2,Q1,Tuesday
OPS-103309,2025-08-13,Operations,Chennai,Vendor Query,Low,Phone,Vendor Management,Escalated,8.2,48,No,3,4.0,350,2870.0,Aug,8,Q3,Wednesday
OPS-103617,2025-08-22,Finance,Pune,Employee Query,Medium,Email,IT Support,Closed,15.1,24,No,0,4.7,400,6040.0,Aug,8,Q3,Friday
OPS-103177,2025-07-20,Procurement,Noida,Employee Query,Medium,Portal,IT Support,Escalated,3.4,24,No,2,4.4,350,1190.0,Jul,7,Q3,Sunday
OPS-104582,2025-02-16,Sales,Mumbai,System Issue,Medium,Teams,HR Ops,Closed,21.8,24,No,0,4.7,350,7630.0,Feb,2,Q1,Sunday
OPS-104199,2025-03-14,Operations,Noida,Data Correction,Low,Teams,IT Support,Pending,16.1,48,No,1,4.6,280,4508.0,Mar,3,Q1,Friday
OPS-104779,2025-10-05,Sales,Bengaluru,System Issue,Low,Teams,Vendor Management,Escalated,14.8,48,No,1,4.2,280,4144.0,Oct,10,Q4,Sunday
OPS-102419,2025-01-31,Finance,,Report Request,Medium,Email,MIS,Closed,9.8,24,No,0,5.0,280,2744.0,Jan,1,Q1,Friday
OPS-103803,2025-04-21,HR,Chennai,Access Request,Medium,Email,IT Support,Closed,18.4,24,No,0,3.7,280,5152.0,Apr,4,Q2,Monday
OPS-101953,2025-11-14,Sales,Chennai,Report Request,High,Email,HR Ops,Closed,8.6,12,No,1,3.9,280,2408.0,Nov,11,Q4,Friday
OPS-101705,2025-07-29,Sales,Bengaluru,Vendor Query,Medium,Teams,IT Support,Closed,20.0,24,No,1,4.2,320,6400.0,Jul,7,Q3,Tuesday
OPS-103407,2025-09-17,Operations,Pune,Report Request,Medium,Email,HR Ops,Closed,16.3,24,No,0,4.5,280,4564.0,Sep,9,Q3,Wednesday
OPS-100117,2025-03-03,Operations,Chennai,Data Correction,High,Email,MIS,Closed,9.0,12,No,1,4.7,280,2520.0,Mar,3,Q1,Monday
OPS-101213,2025-02-18,Procurement,Pune,Access Request,Medium,Phone,Vendor Management,Closed,5.4,24,No,2,4.2,280,1512.0,Feb,2,Q1,Tuesday
OPS-102112,2025-07-18,Operations,Noida,Compliance Request,Low,Email,IT Support,Escalated,17.5,48,No,3,4.0,280,4900.0,Jul,7,Q3,Friday
OPS-100982,2025-11-22,Operations,Gurugram,Report Request,Medium,Portal,Vendor Management,Closed,29.9,24,Yes,0,4.3,280,8372.0,Nov,11,Q4,Saturday
OPS-100923,2025-04-19,Sales,Pune,Compliance Request,High,Teams,Finance Ops,Closed,14.7,12,Yes,0,4.8,280,4116.0,Apr,4,Q2,Saturday
OPS-101560,2025-09-16,Operations,Pune,Report Request,Low,Email,Vendor Management,Closed,3.7,48,No,0,5.0,280,1036.0,Sep,9,Q3,Tuesday
OPS-103256,2025-09-22,Procurement,Mumbai,Access Request,Low,Phone,Vendor Management,Pending,12.8,48,No,1,4.1,320,4096.0,Sep,9,Q3,Monday
OPS-104271,2025-01-05,Operations,Pune,Report Request,Medium,Email,,Closed,4.2,24,No,0,4.8,280,1176.0,Jan,1,Q1,Sunday
OPS-102925,2025-02-28,HR,Bengaluru,System Issue,High,,Finance Ops,Closed,4.6,12,No,1,5.0,280,1288.0,Feb,2,Q1,Friday
OPS-102082,2025-03-04,Operations,Pune,Access Request,Medium,Email,HR Ops,Closed,14.5,24,No,0,5.0,400,5800.0,Mar,3,Q1,Tuesday
OPS-100553,2025-09-25,Sales,Noida,Employee Query,Medium,Email,HR Ops,Closed,13.9,24,No,0,4.9,450,6255.0,Sep,9,Q3,Thursday
OPS-103546,2025-07-27,Customer Support,Hyderabad,Compliance Request,Low,Teams,Finance Ops,Closed,11.4,48,No,0,5.0,320,3648.0,Jul,7,Q3,Sunday
OPS-101647,2025-12-22,Sales,Pune,Invoice Query,Low,Phone,Vendor Management,Closed,7.9,48,No,0,4.6,280,2212.0,Dec,12,Q4,Monday
OPS-100291,2025-12-15,Sales,Mumbai,Employee Query,Low,Email,MIS,Closed,10.8,48,No,1,4.7,280,3024.0,Dec,12,Q4,Monday
OPS-102532,2025-09-04,Customer Support,Hyderabad,Vendor Query,Medium,Email,HR Ops,Escalated,12.2,24,No,3,4.1,320,3904.0,Sep,9,Q3,Thursday
OPS-100888,2025-03-19,Finance,Gurugram,Data Correction,Medium,Portal,Vendor Management,Closed,13.1,24,No,2,4.2,400,5240.0,Mar,3,Q1,Wednesday
OPS-100409,2025-09-28,Operations,Gurugram,System Issue,Low,Email,MIS,Closed,12.9,48,No,0,5.0,350,4515.0,Sep,9,Q3,Sunday
OPS-104773,2025-05-09,Customer Support,Chennai,Compliance Request,Medium,Email,IT Support,Closed,34.9,24,Yes,2,3.3,320,11168.0,May,5,Q2,Friday
OPS-104361,2025-03-20,Operations,Bengaluru,Employee Query,Medium,Phone,Vendor Management,Escalated,10.4,24,No,2,3.7,400,4160.0,Mar,3,Q1,Thursday
OPS-104162,2025-07-21,Procurement,Bengaluru,Report Request,Low,Teams,Vendor Management,Closed,7.9,48,No,0,4.6,280,2212.0,Jul,7,Q3,Monday
OPS-100941,2025-12-31,Operations,Hyderabad,Report Request,Low,Phone,HR Ops,Pending,20.6,48,No,1,5.0,450,9270.0,Dec,12,Q4,Wednesday
OPS-100439,2025-08-17,HR,Noida,Report Request,Medium,Email,IT Support,Closed,18.3,24,No,0,4.4,350,6405.0,Aug,8,Q3,Sunday
OPS-100225,2025-05-03,Finance,Chennai,Data Correction,Medium,Portal,Vendor Management,Closed,19.7,24,No,1,3.9,400,7880.0,May,5,Q2,Saturday
OPS-101069,2025-11-05,Operations,Bengaluru,Invoice Query,Medium,Phone,Vendor Management,Closed,4.4,24,No,0,4.6,320,1408.0,Nov,11,Q4,Wednesday
OPS-103757,2025-06-15,IT,Chennai,Employee Query,Low,Phone,Vendor Management,Closed,14.2,48,No,0,5.0,280,3976.0,Jun,6,Q2,Sunday
OPS-103392,2025-10-21,IT,Hyderabad,Report Request,Medium,Portal,Finance Ops,Pending,5.3,24,No,1,4.2,320,1696.0,Oct,10,Q4,Tuesday
OPS-103561,2025-06-01,Finance,Bengaluru,Employee Query,Low,Portal,HR Ops,Closed,7.9,48,No,0,4.3,280,2212.0,Jun,6,Q2,Sunday
OPS-104190,2025-04-06,Sales,Chennai,Data Correction,Low,Teams,HR Ops,Escalated,9.4,48,No,2,3.6,320,3008.0,Apr,4,Q2,Sunday
OPS-101059,2025-10-15,Customer Support,Chennai,Compliance Request,Medium,Email,IT Support,Closed,24.5,24,Yes,1,4.1,320,7840.0,Oct,10,Q4,Wednesday
OPS-102031,2025-10-12,Customer Support,Hyderabad,Access Request,Low,Email,HR Ops,Closed,14.1,48,No,0,4.6,450,6345.0,Oct,10,Q4,Sunday
OPS-101620,2025-04-25,Procurement,Gurugram,Compliance Request,Low,Portal,HR Ops,Closed,5.6,48,No,1,4.8,350,1960.0,Apr,4,Q2,Friday
OPS-100988,2025-01-20,Procurement,Gurugram,Vendor Query,Medium,Email,IT Support,Closed,14.3,24,No,1,4.7,280,4004.0,Jan,1,Q1,Monday
OPS-104440,2025-08-26,Finance,Chennai,Report Request,High,Email,IT Support,Closed,29.0,12,Yes,2,4.1,320,9280.0,Aug,8,Q3,Tuesday
OPS-101654,2025-02-14,Customer Support,Chennai,Employee Query,Low,Portal,MIS,Closed,14.7,48,No,0,4.8,320,4704.0,Feb,2,Q1,Friday
OPS-102449,2025-04-07,Sales,Hyderabad,Data Correction,Medium,Teams,MIS,Closed,5.6,24,No,0,5.0,450,2520.0,Apr,4,Q2,Monday
OPS-103325,2025-02-08,Sales,Gurugram,Vendor Query,Low,Email,HR Ops,Closed,5.9,48,No,0,4.6,350,2065.0,Feb,2,Q1,Saturday
OPS-100633,2025-06-16,Customer Support,Gurugram,Invoice Query,High,Email,HR Ops,Closed,5.8,12,No,0,5.0,400,2320.0,Jun,6,Q2,Monday
OPS-100700,2025-02-10,Procurement,Gurugram,Employee Query,Medium,Portal,MIS,Pending,23.7,24,No,0,4.1,350,8295.0,Feb,2,Q1,Monday
OPS-104759,2025-01-02,Finance,Noida,Report Request,Medium,Portal,MIS,Closed,9.8,24,No,0,5.0,280,2744.0,Jan,1,Q1,Thursday
OPS-101766,2025-03-20,Operations,Pune,System Issue,Low,Email,Vendor Management,Pending,3.2,48,No,0,5.0,350,1120.0,Mar,3,Q1,Thursday
OPS-100634,2025-04-01,HR,Noida,Compliance Request,Medium,Email,Vendor Management,Closed,10.1,24,No,0,4.7,450,4545.0,Apr,4,Q2,Tuesday
OPS-104640,2025-11-08,Procurement,Gurugram,Invoice Query,Medium,Teams,Finance Ops,Closed,6.8,24,No,1,4.7,450,3060.0,Nov,11,Q4,Saturday
OPS-101903,2025-07-26,HR,Gurugram,Invoice Query,Low,Email,Finance Ops,Closed,18.5,48,No,0,4.7,280,5180.0,Jul,7,Q3,Saturday
OPS-102867,2025-09-05,Finance,Chennai,Invoice Query,Low,Email,IT Support,Closed,13.2,48,No,0,4.8,320,4224.0,Sep,9,Q3,Friday
OPS-104020,2025-09-04,HR,Chennai,Vendor Query,Medium,Email,MIS,Closed,11.4,24,No,1,4.1,400,4560.0,Sep,9,Q3,Thursday
OPS-100053,2025-09-22,HR,Hyderabad,Compliance Request,Low,Email,Vendor Management,Closed,13.6,48,No,0,4.7,450,6120.0,Sep,9,Q3,Monday
OPS-100040,2025-09-01,Customer Support,Gurugram,Compliance Request,Medium,Email,Vendor Management,Closed,8.1,24,No,1,4.3,350,2835.0,Sep,9,Q3,Monday
OPS-100779,2025-04-22,Customer Support,Noida,Employee Query,High,Email,Finance Ops,Closed,5.4,12,No,0,5.0,320,1728.0,Apr,4,Q2,Tuesday
OPS-104069,2025-11-08,IT,Gurugram,Vendor Query,Medium,Email,Vendor Management,Closed,20.1,24,No,0,3.9,350,7035.0,Nov,11,Q4,Saturday
OPS-103097,2025-05-14,Sales,Pune,Compliance Request,Medium,Email,Vendor Management,Closed,11.9,24,No,1,4.2,450,5355.0,May,5,Q2,Wednesday
OPS-101657,2025-01-31,Finance,Bengaluru,System Issue,Low,Portal,Vendor Management,Escalated,8.7,48,No,2,3.5,350,3045.0,Jan,1,Q1,Friday
OPS-104703,2025-03-03,Sales,Bengaluru,Data Correction,Medium,Email,IT Support,Closed,20.0,24,No,0,4.7,350,7000.0,Mar,3,Q1,Monday
OPS-100970,2025-12-01,HR,Mumbai,Invoice Query,Low,Email,Vendor Management,Escalated,16.3,48,No,3,3.4,320,5216.0,Dec,12,Q4,Monday
OPS-100385,2025-11-17,Procurement,Gurugram,Invoice Query,Low,Portal,Finance Ops,Closed,6.3,48,No,0,4.5,320,2016.0,Nov,11,Q4,Monday
OPS-102656,2025-12-19,Operations,Chennai,System Issue,Medium,Portal,HR Ops,Closed,9.6,24,No,1,3.8,400,3840.0,Dec,12,Q4,Friday
OPS-102643,2025-10-12,Finance,Bengaluru,Invoice Query,High,Portal,Finance Ops,Escalated,26.0,12,Yes,1,3.5,450,11700.0,Oct,10,Q4,Sunday
OPS-100434,2025-11-15,Procurement,Hyderabad,Employee Query,Medium,Portal,HR Ops,Closed,8.5,24,No,0,4.2,400,3400.0,Nov,11,Q4,Saturday
OPS-103345,2025-03-03,IT,Chennai,Report Request,Medium,Email,IT Support,Closed,2.4,24,No,0,4.8,350,840.0,Mar,3,Q1,Monday
OPS-103336,2025-09-15,HR,Bengaluru,Compliance Request,High,Email,HR Ops,Closed,14.8,12,Yes,2,4.2,350,5180.0,Sep,9,Q3,Monday
OPS-102397,2025-10-16,IT,Chennai,System Issue,Medium,Phone,MIS,Closed,23.8,24,No,1,3.6,350,8330.0,Oct,10,Q4,Thursday
OPS-100371,2025-09-03,Finance,Chennai,Employee Query,Low,Portal,IT Support,Closed,10.3,48,No,0,4.3,450,4635.0,Sep,9,Q3,Wednesday
OPS-100103,2025-05-19,Procurement,Bengaluru,Employee Query,Low,Email,HR Ops,Closed,14.4,48,No,0,4.2,280,4032.0,May,5,Q2,Monday
OPS-102664,2025-10-22,IT,Chennai,Compliance Request,Low,Portal,Vendor Management,Closed,5.2,48,No,0,5.0,450,2340.0,Oct,10,Q4,Wednesday
OPS-101440,2025-05-29,Customer Support,Noida,System Issue,High,Phone,HR Ops,Pending,8.2,12,No,0,4.6,280,2296.0,May,5,Q2,Thursday
OPS-101372,2025-11-03,Procurement,Mumbai,Invoice Query,Medium,Teams,MIS,Closed,8.0,24,No,0,4.8,350,2800.0,Nov,11,Q4,Monday
OPS-104993,2025-03-13,IT,Noida,Invoice Query,Medium,Portal,HR Ops,Closed,8.6,24,No,0,5.0,320,2752.0,Mar,3,Q1,Thursday
OPS-101245,2025-06-11,IT,Hyderabad,Employee Query,Low,Email,HR Ops,Closed,7.6,48,No,0,4.6,350,2660.0,Jun,6,Q2,Wednesday
OPS-101135,2025-08-06,Customer Support,Hyderabad,Report Request,Low,Email,HR Ops,Closed,6.7,48,No,0,4.4,400,2680.0,Aug,8,Q3,Wednesday
OPS-101957,2025-08-19,Customer Support,Chennai,Employee Query,Low,Email,HR Ops,Closed,6.3,48,No,0,3.8,400,2520.0,Aug,8,Q3,Tuesday
OPS-103359,2025-07-07,IT,Mumbai,Compliance Request,Low,Portal,Vendor Management,Pending,14.9,48,No,0,4.0,400,5960.0,Jul,7,Q3,Monday
OPS-103887,2025-10-28,HR,Noida,Report Request,High,Email,Vendor Management,Closed,3.7,12,No,0,5.0,280,1036.0,Oct,10,Q4,Tuesday
OPS-103405,2025-03-16,HR,Pune,Data Correction,Low,Teams,MIS,Closed,9.1,48,No,0,4.6,280,2548.0,Mar,3,Q1,Sunday
OPS-104268,2025-10-10,Customer Support,Bengaluru,Invoice Query,Medium,Teams,IT Support,Closed,8.1,24,No,1,4.3,450,3645.0,Oct,10,Q4,Friday
OPS-102150,2025-04-27,Operations,Gurugram,Vendor Query,High,Portal,Finance Ops,Escalated,32.5,12,Yes,2,4.0,280,9100.0,Apr,4,Q2,Sunday
OPS-103123,2025-07-20,HR,Pune,Vendor Query,Medium,Email,MIS,Closed,14.8,24,No,2,3.8,320,4736.0,Jul,7,Q3,Sunday
OPS-103679,2025-03-20,Procurement,Mumbai,Employee Query,Medium,Email,Finance Ops,Closed,11.1,24,No,1,4.3,280,3108.0,Mar,3,Q1,Thursday
OPS-104299,2025-11-15,Procurement,Hyderabad,System Issue,Low,Phone,IT Support,Closed,4.0,48,No,2,4.4,400,1600.0,Nov,11,Q4,Saturday
OPS-100529,2025-04-03,HR,Noida,Data Correction,Critical,Portal,MIS,Closed,4.3,4,Yes,1,4.3,350,1505.0,Apr,4,Q2,Thursday
OPS-104326,2025-10-07,Procurement,Pune,System Issue,Low,Portal,HR Ops,Closed,12.7,48,No,0,5.0,350,4445.0,Oct,10,Q4,Tuesday
OPS-104077,2025-10-30,Operations,Mumbai,Compliance Request,Low,Email,MIS,Closed,12.0,48,No,0,4.0,280,3360.0,Oct,10,Q4,Thursday
OPS-102769,2025-09-08,HR,Hyderabad,Invoice Query,Low,Email,Vendor Management,Closed,16.5,48,No,0,4.4,280,4620.0,Sep,9,Q3,Monday
OPS-104280,2025-01-19,Customer Support,Pune,Employee Query,Low,Teams,Finance Ops,Closed,9.7,48,No,0,4.8,450,4365.0,Jan,1,Q1,Sunday
OPS-100422,2025-02-16,Finance,Pune,Invoice Query,Low,Email,HR Ops,Closed,15.5,48,No,1,4.1,320,4960.0,Feb,2,Q1,Sunday
OPS-102391,2025-09-13,Operations,Hyderabad,Employee Query,Low,Portal,IT Support,Closed,15.0,48,No,1,4.3,280,4200.0,Sep,9,Q3,Saturday
OPS-100653,2025-11-08,IT,Gurugram,Access Request,Medium,Email,HR Ops,Closed,4.8,24,No,0,4.4,320,1536.0,Nov,11,Q4,Saturday
OPS-104971,2025-09-25,Customer Support,Bengaluru,Data Correction,High,Phone,HR Ops,Closed,7.2,12,No,1,3.8,400,2880.0,Sep,9,Q3,Thursday
OPS-101192,2025-06-29,Finance,Gurugram,Data Correction,Low,Portal,HR Ops,Closed,8.7,48,No,0,5.0,280,2436.0,Jun,6,Q2,Sunday
OPS-101449,2025-02-28,HR,Mumbai,System Issue,Medium,Portal,Finance Ops,Closed,5.8,24,No,0,4.9,400,2320.0,Feb,2,Q1,Friday
OPS-103288,2025-09-07,Procurement,Gurugram,Report Request,Medium,Email,Finance Ops,Closed,19.2,24,No,2,3.6,350,6720.0,Sep,9,Q3,Sunday
OPS-104328,2025-06-15,HR,Mumbai,Vendor Query,Low,Teams,Finance Ops,Pending,11.7,48,No,0,4.5,280,3276.0,Jun,6,Q2,Sunday
OPS-102249,2025-09-20,Operations,Mumbai,Compliance Request,Low,Phone,IT Support,Escalated,11.2,48,No,3,4.1,450,5040.0,Sep,9,Q3,Saturday
OPS-104259,2025-06-28,Customer Support,Hyderabad,Invoice Query,Medium,Email,Vendor Management,Closed,33.0,24,Yes,1,,400,13200.0,Jun,6,Q2,Saturday
OPS-101420,2025-04-18,HR,Noida,Invoice Query,Medium,Portal,HR Ops,Closed,8.8,24,No,0,5.0,350,3080.0,Apr,4,Q2,Friday
OPS-101303,2025-02-22,HR,Bengaluru,Employee Query,High,Email,HR Ops,Closed,3.8,12,No,0,4.7,350,1330.0,Feb,2,Q1,Saturday
OPS-102696,2025-01-12,Procurement,Chennai,Data Correction,High,Email,HR Ops,Closed,1.8,12,No,1,4.8,280,504.0,Jan,1,Q1,Sunday
OPS-100029,2025-12-11,IT,Bengaluru,Compliance Request,Low,Email,IT Support,Closed,22.3,48,No,0,4.3,350,7805.0,Dec,12,Q4,Thursday
OPS-104608,2025-05-08,Sales,Bengaluru,System Issue,Medium,Email,MIS,Closed,10.7,24,No,0,4.8,400,4280.0,May,5,Q2,Thursday
OPS-101057,2025-04-14,Sales,Chennai,Employee Query,Medium,Email,Vendor Management,Escalated,25.8,24,Yes,2,4.2,320,8256.0,Apr,4,Q2,Monday
OPS-102308,2025-10-27,HR,Gurugram,Compliance Request,Low,Email,MIS,Pending,25.8,48,No,1,4.4,400,10320.0,Oct,10,Q4,Monday
OPS-100922,2025-08-21,HR,Gurugram,,Low,Portal,IT Support,Closed,6.3,48,No,0,4.7,400,2520.0,Aug,8,Q3,Thursday
OPS-104255,2025-07-25,HR,Chennai,Report Request,Medium,Teams,Vendor Management,Pending,7.4,24,No,0,4.2,400,2960.0,Jul,7,Q3,Friday
OPS-101871,2025-01-12,Operations,Bengaluru,Report Request,Medium,Email,Finance Ops,Closed,14.2,24,No,0,4.8,450,6390.0,Jan,1,Q1,Sunday
OPS-103074,2025-12-09,IT,Hyderabad,Compliance Request,Medium,Email,MIS,Closed,13.1,24,No,0,4.7,400,5240.0,Dec,12,Q4,Tuesday
OPS-104352,2025-08-21,Procurement,Noida,Vendor Query,Medium,Teams,Finance Ops,Closed,28.1,24,Yes,0,3.3,400,11240.0,Aug,8,Q3,Thursday
OPS-104276,2025-02-28,HR,Noida,Report Request,High,Portal,MIS,Pending,16.1,12,Yes,0,5.0,450,7245.0,Feb,2,Q1,Friday
OPS-101473,2025-01-14,IT,Bengaluru,Compliance Request,Low,Email,Vendor Management,Closed,1.7,48,No,0,4.4,320,544.0,Jan,1,Q1,Tuesday
OPS-104098,2025-10-07,IT,Hyderabad,Data Correction,Medium,Phone,HR Ops,Closed,4.9,24,No,0,5.0,450,2205.0,Oct,10,Q4,Tuesday
OPS-100402,2025-11-10,IT,Mumbai,Vendor Query,Low,Email,HR Ops,Closed,16.4,48,No,0,4.1,400,6560.0,Nov,11,Q4,Monday
OPS-102574,2025-05-16,IT,Pune,System Issue,Medium,Email,MIS,Closed,9.7,24,No,0,4.6,350,3395.0,May,5,Q2,Friday
OPS-104589,2025-12-29,Procurement,Gurugram,Compliance Request,High,Email,,Closed,15.4,12,Yes,1,4.3,320,4928.0,Dec,12,Q4,Monday
OPS-102263,2025-04-12,Finance,Noida,Data Correction,High,Email,IT Support,Pending,16.4,12,Yes,1,4.1,350,5740.0,Apr,4,Q2,Saturday
OPS-103064,2025-09-29,Operations,Pune,Vendor Query,Low,Portal,MIS,Closed,9.1,48,No,0,4.9,280,2548.0,Sep,9,Q3,Monday
OPS-102758,2025-06-22,Finance,Noida,Compliance Request,Low,Email,MIS,Closed,8.3,48,No,1,4.4,350,2905.0,Jun,6,Q2,Sunday
OPS-101087,2025-09-11,HR,Bengaluru,Compliance Request,High,Portal,HR Ops,Pending,20.5,12,Yes,1,3.8,280,5740.0,Sep,9,Q3,Thursday
OPS-101834,2025-12-25,IT,Hyderabad,,Critical,Portal,MIS,Closed,16.9,4,Yes,1,4.1,400,6760.0,Dec,12,Q4,Thursday
OPS-104895,2025-07-01,Operations,Pune,Employee Query,High,Email,Vendor Management,Closed,11.3,12,No,1,4.8,280,3164.0,Jul,7,Q3,Tuesday
OPS-101120,2025-10-10,Procurement,Gurugram,Invoice Query,Low,Email,HR Ops,Closed,28.6,48,No,0,3.7,320,9152.0,Oct,10,Q4,Friday
OPS-102444,2025-06-05,Procurement,Mumbai,Vendor Query,High,Portal,HR Ops,Escalated,25.7,12,Yes,2,3.1,280,7196.0,Jun,6,Q2,Thursday
OPS-101081,2025-10-16,IT,Chennai,Report Request,Critical,Teams,IT Support,Closed,8.8,4,Yes,0,4.4,320,2816.0,Oct,10,Q4,Thursday
OPS-103285,2025-10-28,HR,Noida,Compliance Request,Low,Email,Vendor Management,Escalated,7.5,48,No,2,4.2,280,2100.0,Oct,10,Q4,Tuesday
OPS-102141,2025-02-12,Sales,Gurugram,Compliance Request,Medium,Teams,IT Support,Closed,9.3,24,No,0,4.5,350,3255.0,Feb,2,Q1,Wednesday
OPS-103764,2025-06-11,Procurement,Mumbai,System Issue,Medium,Teams,Vendor Management,Closed,15.8,24,No,0,4.4,450,7110.0,Jun,6,Q2,Wednesday
OPS-103601,2025-03-16,Finance,Chennai,Vendor Query,Critical,Email,Vendor Management,Closed,4.5,4,Yes,2,5.0,450,2025.0,Mar,3,Q1,Sunday
OPS-103621,2025-11-18,Procurement,Chennai,Report Request,High,Teams,MIS,Closed,10.9,12,No,0,4.5,320,3488.0,Nov,11,Q4,Tuesday
OPS-103822,2025-04-02,HR,Noida,Vendor Query,Low,Email,Vendor Management,Closed,8.4,48,No,0,5.0,280,2352.0,Apr,4,Q2,Wednesday
OPS-100766,2025-02-08,Sales,Bengaluru,System Issue,Medium,Email,Finance Ops,Escalated,22.6,24,No,1,3.9,400,9040.0,Feb,2,Q1,Saturday
OPS-104659,2025-02-17,Procurement,Gurugram,Invoice Query,Low,Phone,Finance Ops,Closed,7.4,48,No,1,3.9,280,2072.0,Feb,2,Q1,Monday
OPS-103075,2025-05-08,Finance,Noida,Employee Query,Low,Email,Finance Ops,Closed,6.0,48,No,1,4.9,450,2700.0,May,5,Q2,Thursday
OPS-103509,2025-03-11,Procurement,Gurugram,Vendor Query,Low,Portal,HR Ops,Closed,17.9,48,No,1,4.0,400,7160.0,Mar,3,Q1,Tuesday
OPS-102471,2025-01-14,Procurement,Bengaluru,Access Request,Medium,Portal,Finance Ops,Closed,17.4,24,No,0,4.7,280,4872.0,Jan,1,Q1,Tuesday
OPS-104143,2025-01-30,Sales,Gurugram,Data Correction,Medium,Email,IT Support,Escalated,21.4,24,No,1,4.5,450,9630.0,Jan,1,Q1,Thursday
OPS-100441,2025-11-14,Operations,Noida,Access Request,High,Phone,Finance Ops,Closed,5.9,12,No,0,4.9,320,1888.0,Nov,11,Q4,Friday
OPS-102613,2025-06-21,Finance,Noida,System Issue,Medium,Phone,Finance Ops,Closed,8.9,24,No,1,4.4,350,3115.0,Jun,6,Q2,Saturday
OPS-102480,2025-03-20,HR,Gurugram,System Issue,Medium,Teams,IT Support,Escalated,35.2,24,Yes,2,3.2,280,9856.0,Mar,3,Q1,Thursday
OPS-103000,2025-01-12,Finance,Pune,Employee Query,Low,Teams,IT Support,Closed,28.1,48,No,1,3.8,280,7868.0,Jan,1,Q1,Sunday
OPS-100597,2025-08-23,Customer Support,Gurugram,Invoice Query,Low,Portal,IT Support,Closed,8.2,48,No,1,3.9,350,2870.0,Aug,8,Q3,Saturday
OPS-104631,2025-01-29,Finance,Chennai,Employee Query,Medium,Phone,Vendor Management,Closed,6.5,24,No,0,5.0,280,1820.0,Jan,1,Q1,Wednesday
OPS-104439,2025-04-01,Finance,Gurugram,Invoice Query,Medium,Teams,MIS,Pending,20.9,24,No,0,5.0,320,6688.0,Apr,4,Q2,Tuesday
OPS-104838,2025-06-15,Finance,Noida,Access Request,Low,Phone,Vendor Management,Pending,6.7,48,No,2,4.3,450,3015.0,Jun,6,Q2,Sunday
OPS-103758,2025-11-06,Operations,Chennai,Invoice Query,Low,Email,MIS,Closed,17.6,48,No,0,4.1,450,7920.0,Nov,11,Q4,Thursday
OPS-100864,2025-08-02,Finance,Noida,Vendor Query,High,Phone,IT Support,Closed,5.9,12,No,1,4.5,450,2655.0,Aug,8,Q3,Saturday
OPS-103063,2025-07-31,Sales,Chennai,Vendor Query,Medium,Teams,Finance Ops,Closed,3.0,24,No,0,4.4,320,960.0,Jul,7,Q3,Thursday
OPS-101631,2025-08-04,Procurement,Noida,Employee Query,Low,Email,MIS,Closed,6.2,48,No,0,4.8,280,1736.0,Aug,8,Q3,Monday
OPS-104435,2025-03-18,Procurement,Gurugram,Compliance Request,Low,Teams,MIS,Closed,3.2,48,No,1,4.7,400,1280.0,Mar,3,Q1,Tuesday
OPS-100937,2025-10-09,Procurement,Bengaluru,Compliance Request,Low,Email,Finance Ops,Closed,7.6,48,No,0,4.3,450,3420.0,Oct,10,Q4,Thursday
OPS-102626,2025-05-29,IT,Bengaluru,Report Request,High,Email,HR Ops,Closed,1.3,12,No,0,4.8,350,455.0,May,5,Q2,Thursday
OPS-101633,2025-12-02,Customer Support,Pune,,Low,Email,IT Support,Escalated,13.9,48,No,3,4.2,280,3892.0,Dec,12,Q4,Tuesday
OPS-102076,2025-10-31,IT,Chennai,Access Request,High,Email,MIS,Closed,4.9,12,No,1,4.7,320,1568.0,Oct,10,Q4,Friday
OPS-104096,2025-09-28,Finance,Hyderabad,Compliance Request,Low,Portal,IT Support,Closed,5.8,48,No,1,4.1,400,2320.0,Sep,9,Q3,Sunday
OPS-103647,2025-12-03,Sales,Bengaluru,Vendor Query,Medium,Portal,Finance Ops,Closed,4.0,24,No,0,4.8,450,1800.0,Dec,12,Q4,Wednesday
OPS-104741,2025-09-24,Customer Support,Mumbai,System Issue,Low,Phone,IT Support,Closed,3.5,48,No,0,4.8,280,980.0,Sep,9,Q3,Wednesday
OPS-101339,2025-05-08,Operations,Noida,System Issue,High,Phone,IT Support,Escalated,7.6,12,No,1,4.0,400,3040.0,May,5,Q2,Thursday
OPS-100850,2025-05-13,IT,Chennai,Employee Query,Medium,Portal,HR Ops,Pending,34.2,24,Yes,0,4.1,400,13680.0,May,5,Q2,Tuesday
OPS-102321,2025-05-16,HR,Hyderabad,Data Correction,High,Phone,HR Ops,Closed,22.9,12,Yes,0,4.4,400,9160.0,May,5,Q2,Friday
OPS-100064,2025-01-02,IT,Noida,Invoice Query,Medium,Email,HR Ops,Closed,11.1,24,No,0,4.7,400,4440.0,Jan,1,Q1,Thursday
OPS-101035,2025-11-24,Customer Support,Pune,Access Request,Low,Email,Vendor Management,Closed,27.2,48,No,0,3.8,400,10880.0,Nov,11,Q4,Monday
OPS-103912,2025-09-05,Finance,Pune,Invoice Query,Low,Email,MIS,Closed,21.7,48,No,1,4.1,320,6944.0,Sep,9,Q3,Friday
OPS-101618,2025-11-14,Customer Support,Mumbai,Employee Query,Medium,Portal,MIS,Closed,12.6,24,No,0,4.4,450,5670.0,Nov,11,Q4,Friday
OPS-104910,2025-02-28,Finance,Hyderabad,System Issue,Medium,Email,IT Support,Closed,18.9,24,No,1,4.3,320,6048.0,Feb,2,Q1,Friday
OPS-100326,2025-01-04,Sales,Chennai,Employee Query,Critical,Email,Finance Ops,Closed,8.6,4,Yes,1,4.0,320,2752.0,Jan,1,Q1,Saturday
OPS-102014,2025-07-17,Operations,Noida,Access Request,Low,Email,IT Support,Closed,16.1,48,No,0,4.2,350,5635.0,Jul,7,Q3,Thursday
OPS-102161,2025-10-17,Sales,Mumbai,Invoice Query,Medium,Email,HR Ops,Closed,2.1,24,No,0,5.0,280,588.0,Oct,10,Q4,Friday
OPS-101242,2025-05-11,HR,Hyderabad,Access Request,Low,Email,MIS,Closed,14.3,48,No,0,4.9,400,5720.0,May,5,Q2,Sunday
OPS-101896,2025-12-27,Finance,Mumbai,Invoice Query,Medium,Portal,IT Support,Closed,25.0,24,Yes,0,4.3,450,11250.0,Dec,12,Q4,Saturday
OPS-101025,2025-11-30,Sales,Gurugram,System Issue,Low,Phone,HR Ops,Closed,3.5,48,No,0,5.0,450,1575.0,Nov,11,Q4,Sunday
OPS-104928,2025-11-18,Operations,Chennai,Vendor Query,Medium,Email,IT Support,Closed,10.8,24,No,0,4.5,320,3456.0,Nov,11,Q4,Tuesday
OPS-102579,2025-10-19,IT,Hyderabad,Employee Query,Low,Email,HR Ops,Closed,28.0,48,No,4,3.2,280,7840.0,Oct,10,Q4,Sunday
OPS-104226,2025-10-16,Procurement,Pune,Vendor Query,Low,Email,MIS,Closed,23.5,48,No,2,3.9,450,10575.0,Oct,10,Q4,Thursday
OPS-101563,2025-09-18,Customer Support,Mumbai,Compliance Request,Low,Teams,Finance Ops,Closed,6.7,48,No,2,4.2,280,1876.0,Sep,9,Q3,Thursday
OPS-100530,2025-03-31,Operations,Pune,Employee Query,Low,Email,IT Support,Closed,5.8,48,No,0,4.6,350,2030.0,Mar,3,Q1,Monday
OPS-100573,2025-10-11,IT,Hyderabad,Report Request,Medium,Portal,HR Ops,Closed,5.2,24,No,1,4.8,280,1456.0,Oct,10,Q4,Saturday
OPS-103454,2025-10-27,HR,Hyderabad,System Issue,Low,Email,IT Support,Closed,4.1,48,No,0,4.9,450,1845.0,Oct,10,Q4,Monday
OPS-103182,2025-01-08,Customer Support,Noida,System Issue,Low,Portal,IT Support,Closed,19.4,48,No,0,4.3,400,7760.0,Jan,1,Q1,Wednesday
OPS-102387,2025-12-13,IT,Mumbai,Report Request,Medium,Portal,IT Support,Escalated,23.1,24,No,2,4.0,320,7392.0,Dec,12,Q4,Saturday
OPS-100797,2025-12-13,Procurement,Pune,Report Request,Medium,Portal,Finance Ops,Closed,8.8,24,No,0,4.5,450,3960.0,Dec,12,Q4,Saturday
OPS-103335,2025-10-23,IT,Noida,Invoice Query,Low,Portal,MIS,Pending,5.9,48,No,0,4.6,450,2655.0,Oct,10,Q4,Thursday
OPS-101196,2025-06-26,Procurement,Hyderabad,Invoice Query,High,Email,MIS,Closed,9.2,12,No,0,5.0,450,4140.0,Jun,6,Q2,Thursday
OPS-103013,2025-02-28,Operations,Hyderabad,Report Request,High,Email,Vendor Management,Pending,34.2,12,Yes,0,4.4,400,13680.0,Feb,2,Q1,Friday
OPS-103994,2025-02-13,Procurement,Bengaluru,Employee Query,Medium,Email,HR Ops,Escalated,22.3,24,No,2,3.3,350,7805.0,Feb,2,Q1,Thursday
OPS-104251,2025-01-22,Finance,Noida,Compliance Request,Low,Email,HR Ops,Closed,21.6,48,No,1,4.4,400,8640.0,Jan,1,Q1,Wednesday
OPS-104804,2025-08-05,Sales,Hyderabad,Vendor Query,Medium,Portal,HR Ops,Closed,25.1,24,Yes,1,4.0,320,8032.0,Aug,8,Q3,Tuesday
OPS-104675,2025-06-22,Operations,Chennai,Report Request,Medium,Portal,MIS,Escalated,25.2,24,Yes,2,4.3,350,8820.0,Jun,6,Q2,Sunday
OPS-102058,2025-04-29,Customer Support,Noida,Employee Query,Low,Email,HR Ops,Escalated,22.4,48,No,1,3.9,450,10080.0,Apr,4,Q2,Tuesday
OPS-101781,2025-08-24,Sales,Gurugram,Invoice Query,Medium,Teams,MIS,Closed,8.5,24,No,0,4.5,280,2380.0,Aug,8,Q3,Sunday
OPS-102557,2025-08-16,Operations,Gurugram,,medium,Email,HR Ops,Closed,20.5,24,No,0,4.6,450,9225.0,Aug,8,Q3,Saturday
OPS-103252,2025-04-16,Finance,Pune,Report Request,Medium,Email,Vendor Management,Escalated,48.8,24,Yes,3,2.7,450,21960.0,Apr,4,Q2,Wednesday
OPS-103349,2025-10-06,Procurement,Noida,Invoice Query,Medium,Email,Vendor Management,Closed,11.7,24,No,0,5.0,320,3744.0,Oct,10,Q4,Monday
OPS-104815,2025-07-01,Customer Support,Noida,Employee Query,Medium,Portal,IT Support,Escalated,7.8,24,No,2,4.0,450,3510.0,Jul,7,Q3,Tuesday
OPS-102562,2025-09-18,IT,Bengaluru,Report Request,High,Teams,IT Support,Closed,7.0,12,No,1,4.6,400,2800.0,Sep,9,Q3,Thursday
OPS-101204,2025-03-25,Operations,Noida,Access Request,Medium,Phone,MIS,Pending,5.1,24,No,1,4.9,400,2040.0,Mar,3,Q1,Tuesday
OPS-104377,2025-03-24,Procurement,Gurugram,Employee Query,High,Teams,Finance Ops,Escalated,24.3,12,Yes,4,3.9,400,9720.0,Mar,3,Q1,Monday
OPS-102860,2025-01-21,IT,Hyderabad,Data Correction,Low,Portal,MIS,Closed,6.6,48,No,0,4.9,350,2310.0,Jan,1,Q1,Tuesday
OPS-101952,2025-02-10,Customer Support,Chennai,Vendor Query,Medium,Email,HR Ops,Closed,15.0,24,No,2,4.3,280,4200.0,Feb,2,Q1,Monday
OPS-104674,2025-02-18,HR,Pune,System Issue,Medium,Email,HR Ops,Pending,3.3,24,No,0,4.8,280,924.0,Feb,2,Q1,Tuesday
OPS-104275,2025-04-28,Sales,Pune,Report Request,Low,Phone,Vendor Management,Closed,10.0,48,No,1,4.3,320,3200.0,Apr,4,Q2,Monday
OPS-104171,2025-09-30,HR,Mumbai,System Issue,Low,Teams,HR Ops,Closed,30.3,48,No,0,4.6,450,13635.0,Sep,9,Q3,Tuesday
OPS-102372,2025-02-11,Customer Support,Bengaluru,Invoice Query,Medium,Portal,HR Ops,Closed,7.3,24,No,1,4.2,450,3285.0,Feb,2,Q1,Tuesday
OPS-101785,2025-06-15,Customer Support,Bengaluru,Compliance Request,Low,Email,Vendor Management,Closed,15.5,48,No,1,4.0,450,6975.0,Jun,6,Q2,Sunday
OPS-103905,2025-08-30,Sales,Chennai,Employee Query,Low,Portal,IT Support,Closed,9.1,48,No,0,4.8,350,3185.0,Aug,8,Q3,Saturday
OPS-103611,2025-05-03,Operations,Mumbai,Access Request,Critical,Email,Finance Ops,Closed,7.9,4,Yes,1,4.9,400,3160.0,May,5,Q2,Saturday
OPS-101354,2025-11-09,IT,Pune,Employee Query,Critical,Email,HR Ops,Closed,2.7,4,No,1,3.7,400,1080.0,Nov,11,Q4,Sunday
OPS-103049,2025-12-04,HR,Gurugram,Report Request,Medium,,Vendor Management,Escalated,10.2,24,No,3,4.3,280,2856.0,Dec,12,Q4,Thursday
OPS-100518,2025-10-12,Procurement,Pune,Invoice Query,Low,Portal,MIS,Closed,33.2,48,No,0,3.9,280,9296.0,Oct,10,Q4,Sunday
OPS-100601,2025-03-17,HR,Mumbai,Invoice Query,Low,Portal,MIS,Closed,5.8,48,No,0,5.0,450,2610.0,Mar,3,Q1,Monday
OPS-102653,2025-10-05,HR,Pune,Report Request,Medium,Email,Finance Ops,Closed,14.7,24,No,1,4.6,320,4704.0,Oct,10,Q4,Sunday
OPS-102644,2025-09-26,Customer Support,Chennai,Access Request,Low,Email,IT Support,Closed,9.4,48,No,0,4.4,320,3008.0,Sep,9,Q3,Friday
OPS-103742,2025-12-21,HR,Pune,Employee Query,Low,Email,MIS,Closed,8.4,48,No,1,5.0,350,2940.0,Dec,12,Q4,Sunday
OPS-104907,2025-04-03,Finance,Gurugram,Vendor Query,High,Email,Vendor Management,Closed,9.3,12,No,1,4.2,280,2604.0,Apr,4,Q2,Thursday
OPS-102413,2025-01-12,IT,Chennai,Invoice Query,High,Portal,Vendor Management,Closed,28.6,12,Yes,2,3.7,280,8008.0,Jan,1,Q1,Sunday
OPS-103011,2025-04-12,Operations,Noida,Compliance Request,Low,Portal,MIS,Pending,4.6,48,No,0,5.0,320,1472.0,Apr,4,Q2,Saturday
OPS-104022,2025-02-03,Operations,Chennai,System Issue,Medium,Phone,Finance Ops,Escalated,12.2,24,No,2,4.1,320,3904.0,Feb,2,Q1,Monday
OPS-100359,2025-12-26,HR,Noida,Employee Query,Low,Email,MIS,Closed,16.7,48,No,0,4.6,400,6680.0,Dec,12,Q4,Friday
OPS-101321,2025-02-09,Finance,Chennai,Compliance Request,Low,Portal,Vendor Management,Escalated,36.2,48,No,4,3.0,280,10136.0,Feb,2,Q1,Sunday
OPS-101212,2025-12-26,IT,Hyderabad,Vendor Query,Low,Email,HR Ops,Closed,12.4,48,No,0,4.5,350,4340.0,Dec,12,Q4,Friday
OPS-102547,2025-03-28,Sales,Chennai,System Issue,Low,Phone,Vendor Management,Closed,22.3,48,No,0,4.3,350,7805.0,Mar,3,Q1,Friday
OPS-102220,2025-01-19,Operations,Noida,Invoice Query,Medium,Email,Vendor Management,Closed,14.5,24,No,0,5.0,350,5075.0,Jan,1,Q1,Sunday
OPS-102801,2025-02-20,Procurement,Mumbai,System Issue,Low,Email,MIS,Escalated,30.9,48,No,3,3.3,450,13905.0,Feb,2,Q1,Thursday
OPS-103777,2025-12-22,Operations,Hyderabad,Report Request,High,Email,MIS,Closed,10.0,12,No,0,5.0,400,4000.0,Dec,12,Q4,Monday
OPS-103553,2025-02-23,Sales,Hyderabad,Vendor Query,Low,Email,Vendor Management,Closed,23.7,48,No,0,4.5,350,8295.0,Feb,2,Q1,Sunday
OPS-100144,2025-04-06,Customer Support,Gurugram,Compliance Request,Medium,Teams,IT Support,Closed,2.1,24,No,2,4.6,400,840.0,Apr,4,Q2,Sunday
OPS-101385,2025-08-20,IT,Bengaluru,Access Request,High,Teams,IT Support,Pending,13.1,12,Yes,1,5.0,450,5895.0,Aug,8,Q3,Wednesday
OPS-103046,2025-02-03,IT,Bengaluru,Access Request,Low,Teams,Vendor Management,Closed,11.6,48,No,0,4.4,280,3248.0,Feb,2,Q1,Monday
OPS-102257,2025-10-07,Customer Support,Chennai,Vendor Query,Medium, E-mail,HR Ops,Closed,8.8,24,No,1,4.1,450,3960.0,Oct,10,Q4,Tuesday
OPS-103545,2025-10-14,HR,Mumbai,Employee Query,Critical,Teams,Finance Ops,Pending,8.5,4,Yes,0,5.0,280,2380.0,Oct,10,Q4,Tuesday
OPS-101933,2025-09-25,Procurement,Mumbai,Access Request,Medium,Teams,Finance Ops,Pending,9.4,24,No,0,4.7,400,3760.0,Sep,9,Q3,Thursday
OPS-104669,2025-10-19,Customer Support,Noida,System Issue,Medium,Teams,HR Ops,Closed,13.8,24,No,1,4.0,320,4416.0,Oct,10,Q4,Sunday
OPS-104550,2025-08-27,Procurement,Bengaluru,Access Request,Low,Portal,HR Ops,Closed,13.4,48,No,0,4.4,320,4288.0,Aug,8,Q3,Wednesday
OPS-102694,2025-11-10,HR,Pune,Data Correction,Low,Email,HR Ops,Closed,7.4,48,No,0,4.7,280,2072.0,Nov,11,Q4,Monday
OPS-101299,2025-10-20,Finance,Mumbai,Report Request,Low,Phone,Vendor Management,Closed,11.5,48,No,1,4.2,350,4025.0,Oct,10,Q4,Monday
OPS-101291,2025-10-30,Operations,Chennai,Compliance Request,Low,Email,Finance Ops,Closed,28.7,48,No,0,4.3,350,10045.0,Oct,10,Q4,Thursday
OPS-100740,2025-04-09,Customer Support,Bengaluru,Access Request,Medium,Email,HR Ops,Closed,11.9,24,No,0,4.9,400,4760.0,Apr,4,Q2,Wednesday
OPS-102761,2025-07-02,Finance,Chennai,Vendor Query,Medium,Teams,IT Support,Closed,10.0,24,No,1,4.4,320,3200.0,Jul,7,Q3,Wednesday
OPS-103667,2025-09-21,HR,Chennai,Vendor Query,Low,Portal,Vendor Management,Pending,20.0,48,No,0,4.2,280,5600.0,Sep,9,Q3,Sunday
OPS-102183,2025-03-15,Sales,Chennai,Access Request,Medium,Teams,Vendor Management,Pending,1.2,24,No,0,5.0,320,384.0,Mar,3,Q1,Saturday
OPS-101312,2025-02-28,IT,Noida,Invoice Query,Medium,Email,MIS,Closed,24.2,24,Yes,1,4.0,350,8470.0,Feb,2,Q1,Friday
OPS-103778,2025-01-21,Sales,Mumbai,System Issue,Medium,Phone,Finance Ops,Closed,28.6,24,Yes,0,4.4,320,9152.0,Jan,1,Q1,Tuesday
OPS-101237,2025-11-15,HR,Pune,System Issue,Low,Email,HR Ops,Escalated,12.2,48,No,3,4.5,450,5490.0,Nov,11,Q4,Saturday
OPS-103675,2025-03-16,Procurement,Hyderabad,Vendor Query,Low,Email,HR Ops,Escalated,45.6,48,No,2,3.1,320,14592.0,Mar,3,Q1,Sunday
OPS-100886,2025-01-14,HR,Hyderabad,System Issue,Low,Email,Vendor Management,Closed,9.5,48,No,1,4.4,450,4275.0,Jan,1,Q1,Tuesday
OPS-100033,2025-07-07,Sales,Hyderabad,Employee Query,Low,Email,IT Support,Closed,1.4,48,No,0,5.0,350,490.0,Jul,7,Q3,Monday
OPS-100857,2025-08-06,HR,Mumbai,Data Correction,Medium,Email,Vendor Management,Closed,10.0,24,No,2,3.8,280,2800.0,Aug,8,Q3,Wednesday
OPS-102572,2025-12-03,Customer Support,Hyderabad,Employee Query,Medium,Email,IT Support,Closed,9.9,24,No,0,5.0,350,3465.0,Dec,12,Q4,Wednesday
OPS-103450,2025-02-20,Sales,Hyderabad,Report Request,High,Email,IT Support,Closed,17.4,12,Yes,1,4.1,320,5568.0,Feb,2,Q1,Thursday
OPS-103258,2025-02-06,Procurement,Hyderabad,Invoice Query,Low,Teams,Vendor Management,Closed,6.8,48,No,0,4.8,280,1904.0,Feb,2,Q1,Thursday
OPS-103062,2025-10-16,Procurement,Gurugram,System Issue,Low,Email,IT Support,Closed,8.6,48,No,0,5.0,350,3010.0,Oct,10,Q4,Thursday
OPS-102037,2025-10-21,Procurement,Gurugram,Employee Query,Low,Email,IT Support,Closed,11.7,48,No,1,4.2,350,4095.0,Oct,10,Q4,Tuesday
OPS-100435,2025-10-02,IT,Hyderabad,Invoice Query,High,Email,Finance Ops,Closed,10.3,12,No,0,4.2,280,2884.0,Oct,10,Q4,Thursday
OPS-100115,2025-02-02,Procurement,Pune,Employee Query,Low,Email,MIS,Escalated,24.1,48,No,2,3.5,450,10845.0,Feb,2,Q1,Sunday
OPS-101922,2025-04-27,Operations,Chennai,Access Request,Medium,Email,HR Ops,Closed,5.4,24,No,0,4.9,320,1728.0,Apr,4,Q2,Sunday
OPS-104050,2025-02-27,Operations,Hyderabad,System Issue,Medium,Email,Vendor Management,Closed,12.0,24,No,2,4.0,400,4800.0,Feb,2,Q1,Thursday
OPS-104418,2025-07-22,Finance,Mumbai,Employee Query,Low,Email,Vendor Management,Escalated,22.8,48,No,2,4.1,450,10260.0,Jul,7,Q3,Tuesday
OPS-103476,2025-01-08,HR,Hyderabad,Compliance Request,High,Email,IT Support,Closed,1.5,12,No,0,5.0,450,675.0,Jan,1,Q1,Wednesday
OPS-102207,2025-05-01,Customer Support,Noida,Compliance Request,Medium,Email,MIS,Closed,19.1,24,No,0,4.1,400,7640.0,May,5,Q2,Thursday
OPS-102466,2025-03-03,Operations,Mumbai,Invoice Query,Low,Portal,Finance Ops,Closed,6.5,48,No,1,5.0,450,2925.0,Mar,3,Q1,Monday
OPS-100764,2025-04-05,IT,Noida,System Issue,Low,Portal,Vendor Management,Closed,6.1,48,No,0,4.9,450,2745.0,Apr,4,Q2,Saturday
OPS-104798,2025-01-05,Procurement,Chennai,Data Correction,Low,Portal,IT Support,Closed,11.6,48,No,1,5.0,320,3712.0,Jan,1,Q1,Sunday
OPS-100968,2025-03-16,Finance,Bengaluru,System Issue,Medium,Email,Finance Ops,Closed,16.7,24,No,1,4.6,320,5344.0,Mar,3,Q1,Sunday
OPS-100170,2025-11-27,IT,Pune,Compliance Request,Medium,Portal,Finance Ops,Closed,7.6,24,No,0,5.0,400,3040.0,Nov,11,Q4,Thursday
OPS-104559,2025-04-14,Customer Support,Mumbai,Report Request,Low,Teams,IT Support,Closed,1.8,48,No,0,5.0,320,576.0,Apr,4,Q2,Monday
OPS-100268,2025-02-06,Finance,Hyderabad,Report Request,High,Email,MIS,Closed,3.0,12,No,0,5.0,450,1350.0,Feb,2,Q1,Thursday
OPS-103637,2025-08-21,Sales,Gurugram,Employee Query,Medium,Phone,IT Support,Pending,9.8,24,No,1,4.9,350,3430.0,Aug,8,Q3,Thursday
OPS-101907,2025-12-16,HR,Hyderabad,Data Correction,Low,Email,Finance Ops,Closed,21.4,48,No,0,4.5,280,5992.0,Dec,12,Q4,Tuesday
OPS-101518,2025-06-26,Finance,Pune,System Issue,Low,Email,MIS,Closed,11.1,48,No,0,4.9,400,4440.0,Jun,6,Q2,Thursday
OPS-100465,2025-05-24,HR,Chennai,Vendor Query,Medium,Email,IT Support,Closed,8.1,24,No,2,3.8,400,3240.0,May,5,Q2,Saturday
OPS-102406,2025-01-25,IT,Mumbai,Compliance Request,High,Portal,HR Ops,Closed,4.7,12,No,1,5.0,350,1645.0,Jan,1,Q1,Saturday
OPS-104370,2025-10-11,Operations,Chennai,Employee Query,Medium,Phone,MIS,Escalated,5.4,24,No,1,4.6,280,1512.0,Oct,10,Q4,Saturday
OPS-103395,2025-06-25,Finance,Chennai,,High,Portal,MIS,Closed,9.2,12,No,0,4.9,400,3680.0,Jun,6,Q2,Wednesday
OPS-100188,2025-08-22,IT,Hyderabad,Report Request,High,Email,,Closed,10.7,12,No,0,4.7,320,3424.0,Aug,8,Q3,Friday
OPS-104478,2025-09-17,Sales,Pune,Data Correction,Medium,Email,Vendor Management,Closed,13.4,24,No,0,4.8,320,4288.0,Sep,9,Q3,Wednesday
OPS-101945,2025-03-28,Procurement,Gurugram,Employee Query,Medium,Portal,Finance Ops,Escalated,24.3,24,Yes,3,3.5,400,9720.0,Mar,3,Q1,Friday
OPS-101217,2025-05-21,Finance,Mumbai,Invoice Query,Critical,Email,Finance Ops,Closed,12.2,4,Yes,0,4.2,400,4880.0,May,5,Q2,Wednesday
OPS-100452,2025-04-28,Customer Support,Bengaluru,System Issue,High,Email,Vendor Management,Closed,16.9,12,Yes,0,4.2,350,5915.0,Apr,4,Q2,Monday
OPS-101203,2025-12-03,Finance,Noida,Employee Query,Medium,Teams,HR Ops,Closed,10.9,24,No,0,4.5,450,4905.0,Dec,12,Q4,Wednesday
OPS-101975,2025-04-28,IT,Mumbai,Compliance Request,High,Email,IT Support,Closed,10.8,12,No,1,4.2,320,3456.0,Apr,4,Q2,Monday
OPS-104312,2025-11-14,Sales,Noida,Access Request,Low,Portal,MIS,Closed,29.3,48,No,0,3.9,280,8204.0,Nov,11,Q4,Friday
OPS-100006,2025-07-08,Finance,Mumbai,System Issue,Medium,Teams,Finance Ops,Closed,17.9,24,No,0,5.0,450,8055.0,Jul,7,Q3,Tuesday
OPS-101842,2025-11-13,Customer Support,Chennai,Vendor Query,Medium,Email,HR Ops,Closed,8.9,24,No,0,5.0,400,3560.0,Nov,11,Q4,Thursday
OPS-101171,2025-07-21,Operations,Gurugram,Report Request,Low,Email,IT Support,Closed,14.6,48,No,0,4.0,400,5840.0,Jul,7,Q3,Monday
OPS-103900,2025-07-07,IT,Gurugram,Access Request,Medium,Email,HR Ops,Closed,20.7,24,No,2,4.1,350,7245.0,Jul,7,Q3,Monday
OPS-104411,2025-02-16,IT,Hyderabad,Report Request,Low,Teams,Finance Ops,Closed,16.9,48,No,1,4.5,400,6760.0,Feb,2,Q1,Sunday
OPS-103839,2025-11-09,IT,Mumbai,Report Request,Medium,Email,Finance Ops,Closed,24.8,24,Yes,0,4.0,350,8680.0,Nov,11,Q4,Sunday
OPS-101684,2025-11-22,Customer Support,Hyderabad,System Issue,Low,Email,HR Ops,Escalated,39.4,48,No,2,3.3,400,15760.0,Nov,11,Q4,Saturday
OPS-101615,2025-02-09,HR,Hyderabad,Data Correction,Medium,Email,Finance Ops,Closed,9.6,24,No,0,5.0,280,2688.0,Feb,2,Q1,Sunday
OPS-101058,2025-01-14,Operations,Mumbai,Data Correction,Medium,Portal,Vendor Management,Closed,24.3,24,Yes,0,4.2,280,6804.0,Jan,1,Q1,Tuesday
OPS-102752,2025-01-30,Finance,Chennai,Invoice Query,Medium,Email,MIS,Closed,14.7,24,No,1,4.7,280,4116.0,Jan,1,Q1,Thursday
OPS-101737,2025-07-14,Procurement,Noida,Vendor Query,Low,Portal,MIS,Escalated,32.8,48,No,2,3.1,400,13120.0,Jul,7,Q3,Monday
OPS-101463,2025-01-07,HR,Pune,Report Request,Low,Email,MIS,Closed,22.4,48,No,1,4.2,450,10080.0,Jan,1,Q1,Tuesday
OPS-102377,2025-08-04,Finance,Mumbai,System Issue,Low,Teams,Vendor Management,Closed,11.5,48,No,1,4.2,320,3680.0,Aug,8,Q3,Monday
OPS-103505,2025-04-18,Operations,Mumbai,Data Correction,Low,Email,HR Ops,Closed,25.9,48,No,0,3.8,350,9065.0,Apr,4,Q2,Friday
OPS-102930,2025-11-15,Finance,Gurugram,Compliance Request,Low,Email,HR Ops,Closed,22.7,48,No,0,4.7,350,7945.0,Nov,11,Q4,Saturday
OPS-102728,2025-03-12,Finance,Pune,Vendor Query,Low,Email,HR Ops,Closed,15.4,48,No,1,4.4,350,5390.0,Mar,3,Q1,Wednesday
OPS-100290,2025-06-02,IT,Gurugram,Vendor Query,Low,Teams,IT Support,Closed,15.0,48,No,1,4.3,350,5250.0,Jun,6,Q2,Monday
OPS-104180,2025-11-17,IT,Mumbai,Access Request,Medium,Email,IT Support,Closed,18.4,24,No,1,3.5,350,6440.0,Nov,11,Q4,Monday
OPS-100724,2025-03-06,HR,Gurugram,Report Request,Low,Email,,Closed,5.8,48,No,1,4.5,400,2320.0,Mar,3,Q1,Thursday
OPS-103954,2025-11-16,HR,Bengaluru,Report Request,Medium,Phone,Vendor Management,Closed,20.4,24,No,0,4.4,350,7140.0,Nov,11,Q4,Sunday
OPS-101752,2025-11-16,Procurement,Gurugram,Data Correction,Medium,Email,IT Support,Closed,8.7,24,No,0,4.1,450,3915.0,Nov,11,Q4,Sunday
OPS-102943,2025-04-26,HR,Hyderabad,System Issue,Low,Email,MIS,Closed,17.6,48,No,0,4.3,320,5632.0,Apr,4,Q2,Saturday
OPS-104633,2025-10-09,Finance,Chennai,Access Request,Medium,Portal,MIS,Closed,13.2,24,No,0,4.7,280,3696.0,Oct,10,Q4,Thursday
OPS-101524,2025-10-20,Customer Support,Noida,Access Request,Medium,Phone,Finance Ops,Closed,9.2,24,No,0,4.8,320,2944.0,Oct,10,Q4,Monday
OPS-103576,2025-03-08,Customer Support,Noida,Employee Query,Medium,Portal,Finance Ops,Closed,10.7,24,No,1,4.7,400,4280.0,Mar,3,Q1,Saturday
OPS-102591,2025-05-20,IT,Noida,Invoice Query,High,Portal,Finance Ops,Closed,10.3,12,No,1,4.2,350,3605.0,May,5,Q2,Tuesday
OPS-104329,2025-01-22,Finance,Bengaluru,Access Request,Medium,Email,HR Ops,Closed,9.5,24,No,0,4.9,350,3325.0,Jan,1,Q1,Wednesday
OPS-101182,2025-07-29,HR,Pune,System Issue,Medium,Email,HR Ops,Closed,1.1,24,No,0,4.8,280,308.0,Jul,7,Q3,Tuesday
OPS-102233,2025-08-14,IT,Chennai,System Issue,Medium,Phone,IT Support,Escalated,2.4,24,No,1,3.9,320,768.0,Aug,8,Q3,Thursday
OPS-100622,2025-05-25,Procurement,Noida,Employee Query,Low,Email,IT Support,Closed,13.4,48,No,0,4.4,350,4690.0,May,5,Q2,Sunday
OPS-100962,2025-08-17,Finance,Noida,Report Request,Medium,Email,IT Support,Escalated,36.2,24,Yes,1,3.5,280,10136.0,Aug,8,Q3,Sunday
OPS-102438,2025-09-10,HR,Noida,Vendor Query,Critical,Email,MIS,Closed,10.0,4,Yes,1,3.9,280,2800.0,Sep,9,Q3,Wednesday
OPS-104530,2025-12-28,HR,Chennai,Vendor Query,Low,Email,HR Ops,Escalated,34.2,48,No,2,3.4,450,15390.0,Dec,12,Q4,Sunday
OPS-100479,2025-10-16,Customer Support,Noida,Compliance Request,Low,Teams,Finance Ops,Closed,8.9,48,No,0,4.5,350,3115.0,Oct,10,Q4,Thursday
OPS-100770,2025-04-28,Finance,Hyderabad,Employee Query,Low,Email,Finance Ops,Closed,24.4,48,No,1,4.1,320,7808.0,Apr,4,Q2,Monday
OPS-102817,2025-08-19,IT,Pune,Access Request,High,Portal,IT Support,Closed,5.9,12,No,0,5.0,350,2065.0,Aug,8,Q3,Tuesday
OPS-101694,2025-07-15,Finance,Bengaluru,Invoice Query,Low,Email,Vendor Management,Pending,13.7,48,No,0,4.5,350,4795.0,Jul,7,Q3,Tuesday
OPS-100822,2025-08-28,Customer Support,Pune,Report Request,High,Teams,IT Support,Escalated,13.3,12,Yes,2,4.1,280,3724.0,Aug,8,Q3,Thursday
OPS-100317,2025-01-27,HR,Mumbai,Vendor Query,Low,Portal,Vendor Management,Closed,7.5,48,No,0,4.6,450,3375.0,Jan,1,Q1,Monday
OPS-101669,2025-10-22,HR,Mumbai,Vendor Query,Medium,Teams,IT Support,Closed,2.9,24,No,0,4.8,450,1305.0,Oct,10,Q4,Wednesday
OPS-103428,2025-07-15,IT,Chennai,System Issue,Medium,Email,HR Ops,Closed,7.8,24,No,0,4.8,450,3510.0,Jul,7,Q3,Tuesday
OPS-104888,2025-07-29,IT,Bengaluru,Vendor Query,Low,Email,IT Support,Closed,12.8,48,No,0,4.8,320,4096.0,Jul,7,Q3,Tuesday
OPS-103536,2025-12-18,IT,Mumbai,Report Request,Low,Email,Vendor Management,Closed,5.3,48,No,0,5.0,350,1855.0,Dec,12,Q4,Thursday
OPS-102995,2025-09-17,Operations,Chennai,Access Request,Low,Email,IT Support,Closed,3.7,48,No,1,4.6,450,1665.0,Sep,9,Q3,Wednesday
OPS-101758,2025-07-27,Customer Support,Mumbai,Compliance Request,Medium,Teams,Vendor Management,Escalated,15.0,24,No,1,4.5,450,6750.0,Jul,7,Q3,Sunday
OPS-103014,2025-09-04,Customer Support,Pune,Compliance Request,Medium,Email,Finance Ops,Closed,10.2,24,No,0,4.5,450,4590.0,Sep,9,Q3,Thursday
OPS-101166,2025-11-15,Finance,Gurugram,Invoice Query,Low,Email,Vendor Management,Closed,3.3,48,No,2,4.1,450,1485.0,Nov,11,Q4,Saturday
OPS-104648,2025-07-18,Customer Support,,Vendor Query,High,Email,HR Ops,Closed,13.5,12,Yes,1,4.1,350,4725.0,Jul,7,Q3,Friday
OPS-100881,2025-07-26,HR,Noida,Data Correction,Low,Email,HR Ops,Closed,6.1,48,No,0,5.0,280,1708.0,Jul,7,Q3,Saturday
OPS-103666,2025-02-28,Operations,Chennai,Access Request,Low,Email,HR Ops,Escalated,8.2,48,No,1,4.7,280,2296.0,Feb,2,Q1,Friday
OPS-102969,2025-06-13,Finance,Mumbai,Access Request,Medium,Email,Vendor Management,Closed,11.5,24,No,1,4.3,450,5175.0,Jun,6,Q2,Friday
OPS-104371,2025-10-28,Operations,Mumbai,System Issue,Medium,Portal,IT Support,Pending,10.8,24,No,1,4.3,450,4860.0,Oct,10,Q4,Tuesday
OPS-100656,2025-02-27,Sales,Noida,Report Request,Medium,Portal,HR Ops,Closed,23.3,24,No,1,4.0,450,10485.0,Feb,2,Q1,Thursday
OPS-103107,2025-07-09,Customer Support,Chennai,Invoice Query,Medium,Portal,HR Ops,Closed,7.0,24,No,0,4.7,280,1960.0,Jul,7,Q3,Wednesday
OPS-102050,2025-12-18,Sales,Pune,System Issue,Low,Email,Vendor Management,Closed,13.5,48,No,0,4.9,400,5400.0,Dec,12,Q4,Thursday
OPS-103176,2025-06-21,Customer Support,Hyderabad,Data Correction,Medium,Email,MIS,Closed,14.6,24,No,0,5.0,350,5110.0,Jun,6,Q2,Saturday
OPS-101507,2025-11-14,Procurement,Pune,Access Request,Low,Phone,Finance Ops,Closed,9.5,48,No,0,5.0,320,3040.0,Nov,11,Q4,Friday
OPS-101472,2025-09-30,IT,Chennai,Invoice Query,Low,Email,IT Support,Closed,14.1,48,No,1,5.0,320,4512.0,Sep,9,Q3,Tuesday
OPS-101641,2025-09-26,Finance,Mumbai,Employee Query,Low,Email,MIS,Closed,10.9,48,No,2,4.3,320,3488.0,Sep,9,Q3,Friday
OPS-100644,2025-05-06,Sales,Noida,Access Request,High,Email,Finance Ops,Closed,6.5,12,No,0,5.0,350,2275.0,May,5,Q2,Tuesday
OPS-100874,2025-10-19,Finance,Gurugram,Access Request,Medium,Email,Vendor Management,Closed,4.1,24,No,0,5.0,280,1148.0,Oct,10,Q4,Sunday
OPS-100343,2025-04-05,HR,Gurugram,Employee Query,Low,Email,IT Support,Closed,5.6,48,No,1,4.3,320,1792.0,Apr,4,Q2,Saturday
OPS-102318,2025-02-24,Customer Support,Bengaluru,Data Correction,High,Portal,Finance Ops,Escalated,5.8,12,No,1,4.5,280,1624.0,Feb,2,Q1,Monday
OPS-102966,2025-03-15,Operations,Gurugram,Compliance Request,Critical,Portal,MIS,Closed,1.4,4,No,0,5.0,320,448.0,Mar,3,Q1,Saturday
OPS-101920,2025-04-15,Procurement,Mumbai,Employee Query,Low,Email,IT Support,Closed,12.7,48,No,0,4.9,450,5715.0,Apr,4,Q2,Tuesday
OPS-100303,2025-05-15,Finance,Chennai,System Issue,Critical,Email,MIS,Pending,5.7,4,Yes,0,5.0,450,2565.0,May,5,Q2,Thursday
OPS-100102,2025-03-04,Customer Support,Noida,Access Request,Medium,Teams,IT Support,Escalated,14.1,24,No,2,4.2,280,3948.0,Mar,3,Q1,Tuesday
OPS-102434,2025-12-11,Operations,Mumbai,System Issue,High,Email,HR Ops,Closed,14.9,12,Yes,0,4.5,320,4768.0,Dec,12,Q4,Thursday
OPS-103391,2025-11-01,Procurement,Noida,Employee Query,Medium,Phone,IT Support,Closed,20.1,24,No,1,4.1,280,5628.0,Nov,11,Q4,Saturday
OPS-104182,2025-08-05,Sales,Mumbai,Report Request,Low,Email,MIS,Closed,9.1,48,No,0,4.5,450,4095.0,Aug,8,Q3,Tuesday
OPS-104812,2025-09-15,HR,Bengaluru,Report Request,Low,Email,HR Ops,Closed,5.7,48,No,1,4.7,280,1596.0,Sep,9,Q3,Monday
OPS-100197,2025-11-14,IT,Chennai,Access Request,Low,Phone,,Pending,20.8,48,No,0,4.4,320,6656.0,Nov,11,Q4,Friday
OPS-104099,2025-10-10,Sales,Mumbai,Report Request,Medium,Portal,Vendor Management,Closed,14.9,24,No,0,5.0,450,6705.0,Oct,10,Q4,Friday
OPS-104357,2025-03-24,Procurement,Chennai,Data Correction,Medium,Portal,Finance Ops,Closed,15.9,24,No,0,4.5,280,4452.0,Mar,3,Q1,Monday
OPS-103475,2025-12-07,Procurement,,Employee Query,Low,Portal,MIS,Closed,9.4,48,No,0,4.7,400,3760.0,Dec,12,Q4,Sunday
OPS-102187,2025-11-08,Procurement,Gurugram,Invoice Query,Medium,Email,MIS,Closed,6.2,24,No,1,5.0,320,1984.0,Nov,11,Q4,Saturday
OPS-100918,2025-07-31,Operations,Chennai,Data Correction,High,Email,Finance Ops,Closed,6.4,12,No,0,4.6,450,2880.0,Jul,7,Q3,Thursday
OPS-104969,2025-11-05,Operations,Bengaluru,Access Request,Medium,Email,Vendor Management,Pending,39.9,24,Yes,1,2.9,450,17955.0,Nov,11,Q4,Wednesday
OPS-101258,2025-02-23,Operations,Chennai,Compliance Request,Medium,Email,IT Support,Closed,10.9,24,No,0,4.3,320,3488.0,Feb,2,Q1,Sunday
OPS-101086,2025-10-16,Procurement,Bengaluru,Data Correction,Low,Email,HR Ops,Closed,3.9,48,No,0,4.9,400,1560.0,Oct,10,Q4,Thursday
OPS-102295,2025-11-22,Sales,Hyderabad,Employee Query,Low,Email,IT Support,Closed,21.1,48,No,0,3.9,400,8440.0,Nov,11,Q4,Saturday
OPS-100995,2025-11-16,Operations,Noida,Invoice Query,Low,Teams,Vendor Management,Closed,23.7,48,No,0,4.1,350,8295.0,Nov,11,Q4,Sunday
OPS-102749,2025-06-01,HR,Bengaluru,Report Request,Low,Phone,Vendor Management,Closed,8.8,48,No,0,4.6,280,2464.0,Jun,6,Q2,Sunday
OPS-102858,2025-09-07,Operations,Gurugram,Invoice Query,High,Phone,IT Support,Closed,11.0,12,No,0,5.0,400,4400.0,Sep,9,Q3,Sunday
OPS-103056,2025-11-21,IT,Mumbai,Employee Query,Low,Email,Finance Ops,Closed,13.7,48,No,0,5.0,320,4384.0,Nov,11,Q4,Friday
OPS-101065,2025-05-23,IT,Mumbai,System Issue,Medium,Portal,HR Ops,Closed,18.7,24,No,1,3.7,400,7480.0,May,5,Q2,Friday
OPS-101487,2025-01-04,Sales,Noida,Vendor Query,Medium,Teams,Finance Ops,Closed,9.8,24,No,0,4.5,280,2744.0,Jan,1,Q1,Saturday
OPS-102280,2025-11-12,Finance,Chennai,Employee Query,Medium,Email,Vendor Management,Closed,12.4,24,No,0,4.7,280,3472.0,Nov,11,Q4,Wednesday
OPS-101071,2025-04-14,Procurement,Pune,Invoice Query,Critical,Email,Vendor Management,Closed,1.4,4,No,0,5.0,280,392.0,Apr,4,Q2,Monday
OPS-100528,2025-09-21,IT,Gurugram,System Issue,High,Teams,MIS,Closed,11.8,12,No,0,4.6,400,4720.0,Sep,9,Q3,Sunday
OPS-104739,2025-06-19,Operations,Noida,Compliance Request,Low,Portal,IT Support,Closed,7.7,48,No,0,4.7,320,2464.0,Jun,6,Q2,Thursday
OPS-101937,2025-02-09,Procurement,Hyderabad,Vendor Query,Medium,Email,Vendor Management,Closed,6.0,24,No,0,4.8,350,2100.0,Feb,2,Q1,Sunday
OPS-100754,2025-03-26,Customer Support,Gurugram,Vendor Query,High,Portal,IT Support,Closed,29.6,12,Yes,0,3.9,400,11840.0,Mar,3,Q1,Wednesday
OPS-104994,2025-10-23,IT,Mumbai,Data Correction,Low,Email,Vendor Management,Closed,4.1,48,No,0,5.0,350,1435.0,Oct,10,Q4,Thursday
OPS-100928,2025-02-03,Sales,Mumbai,Report Request,Medium,Teams,MIS,Closed,5.1,24,No,0,5.0,280,1428.0,Feb,2,Q1,Monday
OPS-103417,2025-09-02,Operations,Chennai,Invoice Query,Low,Teams,MIS,Closed,16.0,48,No,0,4.6,400,6400.0,Sep,9,Q3,Tuesday
OPS-103578,2025-10-19,Sales,,Invoice Query,Low,Portal,IT Support,Pending,9.0,48,No,0,4.9,400,3600.0,Oct,10,Q4,Sunday
OPS-104999,2025-07-11,Sales,Hyderabad,Invoice Query,Low,Phone,Vendor Management,Closed,1.9,48,No,0,4.6,320,608.0,Jul,7,Q3,Friday
OPS-102390,2025-10-03,Finance,Gurugram,Vendor Query,Medium,Phone,HR Ops,Closed,10.0,24,No,0,4.0,320,3200.0,Oct,10,Q4,Friday
OPS-100411,2025-04-11,HR,Chennai,Access Request,Low,Email,Vendor Management,Closed,32.0,48,No,2,2.9,350,11200.0,Apr,4,Q2,Friday
OPS-104734,2025-12-12,Customer Support,Mumbai,Compliance Request,High,Email,HR Ops,Closed,13.9,12,Yes,0,4.8,450,6255.0,Dec,12,Q4,Friday
OPS-103827,2025-07-06,Finance,Chennai,Report Request,Low,Email,Vendor Management,Closed,10.2,48,No,0,4.8,400,4080.0,Jul,7,Q3,Sunday
OPS-104420,2025-11-14,Finance,Gurugram,Compliance Request,Low,Portal,IT Support,Escalated,7.1,48,No,2,4.2,280,1988.0,Nov,11,Q4,Friday
OPS-103700,2025-05-27,Customer Support,,Data Correction,High,Teams,MIS,Closed,13.1,12,Yes,2,4.1,350,4585.0,May,5,Q2,Tuesday
OPS-102561,2025-02-20,Procurement,Mumbai,System Issue,Medium,Email,Vendor Management,Closed,8.5,24,No,1,,400,3400.0,Feb,2,Q1,Thursday
OPS-103479,2025-05-25,Finance,Hyderabad,Report Request,Critical,Email,Vendor Management,Pending,8.3,4,Yes,1,4.0,320,2656.0,May,5,Q2,Sunday
OPS-104007,2025-02-24,HR,Chennai,Data Correction,Medium,Email,Finance Ops,Pending,4.0,24,No,0,4.5,280,1120.0,Feb,2,Q1,Monday
OPS-101594,2025-07-14,Customer Support,Chennai,Invoice Query,High,Email,Finance Ops,Closed,4.9,12,No,1,4.5,350,1715.0,Jul,7,Q3,Monday
OPS-100283,2025-04-23,Procurement,Bengaluru,Vendor Query,Low,Teams,Finance Ops,Closed,8.2,48,No,0,4.9,400,3280.0,Apr,4,Q2,Wednesday
OPS-100944,2025-05-30,HR,Pune,Employee Query,Medium,Portal,MIS,Closed,3.7,24,No,0,5.0,280,1036.0,May,5,Q2,Friday
OPS-104428,2025-05-18,Sales,Noida,Report Request,Low,Email,Vendor Management,Closed,6.8,48,No,0,4.6,320,2176.0,May,5,Q2,Sunday
OPS-100265,2025-10-31,IT,Chennai,Data Correction,Medium,Email,MIS,Closed,21.1,24,No,1,4.4,280,5908.0,Oct,10,Q4,Friday
OPS-100909,2025-02-08,Finance,Gurugram,Access Request,Low,Email,IT Support,Closed,21.2,48,No,1,4.6,350,7420.0,Feb,2,Q1,Saturday
OPS-103246,2025-03-31,Procurement,Chennai,Employee Query,Medium,Portal,MIS,Closed,14.1,24,No,2,3.9,320,4512.0,Mar,3,Q1,Monday
OPS-104442,2025-06-28,Procurement,Mumbai,Access Request,Low,Portal,MIS,Closed,11.3,48,No,2,3.9,280,3164.0,Jun,6,Q2,Saturday
OPS-103183,2025-10-28,HR,Mumbai,Access Request,Low,Teams,IT Support,Closed,15.6,48,No,0,5.0,350,5460.0,Oct,10,Q4,Tuesday
OPS-101996,2025-06-14,HR,Chennai,Invoice Query,Medium,Email,HR Ops,Escalated,25.7,24,Yes,2,3.6,450,11565.0,Jun,6,Q2,Saturday
OPS-104913,2025-09-25,Procurement,Noida,Data Correction,Medium,Email,Vendor Management,Closed,8.9,24,No,1,4.6,320,2848.0,Sep,9,Q3,Thursday
OPS-101836,2025-06-23,Customer Support,Gurugram,Invoice Query,Medium,Portal,MIS,Escalated,5.4,24,No,2,4.2,320,1728.0,Jun,6,Q2,Monday
OPS-103855,2025-08-02,Finance,Chennai,Vendor Query,Medium,Email,Finance Ops,Closed,6.6,24,No,1,4.3,350,2310.0,Aug,8,Q3,Saturday
OPS-103016,2025-10-10,Customer Support,Gurugram,Report Request,Low,Email,HR Ops,Closed,2.1,48,No,0,4.5,280,588.0,Oct,10,Q4,Friday
OPS-101492,2025-04-18,IT,Bengaluru,Access Request,Medium,Email,IT Support,Closed,2.1,24,No,0,4.7,280,588.0,Apr,4,Q2,Friday
OPS-103078,2025-01-04,IT,Pune,Data Correction,High,Email,Finance Ops,Closed,10.0,12,No,0,5.0,350,3500.0,Jan,1,Q1,Saturday
OPS-100790,2025-08-14,IT,Hyderabad,Report Request,Medium,Portal,MIS,Closed,11.2,24,No,0,5.0,350,3920.0,Aug,8,Q3,Thursday
OPS-100496,2025-11-21,IT,Hyderabad,Employee Query,Low,Portal,Vendor Management,Escalated,23.5,48,No,2,4.3,350,8225.0,Nov,11,Q4,Friday
OPS-102242,2025-05-18,Finance,Mumbai,System Issue,Medium,Portal,HR Ops,Escalated,38.4,24,Yes,2,3.2,400,15360.0,May,5,Q2,Sunday
OPS-104856,2025-01-29,Procurement,Noida,Access Request,Low,Portal,HR Ops,Closed,1.1,48,No,1,4.6,400,440.0,Jan,1,Q1,Wednesday
OPS-103674,2025-05-07,Customer Support,Chennai,Employee Query,Medium,Email,MIS,Closed,7.0,24,No,0,4.5,400,2800.0,May,5,Q2,Wednesday
OPS-104300,2025-07-21,Procurement,Mumbai,System Issue,Medium,Email,Vendor Management,Closed,10.7,24,No,0,4.7,400,4280.0,Jul,7,Q3,Monday
OPS-100936,2025-06-29,Operations,Pune,System Issue,Low,Phone,HR Ops,Closed,3.7,48,No,0,4.9,350,1295.0,Jun,6,Q2,Sunday
OPS-103490,2025-02-16,Customer Support,Gurugram,Employee Query,Critical,,MIS,Escalated,23.4,4,Yes,3,3.7,280,6552.0,Feb,2,Q1,Sunday
OPS-100305,2025-05-08,Operations,Mumbai,System Issue,Low,Email,HR Ops,Escalated,47.1,48,No,2,3.2,280,13188.0,May,5,Q2,Thursday
OPS-102732,2025-01-03,Customer Support,Pune,Employee Query,Low,Teams,IT Support,Closed,19.6,48,No,0,4.2,450,8820.0,Jan,1,Q1,Friday
OPS-104487,2025-07-26,Sales,Hyderabad,System Issue,Critical,Email,Vendor Management,Closed,6.8,4,Yes,2,4.3,280,1904.0,Jul,7,Q3,Saturday
OPS-100858,2025-10-28,Operations,Bengaluru,Report Request,Medium,Portal,Vendor Management,Closed,39.6,24,Yes,1,3.3,400,15840.0,Oct,10,Q4,Tuesday
OPS-100344,2025-04-09,Operations,Bengaluru,Data Correction,Medium,Portal,IT Support,Closed,9.4,24,No,0,4.9,400,3760.0,Apr,4,Q2,Wednesday
OPS-101885,2025-11-05,Sales,Gurgaon,Vendor Query,High,Email,Finance Ops,Escalated,1.2,12,No,2,4.7,450,540.0,Nov,11,Q4,Wednesday
OPS-102282,2025-01-05,Customer Support,Bengaluru,Data Correction,Medium,Email,Finance Ops,Closed,26.4,24,Yes,0,5.0,450,11880.0,Jan,1,Q1,Sunday
OPS-104525,2025-02-24,Operations,Bengaluru,System Issue,High,Email,IT Support,Closed,5.7,12,No,0,5.0,320,1824.0,Feb,2,Q1,Monday
OPS-101992,2025-05-01,HR,Noida,Invoice Query,Medium,Phone,IT Support,Pending,8.1,24,No,1,4.5,280,2268.0,May,5,Q2,Thursday
OPS-102680,2025-08-12,IT,Bengaluru,Employee Query,Medium,Teams,HR Ops,Closed,6.9,24,No,0,4.9,400,2760.0,Aug,8,Q3,Tuesday
OPS-101823,2025-12-19,Procurement,Hyderabad,Compliance Request,Low,Email,IT Support,Closed,10.4,48,No,1,4.8,280,2912.0,Dec,12,Q4,Friday
OPS-104635,2025-01-25,Sales,Hyderabad,Employee Query,Low,Email,Vendor Management,Closed,12.1,48,No,0,4.3,320,3872.0,Jan,1,Q1,Saturday
OPS-104836,2025-10-18,HR,Chennai,Data Correction,Low,Phone,Finance Ops,Escalated,11.0,48,No,2,4.7,280,3080.0,Oct,10,Q4,Saturday
OPS-103441,2025-11-01,Procurement,Noida,System Issue,Low,Teams,Vendor Management,Closed,27.0,48,No,0,4.6,400,10800.0,Nov,11,Q4,Saturday
OPS-102036,2025-06-27,Sales,Gurugram,Access Request,High,Teams,MIS,Closed,11.3,12,No,0,5.0,350,3955.0,Jun,6,Q2,Friday
OPS-101031,2025-11-16,Operations,Hyderabad,Employee Query,Low,Portal,MIS,Closed,15.5,48,No,0,4.7,320,4960.0,Nov,11,Q4,Sunday
OPS-102810,2025-07-11,Customer Support,Hyderabad,Employee Query,Critical,Portal,HR Ops,Pending,3.1,4,No,0,,320,992.0,Jul,7,Q3,Friday
OPS-102517,2025-01-17,IT,Chennai,Access Request,Low,Portal,Vendor Management,Closed,10.4,48,No,0,4.7,400,4160.0,Jan,1,Q1,Friday
OPS-103915,2025-08-14,HR,Hyderabad,Employee Query,Low,Teams,MIS,Closed,7.6,48,No,1,4.2,450,3420.0,Aug,8,Q3,Thursday
OPS-104764,2025-11-14,HR,Mumbai,Vendor Query,Medium,Teams,MIS,Closed,11.3,24,No,0,4.6,400,4520.0,Nov,11,Q4,Friday
OPS-100643,2025-08-08,HR,Gurugram,Report Request,High,Teams,Finance Ops,Closed,3.1,12,No,0,5.0,400,1240.0,Aug,8,Q3,Friday
OPS-104733,2025-03-05,Finance,Bengaluru,Invoice Query,Medium,Teams,HR Ops,Closed,6.5,24,No,1,4.4,400,2600.0,Mar,3,Q1,Wednesday
OPS-103698,2025-03-06,Finance,Mumbai,System Issue,Medium,Email,Finance Ops,Closed,9.0,24,No,0,4.6,280,2520.0,Mar,3,Q1,Thursday
OPS-104723,2025-07-11,Operations,Gurugram,Access Request,Medium,Teams,Vendor Management,Escalated,14.1,24,No,3,3.9,450,6345.0,Jul,7,Q3,Friday
OPS-101139,2025-04-21,Sales,Gurugram,Compliance Request,Medium,Phone,IT Support,Closed,13.9,24,No,1,4.8,320,4448.0,Apr,4,Q2,Monday
OPS-101788,2025-04-27,Customer Support,Noida,Compliance Request,Low,Email,Finance Ops,Closed,10.6,48,No,0,5.0,320,3392.0,Apr,4,Q2,Sunday
OPS-103006,2025-01-21,Operations,Noida,Vendor Query,Medium,Phone,IT Support,Escalated,6.5,24,No,3,4.0,320,2080.0,Jan,1,Q1,Tuesday
OPS-102802,2025-09-02,Operations,Chennai,Report Request,Medium,Email,Finance Ops,Closed,22.8,24,No,0,4.4,320,7296.0,Sep,9,Q3,Tuesday
OPS-101830,2025-06-03,IT,Mumbai,Access Request,Medium,Email,Vendor Management,Closed,9.0,24,No,0,4.4,450,4050.0,Jun,6,Q2,Tuesday
OPS-103008,2025-09-26,Operations,Mumbai,Access Request,Medium,Email,Vendor Management,Closed,10.3,24,No,0,3.8,450,4635.0,Sep,9,Q3,Friday
OPS-102996,2025-09-03,Procurement,Pune,Report Request,Medium,Email,MIS,Escalated,17.2,24,No,3,3.5,450,7740.0,Sep,9,Q3,Wednesday
OPS-100807,2025-05-13,IT,Noida,Employee Query,Medium,Portal,HR Ops,Closed,0.9,24,No,1,4.9,450,405.0,May,5,Q2,Tuesday
OPS-102536,2025-07-19,HR,Hyderabad,Vendor Query,Low,Email,Vendor Management,Closed,21.0,48,No,0,5.0,350,7350.0,Jul,7,Q3,Saturday
OPS-102587,2025-09-12,Procurement,Gurugram,Report Request,Medium,Email,IT Support,Closed,4.7,24,No,1,4.5,400,1880.0,Sep,9,Q3,Friday
OPS-101863,2025-11-10,Procurement,Noida,Vendor Query,Medium,Email,HR Ops,Closed,18.4,24,No,0,5.0,350,6440.0,Nov,11,Q4,Monday
OPS-103087,2025-10-29,Customer Support,Mumbai,,Medium,Teams,HR Ops,Closed,7.6,24,No,2,4.5,450,3420.0,Oct,10,Q4,Wednesday
OPS-103877,2025-01-28,IT,Bengaluru,Vendor Query,Low,Email,IT Support,Closed,3.4,48,No,0,5.0,450,1530.0,Jan,1,Q1,Tuesday
OPS-101187,2025-09-08,Operations,Pune,Access Request,High,Teams,IT Support,Closed,16.4,12,Yes,0,4.6,350,5740.0,Sep,9,Q3,Monday
OPS-103166,2025-02-04,Customer Support,Mumbai,Data Correction,Low,Email,HR Ops,Closed,31.1,48,No,2,3.6,320,9952.0,Feb,2,Q1,Tuesday
OPS-102593,2025-09-15,Sales,Noida,Invoice Query,Medium,Email,Finance Ops,Closed,21.5,24,No,1,3.6,400,8600.0,Sep,9,Q3,Monday
OPS-103433,2025-02-28,Finance,Mumbai,Employee Query,Low,Email,IT Support,Closed,12.0,48,No,0,4.8,350,4200.0,Feb,2,Q1,Friday
OPS-104476,2025-07-04,Finance,Bengaluru,System Issue,Medium,Portal,MIS,Closed,20.6,24,No,0,5.0,450,9270.0,Jul,7,Q3,Friday
OPS-100346,2025-04-26,Sales,Noida,Compliance Request,Medium,Email,IT Support,Closed,25.0,24,Yes,0,4.9,320,8000.0,Apr,4,Q2,Saturday
OPS-100259,2025-09-09,Customer Support,Chennai,Invoice Query,Medium,Email,Vendor Management,Closed,13.1,24,No,0,5.0,280,3668.0,Sep,9,Q3,Tuesday
OPS-100114,2025-09-25,IT,Gurugram,Vendor Query,Medium,Portal,HR Ops,Escalated,57.0,24,Yes,2,3.0,320,18240.0,Sep,9,Q3,Thursday
OPS-101851,2025-09-21,HR,Gurugram,Access Request,Low,Email,Finance Ops,Closed,25.5,48,No,0,4.4,350,8925.0,Sep,9,Q3,Sunday
OPS-103105,2025-04-10,Finance,Bengaluru,System Issue,Medium,Email,MIS,Closed,10.9,24,No,2,4.5,400,4360.0,Apr,4,Q2,Thursday
OPS-100219,2025-06-09,Customer Support,Chennai,Report Request,Medium,Email,IT Support,Closed,22.4,24,No,0,4.3,280,6272.0,Jun,6,Q2,Monday
OPS-104718,2025-10-22,Customer Support,Chennai,Report Request,Medium,Teams,MIS,Escalated,10.9,24,No,1,4.4,280,3052.0,Oct,10,Q4,Wednesday
OPS-102268,2025-02-05,Finance,Mumbai,Report Request,Medium,Portal,Vendor Management,Escalated,5.4,24,No,4,3.8,280,1512.0,Feb,2,Q1,Wednesday
OPS-104391,2025-06-27,Finance,Noida,Compliance Request,Low,Portal,Vendor Management,Closed,17.8,48,No,2,3.5,350,6230.0,Jun,6,Q2,Friday
OPS-102778,2025-08-28,HR,Pune,Employee Query,Low,Email,Finance Ops,Closed,3.1,48,No,1,4.4,450,1395.0,Aug,8,Q3,Thursday
OPS-102138,2025-10-27,HR,Noida,Access Request,Medium,Phone,Vendor Management,Closed,21.5,24,No,0,4.4,350,7525.0,Oct,10,Q4,Monday
OPS-100001,2025-04-13,Procurement,Chennai,,Low,Teams,MIS,Closed,14.9,48,No,0,5.0,280,4172.0,Apr,4,Q2,Sunday
OPS-103472,2025-09-07,Sales,Mumbai,System Issue,Low,Email,Vendor Management,Closed,12.5,48,No,0,4.9,320,4000.0,Sep,9,Q3,Sunday
OPS-103501,2025-01-17,HR,Chennai,Vendor Query,Medium,Email,MIS,Closed,5.4,24,No,0,5.0,280,1512.0,Jan,1,Q1,Friday
OPS-103377,2025-06-16,Sales,Bengaluru,Compliance Request,Medium,Email,IT Support,Closed,13.0,24,No,3,3.7,320,4160.0,Jun,6,Q2,Monday
OPS-103977,2025-09-04,Finance,Bengaluru,Employee Query,Medium,Phone,HR Ops,Closed,3.5,24,No,0,5.0,280,980.0,Sep,9,Q3,Thursday
OPS-104523,2025-10-29,Finance,Pune,Report Request,Medium,Teams,IT Support,Closed,8.6,24,No,0,4.6,450,3870.0,Oct,10,Q4,Wednesday
OPS-102671,2025-12-28,Operations,Mumbai,Vendor Query,Low,Email,HR Ops,Closed,13.9,48,No,0,4.7,400,5560.0,Dec,12,Q4,Sunday
OPS-103607,2025-10-17,Customer Support,Gurugram,System Issue,Low,Teams,MIS,Closed,8.9,48,No,1,4.2,350,3115.0,Oct,10,Q4,Friday
OPS-103683,2025-10-01,Procurement,Pune,Employee Query,Low,Portal,Vendor Management,Closed,2.9,48,No,0,5.0,280,812.0,Oct,10,Q4,Wednesday
OPS-100866,2025-02-25,Customer Support,Noida ,System Issue,Low,Portal,MIS,Closed,10.0,48,No,1,4.4,280,2800.0,Feb,2,Q1,Tuesday
OPS-104688,2025-01-03,Sales,Mumbai,Invoice Query,High,Teams,MIS,Pending,17.7,12,Yes,2,3.7,450,7965.0,Jan,1,Q1,Friday
OPS-100994,2025-05-22,Operations,Chennai,Invoice Query,High,Portal,Finance Ops,Escalated,52.0,12,Yes,2,3.0,350,18200.0,May,5,Q2,Thursday
OPS-103748,2025-12-27,IT,Noida,Compliance Request,Low,Teams,Finance Ops,Closed,19.1,48,No,0,3.7,350,6685.0,Dec,12,Q4,Saturday
OPS-102421,2025-01-20,Customer Support,Pune,Report Request,Low,Email,HR Ops,Escalated,18.2,48,No,3,3.4,320,5824.0,Jan,1,Q1,Monday
OPS-101014,2025-04-11,Procurement,Pune,Invoice Query,Medium,Portal,Vendor Management,Closed,8.9,24,No,1,5.0,350,3115.0,Apr,4,Q2,Friday
OPS-102917,2025-04-08,Operations,Gurugram,Access Request,Low,Email,MIS,Closed,12.1,48,No,1,4.2,450,5445.0,Apr,4,Q2,Tuesday
OPS-101188,2025-06-28,Procurement,Pune,System Issue,Medium,Email,Finance Ops,Closed,35.8,24,Yes,0,4.3,320,11456.0,Jun,6,Q2,Saturday
OPS-100517,2025-02-13,Operations,Noida,System Issue,Medium,Teams,HR Ops,Closed,14.3,24,No,0,4.8,400,5720.0,Feb,2,Q1,Thursday
OPS-100683,2025-11-26,IT,Pune,Invoice Query,Medium,Email,HR Ops,Closed,3.4,24,No,1,4.6,400,1360.0,Nov,11,Q4,Wednesday
OPS-101051,2025-08-25,Procurement,Gurugram,Compliance Request,Low,Email,Vendor Management,Closed,11.2,48,No,0,4.5,400,4480.0,Aug,8,Q3,Monday
OPS-104341,2025-11-05,IT,Hyderabad,Employee Query,Low,Teams,Vendor Management,Closed,7.3,48,No,1,3.9,320,2336.0,Nov,11,Q4,Wednesday
OPS-101250,2025-12-15,Procurement,Noida,Compliance Request,High,Portal,Finance Ops,Pending,57.6,12,Yes,0,3.7,450,25920.0,Dec,12,Q4,Monday
OPS-103228,2025-04-03,Sales,Pune,Vendor Query,Medium,Teams,HR Ops,Closed,29.1,24,Yes,0,3.8,350,10185.0,Apr,4,Q2,Thursday
OPS-103212,2025-12-13,Procurement,Mumbai,Report Request,Low,Portal,IT Support,Closed,6.3,48,No,0,5.0,350,2205.0,Dec,12,Q4,Saturday
OPS-100911,2025-08-19,Operations,Mumbai,Vendor Query,High,Portal,MIS,Closed,10.4,12,No,0,4.2,400,4160.0,Aug,8,Q3,Tuesday
OPS-103306,2025-08-27,HR,Hyderabad,Compliance Request,Medium,Portal,HR Ops,Escalated,7.3,24,No,1,4.8,400,2920.0,Aug,8,Q3,Wednesday
OPS-104524,2025-02-01,Sales,,System Issue,Low,Portal,MIS,Closed,6.4,48,No,1,4.8,350,2240.0,Feb,2,Q1,Saturday
OPS-100571,2025-03-17,HR,Hyderabad,Report Request,Medium,Portal,MIS,Closed,7.2,24,No,0,4.9,450,3240.0,Mar,3,Q1,Monday
OPS-104811,2025-08-18,Finance,Gurugram,Access Request,Medium,Phone,Vendor Management,Pending,23.5,24,No,2,4.0,400,9400.0,Aug,8,Q3,Monday
OPS-103072,2025-01-01,IT,,Vendor Query,High,Email,Vendor Management,Closed,24.6,12,Yes,1,3.5,280,6888.0,Jan,1,Q1,Wednesday
OPS-103699,2025-04-17,Finance,Gurugram,Vendor Query,Medium,Teams,Finance Ops,Pending,11.3,24,No,0,4.5,320,3616.0,Apr,4,Q2,Thursday
OPS-103488,2025-11-06,Procurement,Chennai,Access Request,Medium,Teams,HR Ops,Closed,26.2,24,Yes,1,3.8,320,8384.0,Nov,11,Q4,Thursday
OPS-104436,2025-06-23,Finance,Mumbai,Access Request,Low,Portal,IT Support,Escalated,20.7,48,No,2,4.0,280,5796.0,Jun,6,Q2,Monday
OPS-100727,2025-08-27,Sales,Chennai,Invoice Query,Low,Email,IT Support,Closed,8.7,48,No,1,4.6,280,2436.0,Aug,8,Q3,Wednesday
OPS-100222,2025-11-20,Finance,Mumbai,Report Request,Medium,Portal,IT Support,Escalated,15.5,24,No,2,3.9,280,4340.0,Nov,11,Q4,Thursday
OPS-100237,2025-07-06,IT,Mumbai,Employee Query,Low,Email,IT Support,Closed,14.5,48,No,0,4.5,320,4640.0,Jul,7,Q3,Sunday
OPS-100093,2025-01-15,Finance,Pune,Employee Query,Medium,Email,Finance Ops,Closed,8.7,24,No,0,4.6,450,3915.0,Jan,1,Q1,Wednesday
OPS-101685,2025-03-15,Operations,Hyderabad,Access Request,Medium,Portal,Finance Ops,Closed,1.9,24,No,2,4.3,280,532.0,Mar,3,Q1,Saturday
OPS-101719,2025-03-20,Sales,Chennai,System Issue,Medium,Phone,Finance Ops,Pending,10.4,24,No,1,3.9,280,2912.0,Mar,3,Q1,Thursday
OPS-104709,2025-11-13,Procurement,Chennai,System Issue,Medium,Email,IT Support,Closed,5.4,24,No,1,4.9,350,1890.0,Nov,11,Q4,Thursday
OPS-100575,2025-08-11,Customer Support,Gurugram,Invoice Query,High,Portal,Vendor Management,Closed,10.4,12,No,1,4.0,280,2912.0,Aug,8,Q3,Monday
OPS-103641,2025-02-22,IT,Bengaluru,Vendor Query,High,Email,IT Support,Closed,4.9,12,No,0,4.1,320,1568.0,Feb,2,Q1,Saturday
OPS-100729,2025-09-24,Finance,Bengaluru,Vendor Query,High,Teams,HR Ops,Closed,6.5,12,No,0,5.0,450,2925.0,Sep,9,Q3,Wednesday
OPS-104919,2025-05-11,Customer Support,Hyderabad,Vendor Query,Medium,Portal,HR Ops,Closed,5.7,24,No,0,4.4,450,2565.0,May,5,Q2,Sunday
OPS-104400,2025-12-14,Customer Support,Pune,System Issue,Low,Email,HR Ops,Closed,8.5,48,No,0,5.0,400,3400.0,Dec,12,Q4,Sunday
OPS-101751,2025-06-12,IT,Chennai,Invoice Query,Low,Portal,IT Support,Pending,13.6,48,No,0,5.0,280,3808.0,Jun,6,Q2,Thursday
OPS-104916,2025-01-20,IT,Pune,System Issue,Low,Email,Finance Ops,Closed,16.5,48,No,1,4.4,320,5280.0,Jan,1,Q1,Monday
OPS-103981,2025-01-08,Sales,Pune,Data Correction,High,Portal,Vendor Management,Closed,7.9,12,No,1,4.8,320,2528.0,Jan,1,Q1,Wednesday
OPS-102022,2025-10-03,Procurement,Mumbai,Report Request,High,Email,Finance Ops,Escalated,11.9,12,No,2,4.7,280,3332.0,Oct,10,Q4,Friday
OPS-103948,2025-09-29,Procurement,Pune,Compliance Request,Low,Portal,MIS,Closed,9.8,48,No,0,4.6,320,3136.0,Sep,9,Q3,Monday
OPS-100201,2025-04-23,Procurement,Bengaluru,Compliance Request,Low,Teams,MIS,Escalated,13.6,48,No,4,3.9,400,5440.0,Apr,4,Q2,Wednesday
OPS-101927,2025-09-19,Procurement,Mumbai,Vendor Query,Critical,Teams,Vendor Management,Closed,3.6,4,No,0,4.8,280,1008.0,Sep,9,Q3,Friday
OPS-103864,2025-03-20,Customer Support,Mumbai,Vendor Query,Medium,Email,HR Ops,Pending,10.6,24,No,0,4.1,450,4770.0,Mar,3,Q1,Thursday
OPS-101278,2025-01-07,Procurement,Hyderabad,Employee Query,Medium,Email,Vendor Management,Escalated,12.1,24,No,1,3.7,350,4235.0,Jan,1,Q1,Tuesday
OPS-104409,2025-05-31,IT,Pune,Vendor Query,High,Email,HR Ops,Closed,4.5,12,No,1,4.6,350,1575.0,May,5,Q2,Saturday
OPS-102674,2025-03-13,Finance,Chennai,Vendor Query,High,Phone,IT Support,Closed,10.3,12,No,3,3.7,400,4120.0,Mar,3,Q1,Thursday
OPS-100430,2025-06-07,Customer Support,Noida,Vendor Query,High,Email,Vendor Management,Closed,13.4,12,Yes,1,4.7,320,4288.0,Jun,6,Q2,Saturday
OPS-100252,2025-12-26,Customer Support,Pune,Compliance Request,Critical,Portal,HR Ops,Closed,2.7,4,No,0,4.4,280,756.0,Dec,12,Q4,Friday
OPS-103276,2025-01-01,Procurement,Chennai,Invoice Query,Medium,Phone,HR Ops,Closed,7.5,24,No,0,4.9,450,3375.0,Jan,1,Q1,Wednesday
OPS-102830,2025-02-26,Operations,Noida,Report Request,Low,Portal,MIS,Closed,17.1,48,No,0,4.5,350,5985.0,Feb,2,Q1,Wednesday
OPS-103218,2025-08-02,Customer Support,Noida,Compliance Request,Medium,Email,HR Ops,Pending,5.6,24,No,1,3.7,350,1960.0,Aug,8,Q3,Saturday
OPS-102316,2025-06-07,Finance,Chennai,Compliance Request,High,Email,HR Ops,Closed,7.9,12,No,0,4.6,350,2765.0,Jun,6,Q2,Saturday
OPS-104364,2025-02-17,Procurement,,Access Request,Medium,Portal,Finance Ops,Closed,16.8,24,No,0,4.0,350,5880.0,Feb,2,Q1,Monday
OPS-104173,2025-02-17,Customer Support,Hyderabad,Access Request,Medium,Email,HR Ops,Escalated,27.2,24,Yes,1,3.9,400,10880.0,Feb,2,Q1,Monday
OPS-103047,2025-02-10,Operations,Noida,System Issue,Medium,Email,HR Ops,Closed,23.7,24,No,0,4.3,280,6636.0,Feb,2,Q1,Monday
OPS-104874,2025-05-29,Customer Support,Hyderabad,Report Request,Medium,Phone,Vendor Management,Pending,8.0,24,No,0,4.8,350,2800.0,May,5,Q2,Thursday
OPS-103573,2025-11-23,Sales,Hyderabad,Access Request,Low,Teams,Vendor Management,Escalated,22.4,48,No,1,3.9,350,7840.0,Nov,11,Q4,Sunday
OPS-100901,2025-10-01,Customer Support,Gurugram,Report Request,Low,Email,IT Support,Closed,3.2,48,No,0,4.9,350,1120.0,Oct,10,Q4,Wednesday
OPS-103388,2025-06-06,IT,Noida,Report Request,High,Email,MIS,Closed,10.1,12,No,2,3.9,350,3535.0,Jun,6,Q2,Friday
OPS-102697,2025-07-28,IT,Hyderabad,Report Request,High,Phone,HR Ops,Closed,17.1,12,Yes,0,4.6,320,5472.0,Jul,7,Q3,Monday
OPS-104375,2025-05-17,Customer Support,Noida,Access Request,Low,Email,Vendor Management,Escalated,4.1,48,No,1,4.4,400,1640.0,May,5,Q2,Saturday
OPS-103533,2025-12-03,Customer Support,Mumbai,Report Request,Low,Email,HR Ops,Closed,6.6,48,No,1,5.0,280,1848.0,Dec,12,Q4,Wednesday
OPS-100734,2025-12-08,Sales,Pune,Compliance Request,Low,Portal,MIS,Pending,2.0,48,No,0,4.7,320,640.0,Dec,12,Q4,Monday
OPS-103368,2025-03-04,IT,Pune,System Issue,Medium,Email,Finance Ops,Closed,6.3,24,No,1,4.4,350,2205.0,Mar,3,Q1,Tuesday
OPS-101829,2025-04-26,Customer Support,Hyderabad,Access Request,Low,Portal,Vendor Management,Closed,22.0,48,No,0,4.1,320,7040.0,Apr,4,Q2,Saturday
OPS-103257,2025-12-10,Customer Support,Pune,Vendor Query,High,Portal,Vendor Management,Closed,3.6,12,No,0,4.5,400,1440.0,Dec,12,Q4,Wednesday
OPS-102380,2025-03-08,IT,Bengaluru,Report Request,Low,Teams,IT Support,Closed,12.6,48,No,0,4.4,400,5040.0,Mar,3,Q1,Saturday
OPS-103041,2025-09-05,IT,Noida,Invoice Query,Medium,Email,Vendor Management,Closed,10.5,24,No,0,4.7,350,3675.0,Sep,9,Q3,Friday
OPS-104304,2025-03-03,Operations,Mumbai,Vendor Query,Low,Teams,Finance Ops,Closed,9.3,48,No,0,4.8,350,3255.0,Mar,3,Q1,Monday
OPS-103233,2025-10-18,IT,Chennai,Compliance Request,High,Phone,Vendor Management,Pending,4.6,12,No,0,5.0,320,1472.0,Oct,10,Q4,Saturday
OPS-103913,2025-02-23,IT,Pune,Invoice Query,Critical,Email,MIS,Escalated,66.5,4,Yes,1,3.0,400,26600.0,Feb,2,Q1,Sunday
OPS-100617,2025-12-05,Procurement,Gurugram,Report Request,Medium,Portal,Finance Ops,Closed,20.4,24,No,0,4.5,280,5712.0,Dec,12,Q4,Friday
OPS-100318,2025-08-14,HR,Hyderabad,Access Request,Low,Email,MIS,Closed,28.5,48,No,0,4.2,350,9975.0,Aug,8,Q3,Thursday
OPS-104463,2025-06-17,Finance,Chennai,Compliance Request,Low,Email,Vendor Management,Closed,6.4,48,No,1,5.0,320,2048.0,Jun,6,Q2,Tuesday
OPS-104577,2025-01-28,Sales,Noida,Employee Query,Medium,Email,Vendor Management,Closed,19.9,24,No,0,4.8,400,7960.0,Jan,1,Q1,Tuesday
OPS-102286,2025-09-21,Customer Support,Pune,Employee Query,Medium,Portal,HR Ops,Closed,19.3,24,No,0,4.5,320,6176.0,Sep,9,Q3,Sunday
OPS-102192,2025-09-20,Sales,Pune,System Issue,Low,Teams,MIS,Closed,10.0,48,No,1,4.3,450,4500.0,Sep,9,Q3,Saturday
OPS-103634,2025-02-22,Sales,Chennai,Access Request,High,Email,HR Ops,Pending,10.5,12,No,0,4.0,320,3360.0,Feb,2,Q1,Saturday
OPS-102064,2025-10-30,Procurement,Gurugram,Invoice Query,Medium,Email,Vendor Management,Pending,17.0,24,No,2,4.1,320,5440.0,Oct,10,Q4,Thursday
OPS-102101,2025-12-05,IT,Bengaluru,Employee Query,Medium,Email,Vendor Management,Pending,21.6,24,No,2,4.1,400,8640.0,Dec,12,Q4,Friday
OPS-104967,2025-10-03,HR,Bengaluru,Data Correction,Medium,Email,Finance Ops,Closed,5.4,24,No,1,4.6,320,1728.0,Oct,10,Q4,Friday
OPS-100129,2025-01-05,Procurement,Hyderabad,Vendor Query,Medium,Teams,Finance Ops,Escalated,51.3,24,Yes,1,2.7,320,16416.0,Jan,1,Q1,Sunday
OPS-102448,2025-09-09,IT,Pune,Vendor Query,Medium,Portal,MIS,Closed,12.8,24,No,1,3.8,400,5120.0,Sep,9,Q3,Tuesday
OPS-104270,2025-04-07,Operations,Mumbai,Invoice Query,Medium,Email,IT Support,Closed,3.8,24,No,0,4.6,280,1064.0,Apr,4,Q2,Monday
OPS-102906,2025-04-08,Procurement,Bengaluru,Invoice Query,Low,Portal,IT Support,Escalated,27.4,48,No,2,3.9,350,9590.0,Apr,4,Q2,Tuesday
OPS-101724,2025-01-04,IT,Bengaluru,Invoice Query,Low,Email,IT Support,Pending,2.4,48,No,2,3.9,450,1080.0,Jan,1,Q1,Saturday
OPS-103651,2025-03-15,Procurement,Chennai,Access Request,Low,Teams,HR Ops,Closed,14.1,48,No,2,4.3,320,4512.0,Mar,3,Q1,Saturday
OPS-100406,2025-06-29,Operations,Noida,Report Request,Medium,Phone,MIS,Pending,15.3,24,No,0,4.6,350,5355.0,Jun,6,Q2,Sunday
OPS-104973,2025-03-05,Customer Support,Hyderabad,Vendor Query,Low,Email,Vendor Management,Closed,26.9,48,No,0,3.8,320,8608.0,Mar,3,Q1,Wednesday
OPS-100969,2025-01-04,Operations,Gurugram,Compliance Request,Medium,Teams,IT Support,Closed,15.8,24,No,1,4.5,450,7110.0,Jan,1,Q1,Saturday
OPS-103204,2025-12-14,IT,Gurugram,Vendor Query,Medium,Email,Finance Ops,Closed,12.0,24,No,0,4.8,450,5400.0,Dec,12,Q4,Sunday
OPS-103308,2025-04-23,Procurement,Gurugram,Data Correction,Medium,Teams,IT Support,Escalated,49.1,24,Yes,1,3.4,320,15712.0,Apr,4,Q2,Wednesday
OPS-103172,2025-11-21,Finance,Gurugram,System Issue,Low,Email,HR Ops,Closed,10.5,48,No,1,3.4,280,2940.0,Nov,11,Q4,Friday
OPS-103907,2025-08-29,Finance,Mumbai,Employee Query,Low,Email,Finance Ops,Pending,7.6,48,No,0,4.9,280,2128.0,Aug,8,Q3,Friday
OPS-102230,2025-06-24,IT,Hyderabad,Invoice Query,Medium,Email,Finance Ops,Closed,34.1,24,Yes,1,3.8,450,15345.0,Jun,6,Q2,Tuesday
OPS-103159,2025-05-07,Finance,Mumbai,Access Request,Low,Portal,MIS,Closed,3.8,48,No,0,4.9,350,1330.0,May,5,Q2,Wednesday
OPS-102929,2025-08-31,Customer Support,Gurugram,Compliance Request,Medium,Email,MIS,Closed,6.0,24,No,0,5.0,450,2700.0,Aug,8,Q3,Sunday
OPS-103051,2025-03-16,IT,Bengaluru,Compliance Request,Medium,Portal,Finance Ops,Pending,10.9,24,No,0,5.0,450,4905.0,Mar,3,Q1,Sunday
OPS-101422,2025-04-12,Procurement,Bengaluru,Invoice Query,Medium,Phone,HR Ops,Closed,5.8,24,No,2,4.2,450,2610.0,Apr,4,Q2,Saturday
OPS-101627,2025-12-13,Operations,Gurugram,System Issue,Medium,Portal,IT Support,Closed,3.2,24,No,0,5.0,320,1024.0,Dec,12,Q4,Saturday
OPS-103015,2025-05-08,HR,Chennai,Report Request,Medium,Email,IT Support,Closed,8.9,24,No,0,4.7,450,4005.0,May,5,Q2,Thursday
OPS-100664,2025-03-21,Sales,Hyderabad,Report Request,Medium,,Vendor Management,Closed,7.3,24,No,0,4.4,400,2920.0,Mar,3,Q1,Friday
OPS-104382,2025-04-16,HR,Noida,System Issue,Medium,Email,MIS,Closed,13.6,24,No,0,5.0,350,4760.0,Apr,4,Q2,Wednesday
OPS-101075,2025-03-08,IT,Chennai,Access Request,Low,Teams,HR Ops,Closed,2.5,48,No,1,4.8,320,800.0,Mar,3,Q1,Saturday
OPS-100308,2025-01-22,Procurement,Noida,Compliance Request,Medium,Phone,HR Ops,Closed,7.0,24,No,0,5.0,280,1960.0,Jan,1,Q1,Wednesday
OPS-102706,2025-07-30,Operations,Gurugram,Invoice Query,Low,Email,MIS,Escalated,26.9,48,No,1,3.7,280,7532.0,Jul,7,Q3,Wednesday
OPS-100572,2025-09-22,Procurement,Mumbai,Vendor Query,Low,Portal,MIS,Closed,19.5,48,No,1,4.5,400,7800.0,Sep,9,Q3,Monday
OPS-102580,2025-11-20,Customer Support,Bengaluru,Compliance Request,High,Email,Vendor Management,Escalated,11.0,12,No,2,4.1,280,3080.0,Nov,11,Q4,Thursday
OPS-104914,2025-10-23,Operations,Hyderabad,Access Request,Medium,Email,IT Support,Escalated,14.4,24,No,1,4.4,350,5040.0,Oct,10,Q4,Thursday
OPS-103193,2025-11-04,Procurement,Bengaluru,Compliance Request,High,Portal,IT Support,Closed,10.0,12,No,0,4.4,320,3200.0,Nov,11,Q4,Tuesday
OPS-101195,2025-06-10,Operations,Chennai,System Issue,Medium,Portal,HR Ops,Closed,13.9,24,No,0,4.4,450,6255.0,Jun,6,Q2,Tuesday
OPS-103693,2025-11-16,Customer Support,Bengaluru,Vendor Query,Medium,Email,MIS,Closed,9.9,24,No,1,4.4,400,3960.0,Nov,11,Q4,Sunday
OPS-103962,2025-01-19,Operations,Hyderabad,System Issue,Low,Email,IT Support,Escalated,12.1,48,No,3,4.3,280,3388.0,Jan,1,Q1,Sunday
OPS-100718,2025-08-30,Customer Support,Hyderabad,Report Request,Medium,Email,HR Ops,Pending,15.5,24,No,0,4.5,400,6200.0,Aug,8,Q3,Saturday
OPS-100388,2025-05-23,Operations,Noida,System Issue,Low,Email,IT Support,Closed,20.9,48,No,1,3.8,450,9405.0,May,5,Q2,Friday
OPS-104732,2025-10-04,Operations,Hyderabad,System Issue,High,Phone,IT Support,Pending,11.6,12,No,2,4.5,320,3712.0,Oct,10,Q4,Saturday
OPS-100913,2025-05-06,HR,Hyderabad,Vendor Query,High,Email,Vendor Management,Closed,4.0,12,No,0,5.0,350,1400.0,May,5,Q2,Tuesday
OPS-101910,2025-01-24,IT,Pune,Data Correction,Medium,Email,HR Ops,Closed,18.7,24,No,1,4.5,280,5236.0,Jan,1,Q1,Friday
OPS-100432,2025-05-25,Sales,Chennai,Report Request,Medium,Teams,HR Ops,Closed,7.4,24,No,0,4.9,450,3330.0,May,5,Q2,Sunday
OPS-101088,2025-07-15,IT,Gurugram,Compliance Request,Low,Email,IT Support,Closed,15.5,48,No,0,4.2,320,4960.0,Jul,7,Q3,Tuesday
OPS-103449,2025-04-19,Customer Support,Noida,Invoice Query,Low,Portal,IT Support,Closed,25.0,48,No,1,4.1,450,11250.0,Apr,4,Q2,Saturday
OPS-100447,2025-01-01,Operations,Noida,Employee Query,Low,Email,MIS,Closed,46.4,48,No,1,3.9,350,16240.0,Jan,1,Q1,Wednesday
OPS-101198,2025-03-04,Customer Support,Mumbai,Employee Query,Medium,Email,HR Ops,Escalated,13.8,24,No,1,4.4,320,4416.0,Mar,3,Q1,Tuesday
OPS-104466,2025-04-17,HR,Pune,Vendor Query,Medium,Email,IT Support,Closed,28.4,24,Yes,0,4.1,320,9088.0,Apr,4,Q2,Thursday
OPS-104623,2025-08-29,Finance,Bengaluru,Employee Query,High,Phone,MIS,Closed,1.7,12,No,1,5.0,280,476.0,Aug,8,Q3,Friday
OPS-104563,2025-01-18,HR,Mumbai,System Issue,Low,Teams,HR Ops,Closed,3.5,48,No,0,4.7,350,1225.0,Jan,1,Q1,Saturday
OPS-100263,2025-03-01,Procurement,,Invoice Query,High,Portal,Finance Ops,Closed,9.6,12,No,0,5.0,280,2688.0,Mar,3,Q1,Saturday
OPS-101169,2025-11-05,Customer Support,Gurugram,Access Request,Medium,Email,Finance Ops,Closed,6.0,24,No,0,5.0,350,2100.0,Nov,11,Q4,Wednesday
OPS-103291,2025-12-13,Operations,Chennai,Report Request,High,Teams,IT Support,Closed,20.7,12,Yes,0,4.7,400,8280.0,Dec,12,Q4,Saturday
OPS-100026,2025-01-22,Operations,Noida,Data Correction,Medium,Email,MIS,Closed,13.9,24,No,0,4.4,400,5560.0,Jan,1,Q1,Wednesday
OPS-100153,2025-06-09,Procurement,Gurugram,Data Correction,Medium,Portal,HR Ops,Closed,23.7,24,No,0,4.6,280,6636.0,Jun,6,Q2,Monday
OPS-104621,2025-11-05,Operations,Hyderabad,Access Request,High,Teams,IT Support,Pending,8.7,12,No,2,4.6,400,3480.0,Nov,11,Q4,Wednesday
OPS-102103,2025-11-27,Sales,Pune,Vendor Query,Low,Portal,Finance Ops,Closed,7.9,48,No,0,5.0,450,3555.0,Nov,11,Q4,Thursday
OPS-104139,2025-06-18,HR,Noida,Data Correction,Low,Teams,Finance Ops,Escalated,18.2,48,No,1,3.9,350,6370.0,Jun,6,Q2,Wednesday
OPS-101552,2025-11-06,HR,Pune,Report Request,High,Email,IT Support,Closed,9.5,12,No,2,3.8,400,3800.0,Nov,11,Q4,Thursday
OPS-100508,2025-02-02,Customer Support,Mumbai,Vendor Query,Low,Email,Finance Ops,Closed,27.1,48,No,0,4.1,320,8672.0,Feb,2,Q1,Sunday
OPS-100161,2025-02-14,Operations,Hyderabad,System Issue,High,Email,MIS,Closed,5.4,12,No,0,4.7,450,2430.0,Feb,2,Q1,Friday
OPS-104292,2025-08-03,Sales,Chennai,Data Correction,High,Portal,HR Ops,Closed,6.2,12,No,0,4.9,400,2480.0,Aug,8,Q3,Sunday
OPS-104824,2025-04-01,IT,,Vendor Query,Low,Portal,Finance Ops,Closed,19.5,48,No,0,4.2,400,7800.0,Apr,4,Q2,Tuesday
OPS-101415,2025-01-25,Operations,Noida,Data Correction,Medium,Portal,IT Support,Closed,18.7,24,No,0,4.5,350,6545.0,Jan,1,Q1,Saturday
OPS-100713,2025-07-16,IT,Noida,Invoice Query,Low,Email,MIS,Closed,12.7,48,No,1,4.2,320,4064.0,Jul,7,Q3,Wednesday
OPS-103243,2025-05-16,Operations,Bengaluru,Report Request,Low,Phone,IT Support,Closed,4.2,48,No,2,3.6,350,1470.0,May,5,Q2,Friday
OPS-102960,2025-03-30,HR,Hyderabad,Data Correction,Low,Portal,Vendor Management,Closed,14.2,48,No,0,4.0,280,3976.0,Mar,3,Q1,Sunday
OPS-103236,2025-11-08,Finance,Bengaluru,Access Request,Low,Email,HR Ops,Closed,18.7,48,No,0,3.9,320,5984.0,Nov,11,Q4,Saturday
OPS-101914,2025-12-30,Finance,Bengaluru,Data Correction,Medium,Email,Finance Ops,Closed,14.2,24,No,0,4.4,280,3976.0,Dec,12,Q4,Tuesday
OPS-103985,2025-02-08,IT,Mumbai,Compliance Request,Low,Email,Finance Ops,Closed,5.0,48,No,0,4.7,400,2000.0,Feb,2,Q1,Saturday
OPS-100008,2025-04-13,IT,Mumbai,Employee Query,Medium,Email,IT Support,Closed,5.3,24,No,0,4.8,350,1855.0,Apr,4,Q2,Sunday
OPS-101107,2025-09-18,Operations,Chennai,Employee Query,High,Email,Vendor Management,Closed,19.4,12,Yes,0,4.5,280,5432.0,Sep,9,Q3,Thursday
OPS-100383,2025-06-22,Procurement,Hyderabad,System Issue,Medium,Email,Vendor Management,Closed,9.7,24,No,0,5.0,450,4365.0,Jun,6,Q2,Sunday
OPS-104886,2025-02-24,HR,Noida,Access Request,Medium,Teams,Vendor Management,Closed,11.5,24,No,0,5.0,400,4600.0,Feb,2,Q1,Monday
OPS-103330,2025-04-27,Customer Support,Gurugram,Data Correction,Low,Email,HR Ops,Closed,5.4,48,No,0,4.7,350,1890.0,Apr,4,Q2,Sunday
OPS-100031,2025-02-28,HR,Mumbai,Invoice Query,High,Phone,MIS,Closed,8.3,12,No,0,5.0,280,2324.0,Feb,2,Q1,Friday
OPS-103800,2025-12-22,Customer Support,Pune,Employee Query,Medium,Email,IT Support,Closed,2.2,24,No,0,5.0,280,616.0,Dec,12,Q4,Monday
OPS-101047,2025-03-19,Customer Support,Bengaluru,Employee Query,Critical,Teams,Vendor Management,Closed,19.7,4,Yes,1,3.8,400,7880.0,Mar,3,Q1,Wednesday
OPS-104744,2025-01-08,Operations,Hyderabad,Compliance Request,Medium,Portal,Vendor Management,Closed,13.5,24,No,1,4.9,400,5400.0,Jan,1,Q1,Wednesday
OPS-100624,2025-08-05,IT,Noida,Report Request,Medium,Email,IT Support,Closed,6.8,24,No,1,4.5,350,2380.0,Aug,8,Q3,Tuesday
OPS-101874,2025-01-25,Operations,Gurugram,Vendor Query,Low,Phone,IT Support,Closed,6.0,48,No,0,4.9,450,2700.0,Jan,1,Q1,Saturday
OPS-103709,2025-07-17,Operations,Noida,Data Correction,Medium,Email,Vendor Management,Closed,11.4,24,No,1,4.8,280,3192.0,Jul,7,Q3,Thursday
OPS-104737,2025-03-03,IT,Mumbai,System Issue,Low,Phone,Finance Ops,Closed,0.6,48,No,0,4.9,400,240.0,Mar,3,Q1,Monday
OPS-100209,2025-08-08,Finance,Gurugram,System Issue,Low,Portal,MIS,Closed,12.0,48,No,0,4.2,350,4200.0,Aug,8,Q3,Friday
OPS-103821,2025-04-14,Operations,Mumbai,Compliance Request,Medium,Phone,Vendor Management,Escalated,11.4,24,No,2,4.4,400,4560.0,Apr,4,Q2,Monday
OPS-101734,2025-03-25,Customer Support,Mumbai,Data Correction,Medium,Portal,Vendor Management,Escalated,24.0,24,No,2,3.8,350,8400.0,Mar,3,Q1,Tuesday
OPS-102931,2025-02-18,Customer Support,Chennai,Report Request,High,Email,IT Support,Closed,15.4,12,Yes,0,4.3,320,4928.0,Feb,2,Q1,Tuesday
OPS-100798,2025-11-04,Operations,Bengaluru,Invoice Query,Medium,Email,Finance Ops,Closed,16.6,24,No,0,3.7,320,5312.0,Nov,11,Q4,Tuesday
OPS-101895,2025-11-08,HR,Hyderabad,Access Request,Low,Portal,MIS,Pending,22.9,48,No,0,4.6,450,10305.0,Nov,11,Q4,Saturday
OPS-102253,2025-02-11,IT,Chennai,Vendor Query,Medium,Teams,Vendor Management,Closed,0.3,24,No,1,4.9,400,120.0,Feb,2,Q1,Tuesday
OPS-101353,2025-01-27,Customer Support,Mumbai,Employee Query,Low,Portal,Vendor Management,Closed,14.2,48,No,1,4.4,350,4970.0,Jan,1,Q1,Monday
OPS-103924,2025-03-27,Finance,Hyderabad,Data Correction,Medium,Portal,IT Support,Pending,15.4,24,No,2,4.4,450,6930.0,Mar,3,Q1,Thursday
OPS-100647,2025-11-13,Operations,Chennai,Invoice Query,Critical,Portal,Finance Ops,Closed,1.7,4,No,1,5.0,450,765.0,Nov,11,Q4,Thursday
OPS-103724,2025-01-24,IT,Noida,Data Correction,Medium,Portal,MIS,Closed,8.7,24,No,0,4.1,350,3045.0,Jan,1,Q1,Friday
OPS-104809,2025-04-14,HR,Pune,Report Request,Medium,Teams,Finance Ops,Escalated,11.6,24,No,2,3.9,400,4640.0,Apr,4,Q2,Monday
OPS-102047,2025-05-09,IT,Gurugram,Report Request,High,Teams,Finance Ops,Closed,9.5,12,No,2,4.1,280,2660.0,May,5,Q2,Friday
OPS-100837,2025-04-03,Sales,Gurugram,Data Correction,Low,Email,IT Support,Closed,18.4,48,No,0,4.8,400,7360.0,Apr,4,Q2,Thursday
OPS-103337,2025-03-22,Sales,Bengaluru,Access Request,Medium,Portal,Finance Ops,Closed,2.4,24,No,0,4.3,280,672.0,Mar,3,Q1,Saturday
OPS-101140,2025-04-14,Procurement,Noida,Report Request,Critical,Email,MIS,Closed,23.7,4,Yes,1,4.7,450,10665.0,Apr,4,Q2,Monday
OPS-102524,2025-04-07,Operations,Noida,Access Request,Low,Email,HR Ops,Closed,19.1,48,No,0,4.7,450,8595.0,Apr,4,Q2,Monday
OPS-104026,2025-04-03,Finance,Gurugram,Compliance Request,Low,Portal,IT Support,Closed,9.4,48,No,0,4.9,400,3760.0,Apr,4,Q2,Thursday
OPS-101343,2025-02-10,Sales,Pune,System Issue,Low,Email,Vendor Management,Closed,4.2,48,No,0,4.9,350,1470.0,Feb,2,Q1,Monday
OPS-103303,2025-05-07,HR,Noida,Access Request,Medium,Email,Vendor Management,Closed,10.3,24,No,1,4.2,450,4635.0,May,5,Q2,Wednesday
OPS-103261,2025-01-17,Operations,Bengaluru,Employee Query,Medium,Portal,Vendor Management,Closed,14.8,24,No,0,4.5,450,6660.0,Jan,1,Q1,Friday
OPS-101384,2025-10-22,Procurement,Mumbai,System Issue,Medium,Portal,Vendor Management,Escalated,15.1,24,No,1,3.6,350,5285.0,Oct,10,Q4,Wednesday
OPS-100374,2025-06-19,HR,Hyderabad,Vendor Query,Medium,Email,HR Ops,Closed,16.9,24,No,0,5.0,320,5408.0,Jun,6,Q2,Thursday
OPS-103936,2025-04-18,Operations,Hyderabad,Report Request,Low,Email,Finance Ops,Closed,12.4,48,No,0,4.0,320,3968.0,Apr,4,Q2,Friday
OPS-103898,2025-04-12,Operations,Bengaluru,Employee Query,Medium,Teams,Vendor Management,Closed,6.9,24,No,1,4.6,400,2760.0,Apr,4,Q2,Saturday
OPS-102238,2025-10-20,Operations,Chennai,Compliance Request,Low,Email,MIS,Closed,3.6,48,No,0,5.0,280,1008.0,Oct,10,Q4,Monday
OPS-102806,2025-12-15,Customer Support,Mumbai,Data Correction,Medium,Portal,Vendor Management,Closed,1.2,24,No,0,4.8,400,480.0,Dec,12,Q4,Monday
OPS-104183,2025-02-20,HR,Mumbai,Report Request,Critical,Email,IT Support,Closed,7.4,4,Yes,0,4.3,450,3330.0,Feb,2,Q1,Thursday
OPS-104522,2025-11-07,Sales,Chennai,Compliance Request,Low,Email,HR Ops,Closed,11.3,48,No,1,4.0,450,5085.0,Nov,11,Q4,Friday
OPS-101138,2025-07-29,Procurement,Bengaluru,Data Correction,High,Teams,Vendor Management,Closed,3.9,12,No,0,5.0,280,1092.0,Jul,7,Q3,Tuesday
OPS-104153,2025-01-16,Procurement,Hyderabad,Access Request,Low,Portal,Finance Ops,Closed,4.7,48,No,0,5.0,280,1316.0,Jan,1,Q1,Thursday
OPS-103211,2025-06-11,Finance,Chennai,,High,Teams,Vendor Management,Closed,12.7,12,Yes,2,3.6,320,4064.0,Jun,6,Q2,Wednesday
OPS-100751,2025-07-21,Sales,Pune,Invoice Query,High,Email,Finance Ops,Escalated,12.4,12,Yes,5,3.2,280,3472.0,Jul,7,Q3,Monday
OPS-101435,2025-11-14,Procurement,Chennai,Data Correction,Critical,Email,Vendor Management,Closed,3.1,4,No,0,4.3,450,1395.0,Nov,11,Q4,Friday
OPS-102010,2025-10-12,Finance,Noida,Compliance Request,Low,Email,HR Ops,Closed,4.3,48,No,1,4.9,400,1720.0,Oct,10,Q4,Sunday
OPS-102959,2025-10-06,Customer Support,Gurugram,Report Request,Low,Portal,MIS,Closed,2.3,48,No,2,4.4,400,920.0,Oct,10,Q4,Monday
OPS-100838,2025-06-09,Sales,Bengaluru,Access Request,Medium,Teams,MIS,Closed,5.9,24,No,0,5.0,280,1652.0,Jun,6,Q2,Monday
OPS-104030,2025-04-27,Customer Support,Chennai,Employee Query,High,Phone,MIS,Escalated,18.5,12,Yes,2,3.4,320,5920.0,Apr,4,Q2,Sunday
OPS-104826,2025-12-31,Sales,Mumbai,Report Request,Critical,Email,Finance Ops,Closed,7.6,4,Yes,0,4.4,320,2432.0,Dec,12,Q4,Wednesday
OPS-103343,2025-12-23,Procurement,Mumbai,Invoice Query,Low,Email,Finance Ops,Closed,6.4,48,No,0,5.0,400,2560.0,Dec,12,Q4,Tuesday
OPS-101598,2025-01-09,Sales,Pune,Report Request,Low,Teams,IT Support,Closed,16.1,48,No,0,,350,5635.0,Jan,1,Q1,Thursday
OPS-100677,2025-05-23,Finance,Chennai,Data Correction,Medium,Email,MIS,Closed,20.7,24,No,0,4.1,450,9315.0,May,5,Q2,Friday
OPS-103996,2025-03-15,Procurement,Bengaluru,Invoice Query,Low,Email,Finance Ops,Closed,10.3,48,No,0,4.6,450,4635.0,Mar,3,Q1,Saturday
OPS-101527,2025-03-14,Finance,Mumbai,Data Correction,Medium,Email,Vendor Management,Pending,14.1,24,No,0,4.5,350,4935.0,Mar,3,Q1,Friday
OPS-102426,2025-02-12,Customer Support,Chennai,Employee Query,Low,Email,Vendor Management,Closed,2.5,48,No,1,4.9,320,800.0,Feb,2,Q1,Wednesday
OPS-103815,2025-11-17,Customer Support,Mumbai,Data Correction,Medium,Phone,MIS,Closed,8.3,24,No,1,4.6,400,3320.0,Nov,11,Q4,Monday
OPS-101149,2025-04-16,Operations,Pune,Report Request,Medium,Portal,HR Ops,Closed,19.3,24,No,1,4.8,450,8685.0,Apr,4,Q2,Wednesday
OPS-100723,2025-10-16,Finance,Chennai,Vendor Query,Low,Phone,Vendor Management,Closed,19.6,48,No,0,4.8,400,7840.0,Oct,10,Q4,Thursday
OPS-103095,2025-04-25,Procurement,,Compliance Request,Medium,Portal,MIS,Escalated,18.9,24,No,2,4.2,350,6615.0,Apr,4,Q2,Friday
OPS-100474,2025-07-23,IT,Gurugram,Compliance Request,Medium,Email,Vendor Management,Pending,7.4,24,No,0,4.9,350,2590.0,Jul,7,Q3,Wednesday
OPS-101948,2025-11-30,Sales,Mumbai,Access Request,Low,Email,Finance Ops,Closed,22.3,48,No,1,4.1,280,6244.0,Nov,11,Q4,Sunday
OPS-102252,2025-11-19,Procurement,Mumbai,Invoice Query,Low,Teams,IT Support,Closed,14.4,48,No,0,5.0,320,4608.0,Nov,11,Q4,Wednesday
OPS-100613,2025-07-13,Customer Support,Hyderabad,Access Request,Medium,Teams,MIS,Closed,9.5,24,No,0,4.8,450,4275.0,Jul,7,Q3,Sunday
OPS-100050,2025-11-12,Procurement,Gurugram,System Issue,Medium,Email,IT Support,Closed,17.9,24,No,1,4.4,450,8055.0,Nov,11,Q4,Wednesday
OPS-101742,2025-10-30,Sales,Mumbai,Vendor Query,Low,Teams,,Closed,4.5,48,No,1,4.8,320,1440.0,Oct,10,Q4,Thursday
OPS-104663,2025-01-22,Sales,Mumbai,Report Request,Low,Phone,IT Support,Closed,9.0,48,No,2,4.6,450,4050.0,Jan,1,Q1,Wednesday
OPS-101538,2025-12-10,Finance,Gurugram,Data Correction,Low,Portal,MIS,Closed,12.3,48,No,0,4.9,400,4920.0,Dec,12,Q4,Wednesday
OPS-101317,2025-04-25,Sales,Noida,Invoice Query,Low,Email,IT Support,Closed,24.1,48,No,0,4.4,350,8435.0,Apr,4,Q2,Friday
OPS-100742,2025-01-06,HR,Gurugram,Access Request,Medium,Email,Finance Ops,Escalated,5.8,24,No,1,4.7,280,1624.0,Jan,1,Q1,Monday
OPS-103420,2025-05-05,IT,Pune,Data Correction,Low,Email,MIS,Closed,9.0,48,No,0,4.6,400,3600.0,May,5,Q2,Monday
OPS-103498,2025-02-15,Procurement,Bengaluru,Invoice Query,Medium,Email,Finance Ops,Closed,6.0,24,No,0,4.3,450,2700.0,Feb,2,Q1,Saturday
OPS-103060,2025-09-28,HR,Gurugram,System Issue,Medium,Email,HR Ops,Closed,19.0,24,No,0,4.7,280,5320.0,Sep,9,Q3,Sunday
OPS-104152,2025-02-08,Procurement,Noida,Report Request,Medium,Email,IT Support,Pending,13.9,24,No,0,4.3,320,4448.0,Feb,2,Q1,Saturday
OPS-103976,2025-12-02,IT,Hyderabad,Vendor Query,Medium,Portal,HR Ops,Closed,15.2,24,No,0,5.0,280,4256.0,Dec,12,Q4,Tuesday
OPS-101502,2025-04-06,IT,Hyderabad,Access Request,Medium,Portal,IT Support,Pending,9.3,24,No,0,5.0,450,4185.0,Apr,4,Q2,Sunday
OPS-103701,2025-05-17,Sales,Gurugram,Vendor Query,Low,Email,MIS,Closed,9.5,48,No,0,5.0,350,3325.0,May,5,Q2,Saturday
OPS-101236,2025-06-15,Customer Support,Bengaluru,Access Request,High,Email,HR Ops,Closed,19.6,12,Yes,0,5.0,280,5488.0,Jun,6,Q2,Sunday
OPS-102583,2025-06-18,Finance,Noida,Employee Query,High,Teams,IT Support,Closed,10.4,12,No,0,4.2,450,4680.0,Jun,6,Q2,Wednesday
OPS-104386,2025-06-15,Operations,Gurugram,Report Request,Low,Email,Vendor Management,Closed,12.3,48,No,0,4.6,450,5535.0,Jun,6,Q2,Sunday
OPS-104344,2025-05-14,Finance,Pune,Vendor Query,Medium,Phone,MIS,Closed,3.8,24,No,0,5.0,350,1330.0,May,5,Q2,Wednesday
OPS-100560,2025-10-13,IT,Gurugram,Employee Query,Medium,Portal,HR Ops,Closed,1.5,24,No,0,4.9,450,675.0,Oct,10,Q4,Monday
OPS-101176,2025-03-04,Sales,Mumbai,Access Request,Medium,Email,MIS,Closed,12.5,24,No,2,4.7,350,4375.0,Mar,3,Q1,Tuesday
OPS-101457,2025-10-09,Customer Support,Chennai,Vendor Query,Medium,Email,HR Ops,Closed,7.1,24,No,0,5.0,400,2840.0,Oct,10,Q4,Thursday
OPS-104287,2025-03-25,IT,Pune,System Issue,Critical,Portal,MIS,Closed,13.5,4,Yes,0,4.8,280,3780.0,Mar,3,Q1,Tuesday
OPS-101626,2025-02-09,Procurement,Bengaluru,Compliance Request,Medium,Email,Finance Ops,Closed,10.4,24,No,0,5.0,450,4680.0,Feb,2,Q1,Sunday
OPS-103396,2025-04-26,Operations,Gurugram,Data Correction,Medium,Teams,Finance Ops,Closed,18.9,24,No,1,4.0,450,8505.0,Apr,4,Q2,Saturday
OPS-102443,2025-11-25,HR,Bengaluru,Compliance Request,Low,Email,Vendor Management,Closed,1.8,48,No,0,5.0,400,720.0,Nov,11,Q4,Tuesday
OPS-104842,2025-07-26,Customer Support,Hyderabad,Report Request,Medium,Teams,HR Ops,Closed,9.2,24,No,0,5.0,400,3680.0,Jul,7,Q3,Saturday
OPS-104286,2025-05-21,Procurement,Pune,Invoice Query,Low,Email,IT Support,Escalated,26.5,48,No,3,3.5,450,11925.0,May,5,Q2,Wednesday
OPS-103567,2025-10-30,IT,Chennai,Access Request,Medium,Email,Finance Ops,Escalated,14.4,24,No,1,4.2,450,6480.0,Oct,10,Q4,Thursday
OPS-101329,2025-01-04,Sales,Chennai,System Issue,High,Portal,IT Support,Closed,15.5,12,Yes,0,4.3,320,4960.0,Jan,1,Q1,Saturday
OPS-102982,2025-12-31,Sales,Gurugram,Data Correction,Medium,Phone,Vendor Management,Closed,10.5,24,No,0,4.8,450,4725.0,Dec,12,Q4,Wednesday
OPS-104947,2025-02-14,Customer Support,Gurugram,Employee Query,Medium,Phone,,Closed,7.5,24,No,0,5.0,400,3000.0,Feb,2,Q1,Friday
OPS-102317,2025-05-01,Finance,Hyderabad,Data Correction,Low,Email,IT Support,Closed,10.1,48,No,1,4.5,280,2828.0,May,5,Q2,Thursday
OPS-100013,2025-04-10,Procurement,Gurugram,Invoice Query,Low,Phone,Vendor Management,Closed,12.9,48,No,0,4.9,450,5805.0,Apr,4,Q2,Thursday
OPS-104202,2025-09-19,Sales,Pune,Access Request,Low,Portal,HR Ops,Closed,12.2,48,No,1,5.0,320,3904.0,Sep,9,Q3,Friday
OPS-101003,2025-06-27,HR,Pune,Compliance Request,Low,Portal,Finance Ops,Pending,3.0,48,No,1,4.8,320,960.0,Jun,6,Q2,Friday
OPS-104378,2025-05-18,Procurement,Gurugram,Report Request,Low,Portal,IT Support,Pending,8.9,48,No,1,5.0,400,3560.0,May,5,Q2,Sunday
OPS-104089,2025-08-09,Sales,Noida,Invoice Query,Low,Email,MIS,Closed,6.7,48,No,0,4.9,400,2680.0,Aug,8,Q3,Saturday
OPS-100083,2025-07-27,HR,Pune,Employee Query,Low,Email,IT Support,Closed,7.9,48,No,1,4.5,280,2212.0,Jul,7,Q3,Sunday
OPS-104477,2025-07-24,Procurement,Pune,Employee Query,Medium,Email,Finance Ops,Closed,14.2,24,No,1,3.9,320,4544.0,Jul,7,Q3,Thursday
OPS-100568,2025-06-26,Operations,Mumbai,Employee Query,High,Phone,IT Support,Closed,15.1,12,Yes,0,4.3,400,6040.0,Jun,6,Q2,Thursday
OPS-100003,2025-09-28,HR,Noida ,Vendor Query,High,Email,MIS,Closed,11.6,12,No,0,5.0,280,3248.0,Sep,9,Q3,Sunday
OPS-103098,2025-09-08,Finance,Pune,Data Correction,Medium,Email,MIS,Closed,4.9,24,No,1,4.5,350,1715.0,Sep,9,Q3,Monday
OPS-101898,2025-05-11,IT,Bengaluru,Compliance Request,Medium,Email,Finance Ops,Closed,20.7,24,No,1,4.4,350,7245.0,May,5,Q2,Sunday
OPS-103975,2025-09-02,Customer Support,Bengaluru,Access Request,High,Email,Vendor Management,Closed,18.8,12,Yes,1,4.1,280,5264.0,Sep,9,Q3,Tuesday
OPS-100509,2025-06-28,Procurement,Bengaluru,System Issue,Low,Email,Finance Ops,Closed,4.0,48,No,1,4.6,450,1800.0,Jun,6,Q2,Saturday
OPS-104337,2025-05-28,Finance,Noida,System Issue,Low,Teams,Finance Ops,Closed,7.0,48,No,0,4.5,320,2240.0,May,5,Q2,Wednesday
OPS-101858,2025-04-21,Sales,Gurugram,System Issue,Low,Portal,HR Ops,Closed,32.7,48,No,0,4.3,450,14715.0,Apr,4,Q2,Monday
OPS-104885,2025-06-04,IT,Mumbai,Invoice Query,Low,Portal,Finance Ops,Pending,6.6,48,No,0,4.8,400,2640.0,Jun,6,Q2,Wednesday
OPS-101668,2025-01-12,Customer Support,Bengaluru,Data Correction,Medium,Email,HR Ops,Escalated,59.5,24,Yes,2,2.7,400,23800.0,Jan,1,Q1,Sunday
OPS-101168,2025-05-29,Sales,Hyderabad,Compliance Request,Low,Email,Finance Ops,Closed,7.4,48,No,0,4.3,450,3330.0,May,5,Q2,Thursday
OPS-103991,2025-12-08,Finance,Mumbai,System Issue,Medium,Portal,MIS,Escalated,18.5,24,No,2,3.8,400,7400.0,Dec,12,Q4,Monday
OPS-104238,2025-12-02,Sales,Bengaluru,System Issue,Low,Email,HR Ops,Escalated,26.4,48,No,2,3.8,350,9240.0,Dec,12,Q4,Tuesday
OPS-102379,2025-05-14,Sales,Chennai,Employee Query,Medium,Portal,MIS,Escalated,35.2,24,Yes,1,3.9,400,14080.0,May,5,Q2,Wednesday
OPS-100347,2025-07-10,Sales,Chennai,System Issue,Medium,Phone,HR Ops,Closed,8.6,24,No,0,4.4,350,3010.0,Jul,7,Q3,Thursday
OPS-100930,2025-09-21,Sales,Mumbai,Employee Query,High,Teams,IT Support,Escalated,40.5,12,Yes,2,3.1,450,18225.0,Sep,9,Q3,Sunday
OPS-101725,2025-04-09,Finance,Mumbai,Vendor Query,Low,Email,HR Ops,Closed,8.6,48,No,0,4.6,280,2408.0,Apr,4,Q2,Wednesday
OPS-104879,2025-06-19,Finance,Pune,Employee Query,Low,Portal,IT Support,Closed,15.5,48,No,0,4.2,280,4340.0,Jun,6,Q2,Thursday
OPS-100577,2025-12-05,Operations,Noida,Employee Query,Critical,Email,Vendor Management,Closed,5.3,4,Yes,1,4.7,320,1696.0,Dec,12,Q4,Friday
OPS-100169,2025-10-13,Customer Support,Chennai,System Issue,High,Email,HR Ops,Closed,12.8,12,Yes,1,4.6,400,5120.0,Oct,10,Q4,Monday
OPS-101028,2025-02-04,Sales,Chennai,Compliance Request,Medium,Email,MIS,Closed,7.4,24,No,0,4.2,450,3330.0,Feb,2,Q1,Tuesday
OPS-101743,2025-12-23,Finance,Gurugram,Access Request,Low,Email,IT Support,Pending,4.2,48,No,0,4.5,280,1176.0,Dec,12,Q4,Tuesday
OPS-104696,2025-03-01,HR,Hyderabad,Compliance Request,Low,Teams,Finance Ops,Closed,5.6,48,No,0,5.0,320,1792.0,Mar,3,Q1,Saturday
OPS-102571,2025-08-08,IT,Mumbai,System Issue,Low,Portal,IT Support,Closed,54.7,48,Yes,2,2.5,320,17504.0,Aug,8,Q3,Friday
OPS-100704,2025-07-20,Finance,Mumbai,Report Request,Low,Email,IT Support,Closed,28.5,48,No,0,4.1,350,9975.0,Jul,7,Q3,Sunday
OPS-103499,2025-01-12,Sales,Bengaluru,Access Request,High,Portal,Vendor Management,Closed,4.7,12,No,0,5.0,350,1645.0,Jan,1,Q1,Sunday
OPS-102515,2025-04-15,Operations,Noida,System Issue,High,Portal,HR Ops,Closed,27.6,12,Yes,0,3.9,450,12420.0,Apr,4,Q2,Tuesday
OPS-104159,2025-09-29,Operations,Bengaluru,Access Request,Medium,Email,Vendor Management,Closed,34.1,24,Yes,0,4.2,450,15345.0,Sep,9,Q3,Monday
OPS-102349,2025-04-24,Sales,Gurugram,Invoice Query,Low,Email,IT Support,Closed,10.3,48,No,1,5.0,400,4120.0,Apr,4,Q2,Thursday
OPS-103844,2025-02-12,Operations,Hyderabad,Vendor Query,Low,Email,MIS,Closed,8.6,48,No,0,5.0,280,2408.0,Feb,2,Q1,Wednesday
OPS-104615,2025-10-09,Operations,Noida,Access Request,Low,Email,Finance Ops,Closed,20.4,48,No,1,4.0,280,5712.0,Oct,10,Q4,Thursday
OPS-104253,2025-11-24,Sales,Mumbai,Compliance Request,Medium,Email,Finance Ops,Closed,3.0,24,No,0,4.9,400,1200.0,Nov,11,Q4,Monday
OPS-101040,2025-11-12,Finance,Mumbai,Report Request,Low,Portal,Finance Ops,Pending,7.5,48,No,0,5.0,450,3375.0,Nov,11,Q4,Wednesday
OPS-102310,2025-11-29,Customer Support,Mumbai,Compliance Request,Low,Phone,MIS,Closed,21.5,48,No,0,4.3,450,9675.0,Nov,11,Q4,Saturday
OPS-104730,2025-08-08,HR,Pune,Employee Query,Low,Email,MIS,Escalated,16.2,48,No,2,3.7,400,6480.0,Aug,8,Q3,Friday
OPS-102135,2025-05-13,Sales,Chennai,Access Request,Low,Portal,MIS,Escalated,30.1,48,No,2,3.6,280,8428.0,May,5,Q2,Tuesday
OPS-104814,2025-11-27,Operations,Chennai,System Issue,Low,Email,MIS,Closed,10.7,48,No,1,4.6,280,2996.0,Nov,11,Q4,Thursday
OPS-102831,2025-01-31,Sales,Bengaluru,System Issue,Medium,Portal,IT Support,Closed,3.7,24,No,0,4.7,320,1184.0,Jan,1,Q1,Friday
OPS-103595,2025-04-14,HR,Mumbai,Compliance Request,Low,Portal,IT Support,Closed,8.1,48,No,1,5.0,350,2835.0,Apr,4,Q2,Monday
OPS-100655,2025-05-14,Procurement,Chennai,Vendor Query,Low,Email,MIS,Closed,4.9,48,No,1,4.7,350,1715.0,May,5,Q2,Wednesday
OPS-104081,2025-05-13,Sales,Pune,Compliance Request,High,Email,Vendor Management,Closed,11.7,12,No,0,4.7,320,3744.0,May,5,Q2,Tuesday
OPS-104619,2025-11-01,IT,Hyderabad,Compliance Request,Low,Portal,HR Ops,Closed,43.3,48,No,0,2.7,320,13856.0,Nov,11,Q4,Saturday
OPS-101170,2025-05-17,Sales,Pune,Compliance Request,Medium,Email,HR Ops,Escalated,26.9,24,Yes,3,3.5,350,9415.0,May,5,Q2,Saturday
OPS-100659,2025-06-09,Operations,Hyderabad,Invoice Query,Low,Portal,Vendor Management,Closed,16.7,48,No,1,4.4,400,6680.0,Jun,6,Q2,Monday
OPS-102633,2025-08-24,HR,Pune,Compliance Request,Medium,Email,IT Support,Escalated,14.8,24,No,2,4.4,350,5180.0,Aug,8,Q3,Sunday
OPS-102824,2025-10-24,Procurement,Hyderabad,Invoice Query,Low,Portal,IT Support,Closed,6.8,48,No,0,4.3,320,2176.0,Oct,10,Q4,Friday
OPS-102835,2025-08-01,IT,Gurugram,Access Request,Low,Email,MIS,Escalated,20.1,48,No,3,3.3,400,8040.0,Aug,8,Q3,Friday
OPS-103164,2025-06-07,Customer Support,Bengaluru,Invoice Query,Low,Email,MIS,Escalated,33.0,48,No,2,3.5,400,13200.0,Jun,6,Q2,Saturday
OPS-104945,2025-08-23,Customer Support,Noida,Report Request,Low,Portal,Vendor Management,Pending,12.1,48,No,1,4.4,320,3872.0,Aug,8,Q3,Saturday
OPS-100877,2025-04-23,Customer Support,Chennai,System Issue,Medium,Email,IT Support,Closed,10.5,24,No,0,4.9,280,2940.0,Apr,4,Q2,Wednesday
OPS-101934,2025-05-11,Sales,Bengaluru,System Issue,Low,Email,Finance Ops,Closed,13.3,48,No,1,3.8,350,4655.0,May,5,Q2,Sunday
OPS-100467,2025-07-04,Customer Support,Noida,Access Request,Low,Email,HR Ops,Escalated,34.0,48,No,1,3.9,320,10880.0,Jul,7,Q3,Friday
OPS-102422,2025-05-26,Operations,Chennai,Report Request,High,Email,Vendor Management,Escalated,6.5,12,No,2,4.3,320,2080.0,May,5,Q2,Monday
OPS-101596,2025-11-28,Customer Support,Hyderabad,Data Correction,Low,Teams,HR Ops,Closed,10.2,48,No,2,4.1,400,4080.0,Nov,11,Q4,Friday
OPS-101119,2025-10-26,Operations,Hyderabad,Access Request,Medium,Phone,IT Support,Escalated,27.7,24,Yes,1,4.5,350,9695.0,Oct,10,Q4,Sunday
OPS-100386,2025-09-21,IT,Gurugram,,Medium,Teams,Vendor Management,Closed,14.1,24,No,2,3.7,400,5640.0,Sep,9,Q3,Sunday
OPS-104761,2025-12-12,HR,Mumbai,System Issue,High,Portal,MIS,Closed,1.0,12,No,1,5.0,280,280.0,Dec,12,Q4,Friday
OPS-104915,2025-04-28,Customer Support,Gurugram,Vendor Query,Medium,Teams,IT Support,Closed,7.5,24,No,0,4.3,320,2400.0,Apr,4,Q2,Monday
OPS-100927,2025-04-21,Operations,Pune,System Issue,Medium,Portal,IT Support,Closed,7.9,24,No,0,4.8,350,2765.0,Apr,4,Q2,Monday
OPS-104111,2025-10-06,Finance,Hyderabad,Report Request,Low,Phone,IT Support,Closed,8.8,48,No,0,4.8,450,3960.0,Oct,10,Q4,Monday
OPS-100119,2025-10-20,IT,Chennai,Compliance Request,Medium,Phone,IT Support,Closed,12.3,24,No,1,3.8,280,3444.0,Oct,10,Q4,Monday
OPS-104307,2025-01-17,Customer Support,Hyderabad,Vendor Query,Medium,Phone,MIS,Closed,8.7,24,No,1,4.5,400,3480.0,Jan,1,Q1,Friday
OPS-100638,2025-02-08,Operations,Chennai,Employee Query,Low,Email,MIS,Closed,18.7,48,No,1,4.4,320,5984.0,Feb,2,Q1,Saturday
OPS-103283,2025-09-25,Operations,Pune,Data Correction,Low,Email,Finance Ops,Pending,4.8,48,No,0,5.0,400,1920.0,Sep,9,Q3,Thursday
OPS-103840,2025-05-06,Sales,Pune,Compliance Request,High,Portal,Finance Ops,Closed,3.9,12,No,0,5.0,450,1755.0,May,5,Q2,Tuesday
OPS-101729,2025-06-06,HR,Mumbai,Report Request,Medium,Portal,IT Support,Escalated,8.8,24,No,1,4.6,400,3520.0,Jun,6,Q2,Friday
OPS-103808,2025-01-24,Sales,Chennai,System Issue,Medium,Portal,IT Support,Pending,5.4,24,No,1,4.6,400,2160.0,Jan,1,Q1,Friday
OPS-103795,2025-06-14,IT,Bengaluru,Invoice Query,Critical,Portal,IT Support,Closed,4.4,4,Yes,0,5.0,350,1540.0,Jun,6,Q2,Saturday
OPS-104060,2025-07-12,Procurement,Noida ,Vendor Query,Medium,Teams,IT Support,Closed,13.8,24,No,0,4.7,400,5520.0,Jul,7,Q3,Saturday
OPS-103779,2025-09-09,Finance,Pune,System Issue,Low,Portal,IT Support,Closed,4.4,48,No,1,5.0,400,1760.0,Sep,9,Q3,Tuesday
OPS-102511,2025-02-11,Procurement,Chennai,System Issue,Low,Email,MIS,Closed,9.4,48,No,0,4.6,280,2632.0,Feb,2,Q1,Tuesday
OPS-101666,2025-07-25,Sales,Chennai,Data Correction,High,Teams,HR Ops,Closed,4.1,12,No,2,4.0,450,1845.0,Jul,7,Q3,Friday
OPS-101211,2025-07-08,IT,Chennai,Invoice Query,Low,Portal,Finance Ops,Closed,37.0,48,No,0,4.1,400,14800.0,Jul,7,Q3,Tuesday
OPS-103719,2025-01-23,HR,Pune,Vendor Query,High,Teams,Finance Ops,Pending,23.9,12,Yes,1,4.5,450,10755.0,Jan,1,Q1,Thursday
OPS-103293,2025-12-09,Procurement,Mumbai,Employee Query,Low,Email,MIS,Escalated,20.7,48,No,1,4.4,450,9315.0,Dec,12,Q4,Tuesday
OPS-103973,2025-04-17,Procurement,Hyderabad,Data Correction,Medium,Portal,IT Support,Closed,31.3,24,Yes,0,4.5,350,10955.0,Apr,4,Q2,Thursday
OPS-100143,2025-02-21,Finance,Bengaluru,Data Correction,High,Portal,IT Support,Closed,9.0,12,No,2,4.5,280,2520.0,Feb,2,Q1,Friday
OPS-103570,2025-09-21,Procurement,Gurugram,Data Correction,Low,Email,IT Support,Closed,14.0,48,No,1,4.5,320,4480.0,Sep,9,Q3,Sunday
OPS-100288,2025-04-22,Procurement,Bengaluru,Report Request,Low,Email,HR Ops,Closed,20.4,48,No,0,4.9,450,9180.0,Apr,4,Q2,Tuesday
OPS-101569,2025-04-09,HR,Noida,Vendor Query,Low,Email,Finance Ops,Closed,4.5,48,No,1,4.6,450,2025.0,Apr,4,Q2,Wednesday
OPS-104003,2025-06-19,Sales,Bengaluru,System Issue,High,Portal,IT Support,Closed,9.0,12,No,0,5.0,400,3600.0,Jun,6,Q2,Thursday
OPS-103781,2025-08-15,Procurement,Bengaluru,Vendor Query,Medium,Email,Finance Ops,Closed,32.5,24,Yes,1,3.4,400,13000.0,Aug,8,Q3,Friday
OPS-100948,2025-04-22,IT,Hyderabad,Invoice Query,Critical,Email,IT Support,Closed,22.8,4,Yes,0,4.4,450,10260.0,Apr,4,Q2,Tuesday
OPS-101906,2025-11-01,Procurement,Pune,Employee Query,Critical,Teams,IT Support,Closed,11.2,4,Yes,0,4.9,450,5040.0,Nov,11,Q4,Saturday
OPS-102393,2025-01-25,Finance,Hyderabad,Report Request,Low,Portal,MIS,Closed,12.9,48,No,1,4.5,350,4515.0,Jan,1,Q1,Saturday
OPS-100089,2025-09-09,Procurement,Noida,Vendor Query,Critical,Teams,Finance Ops,Closed,6.6,4,Yes,1,4.4,350,2310.0,Sep,9,Q3,Tuesday
OPS-102181,2025-12-17,Customer Support,Noida,Invoice Query,Medium,Email,HR Ops,Closed,8.0,24,No,0,4.0,320,2560.0,Dec,12,Q4,Wednesday
OPS-101201,2025-06-05,IT,Chennai,Invoice Query,Low,Teams,Vendor Management,Closed,13.2,48,No,0,4.4,450,5940.0,Jun,6,Q2,Thursday
OPS-103554,2025-10-25,Customer Support,Pune,Vendor Query,Critical,Email,MIS,Closed,5.9,4,Yes,0,4.6,400,2360.0,Oct,10,Q4,Saturday
OPS-104497,2025-07-21,HR,Mumbai,Employee Query,High,Teams,MIS,Closed,19.8,12,Yes,0,4.4,280,5544.0,Jul,7,Q3,Monday
OPS-101391,2025-06-01,Procurement,Noida,System Issue,Medium,Email,MIS,Escalated,32.3,24,Yes,1,3.8,450,14535.0,Jun,6,Q2,Sunday
OPS-104142,2025-11-02,HR,Hyderabad,Report Request,Medium,Phone,Vendor Management,Closed,6.1,24,No,0,4.9,400,2440.0,Nov,11,Q4,Sunday
OPS-103354,2025-05-26,IT,Mumbai,System Issue,High,Phone,MIS,Closed,11.5,12,No,1,4.6,280,3220.0,May,5,Q2,Monday
OPS-102274,2025-05-16,HR,Hyderabad,Compliance Request,High,Email,MIS,Closed,27.4,12,Yes,0,4.3,320,8768.0,May,5,Q2,Friday
OPS-102719,2025-12-25,Customer Support,Chennai,Report Request,High,Portal,HR Ops,Closed,12.5,12,Yes,0,5.0,350,4375.0,Dec,12,Q4,Thursday
OPS-101904,2025-12-19,Operations,Gurugram,Employee Query,Medium,Email,IT Support,Closed,5.0,24,No,0,4.5,280,1400.0,Dec,12,Q4,Friday
OPS-102904,2025-04-08,IT,Pune,Invoice Query,Medium,Teams,MIS,Closed,7.4,24,No,1,4.4,400,2960.0,Apr,4,Q2,Tuesday
OPS-103530,2025-11-25,IT,Hyderabad,Access Request,Low,Email,IT Support,Escalated,8.7,48,No,3,3.8,320,2784.0,Nov,11,Q4,Tuesday
OPS-101609,2025-02-06,Sales,Bengaluru,Data Correction,High,Email,HR Ops,Closed,16.0,12,Yes,0,4.1,350,5600.0,Feb,2,Q1,Thursday
OPS-104650,2025-12-05,IT,Hyderabad,Employee Query,Low,Portal,Vendor Management,Closed,8.7,48,No,0,4.3,450,3915.0,Dec,12,Q4,Friday
OPS-102267,2025-04-19,Procurement,Mumbai,Invoice Query,High,Email,Finance Ops,Closed,10.1,12,No,1,4.5,450,4545.0,Apr,4,Q2,Saturday
OPS-102214,2025-06-03,Operations,Pune,Vendor Query,Low,Email,IT Support,Escalated,11.7,48,No,1,3.7,320,3744.0,Jun,6,Q2,Tuesday
OPS-100420,2025-12-31,Finance,Gurugram,Invoice Query,High,Portal,Vendor Management,Closed,1.0,12,No,0,4.9,400,400.0,Dec,12,Q4,Wednesday
OPS-104883,2025-10-15,IT,Hyderabad,System Issue,Medium,Portal,Finance Ops,Closed,1.4,24,No,0,5.0,450,630.0,Oct,10,Q4,Wednesday
OPS-101693,2025-10-05,HR,Pune,Vendor Query,Medium,Email,MIS,Closed,14.3,24,No,0,4.5,400,5720.0,Oct,10,Q4,Sunday
OPS-103845,2025-05-15,IT,Mumbai,Access Request,Low,Portal,MIS,Closed,4.8,48,No,1,4.7,450,2160.0,May,5,Q2,Thursday
OPS-100456,2025-09-29,Operations,Bengaluru,System Issue,Critical,Teams,IT Support,Closed,13.2,4,Yes,1,4.5,350,4620.0,Sep,9,Q3,Monday
OPS-104239,2025-01-13,HR,Hyderabad,Data Correction,High,Email,HR Ops,Closed,4.2,12,No,0,4.4,350,1470.0,Jan,1,Q1,Monday
OPS-104571,2025-05-02,HR,Mumbai,Access Request,Medium,Portal,IT Support,Closed,12.9,24,No,1,4.2,280,3612.0,May,5,Q2,Friday
OPS-101248,2025-10-15,Operations,Chennai,Employee Query,High,Email,Vendor Management,Pending,5.5,12,No,0,5.0,350,1925.0,Oct,10,Q4,Wednesday
OPS-104018,2025-09-22,Procurement,Noida,Compliance Request,High,Email,Vendor Management,Closed,2.4,12,No,0,5.0,280,672.0,Sep,9,Q3,Monday
OPS-103069,2025-07-20,Finance,Mumbai,Invoice Query,Low,Email,Vendor Management,Closed,5.8,48,No,1,4.6,350,2030.0,Jul,7,Q3,Sunday
OPS-102619,2025-08-10,Operations,Pune,Data Correction,Medium,Teams,HR Ops,Closed,16.6,24,No,1,4.1,450,7470.0,Aug,8,Q3,Sunday
OPS-100755,2025-03-19,Customer Support,Bengaluru,Data Correction,Medium,Portal,Vendor Management,Closed,7.0,24,No,0,4.9,400,2800.0,Mar,3,Q1,Wednesday
OPS-103676,2025-12-27,HR,Mumbai,System Issue,Low,Email,MIS,Closed,5.6,48,No,0,4.9,350,1960.0,Dec,12,Q4,Saturday
OPS-103876,2025-10-15,Finance,Mumbai,Employee Query,Medium,Teams,MIS,Closed,1.8,24,No,1,4.9,320,576.0,Oct,10,Q4,Wednesday
OPS-102727,2025-04-29,Customer Support,Mumbai,System Issue,Medium,Phone,IT Support,Escalated,28.0,24,Yes,3,3.9,350,9800.0,Apr,4,Q2,Tuesday
OPS-104835,2025-10-31,Finance,Noida,Invoice Query,Medium,Teams,IT Support,Closed,16.4,24,No,0,4.6,280,4592.0,Oct,10,Q4,Friday
OPS-103318,2025-11-03,HR,Mumbai,Invoice Query,Low,Email,Vendor Management,Closed,7.5,48,No,2,4.1,400,3000.0,Nov,11,Q4,Monday
OPS-101414,2025-02-11,Sales,Chennai,Report Request,Low,Teams,MIS,Closed,5.0,48,No,1,4.2,400,2000.0,Feb,2,Q1,Tuesday
OPS-101167,2025-02-24,Operations,Bengaluru,Access Request,Medium,Phone,MIS,Closed,20.1,24,No,0,3.8,400,8040.0,Feb,2,Q1,Monday
OPS-102856,2025-03-25,IT,Pune,Employee Query,Low,Email,Vendor Management,Closed,7.6,48,No,1,5.0,400,3040.0,Mar,3,Q1,Tuesday
OPS-104877,2025-09-03,Procurement,Mumbai,System Issue,Medium,Email,HR Ops,Pending,17.5,24,No,0,4.3,280,4900.0,Sep,9,Q3,Wednesday
OPS-101127,2025-02-07,IT,Gurugram,Employee Query,Low,Email,HR Ops,Escalated,16.3,48,No,2,4.1,450,7335.0,Feb,2,Q1,Friday
OPS-102987,2025-02-09,HR,Gurugram,Invoice Query,Low,Portal,Finance Ops,Closed,24.0,48,No,0,3.8,320,7680.0,Feb,2,Q1,Sunday
OPS-102862,2025-06-27,Finance,Hyderabad,Vendor Query,Medium,Portal,Finance Ops,Closed,15.6,24,No,0,5.0,320,4992.0,Jun,6,Q2,Friday
OPS-104206,2025-01-03,Operations,Noida,System Issue,Low,Teams,IT Support,Closed,15.2,48,No,2,4.7,400,6080.0,Jan,1,Q1,Friday
OPS-100750,2025-06-14,HR,Mumbai,Vendor Query,Medium,Email,HR Ops,Closed,10.8,24,No,0,5.0,320,3456.0,Jun,6,Q2,Saturday
OPS-102446,2025-09-20,Finance,Noida,Access Request,Low,Portal,HR Ops,Closed,3.3,48,No,0,5.0,280,924.0,Sep,9,Q3,Saturday
OPS-100392,2025-10-15,HR,Pune,System Issue,Low,Portal,HR Ops,Closed,6.8,48,No,0,5.0,400,2720.0,Oct,10,Q4,Wednesday
OPS-100998,2025-05-19,IT,Hyderabad,Access Request,Medium,Portal,HR Ops,Pending,25.5,24,Yes,1,3.6,450,11475.0,May,5,Q2,Monday
OPS-101868,2025-07-07,Customer Support,Bengaluru,Compliance Request,Medium,Portal,Finance Ops,Escalated,23.1,24,No,4,3.4,280,6468.0,Jul,7,Q3,Monday
OPS-100915,2025-01-25,HR,Bengaluru,Invoice Query,Low,Email,HR Ops,Closed,17.7,48,No,0,4.5,280,4956.0,Jan,1,Q1,Saturday
OPS-103266,2025-07-02,Customer Support,Mumbai,Invoice Query,Medium,Email,Finance Ops,Closed,15.0,24,No,2,4.7,280,4200.0,Jul,7,Q3,Wednesday
OPS-103139,2025-11-16,Customer Support,Bengaluru,,Low,Portal,,Closed,9.3,48,No,1,4.7,280,2604.0,Nov,11,Q4,Sunday
OPS-100564,2025-08-05,Sales,Gurugram,Invoice Query,Medium,Email,Finance Ops,Closed,5.7,24,No,0,5.0,350,1995.0,Aug,8,Q3,Tuesday
OPS-101355,2025-10-14,Finance,Noida,Access Request,Low,Email,Vendor Management,Closed,3.5,48,No,0,,280,980.0,Oct,10,Q4,Tuesday
OPS-101425,2025-10-02,Customer Support,Pune,Report Request,Medium,Portal,Vendor Management,Closed,18.0,24,No,0,4.1,280,5040.0,Oct,10,Q4,Thursday
OPS-100747,2025-09-16,Customer Support,Mumbai,Report Request,Medium,Email,Finance Ops,Closed,13.7,24,No,1,4.2,450,6165.0,Sep,9,Q3,Tuesday
OPS-100159,2025-03-07,HR,Gurugram,Data Correction,Low,Email,IT Support,Escalated,10.5,48,No,1,4.5,280,2940.0,Mar,3,Q1,Friday
OPS-100486,2025-09-03,Procurement,Gurugram,Vendor Query,Low,Email,MIS,Closed,6.9,48,No,2,4.2,350,2415.0,Sep,9,Q3,Wednesday
OPS-100348,2025-09-10,IT,Pune,System Issue,Medium,Email,MIS,Closed,20.6,24,No,0,4.8,320,6592.0,Sep,9,Q3,Wednesday
OPS-104229,2025-07-08,Procurement,Hyderabad,Compliance Request,Low,Phone,IT Support,Closed,8.4,48,No,0,5.0,280,2352.0,Jul,7,Q3,Tuesday
OPS-102956,2025-08-15,Procurement,Bengaluru,Employee Query,Low,Email,Vendor Management,Closed,29.5,48,No,1,4.0,280,8260.0,Aug,8,Q3,Friday
OPS-101393,2025-03-10,Customer Support,Noida,Invoice Query,Low,Email,Finance Ops,Closed,12.3,48,No,0,5.0,350,4305.0,Mar,3,Q1,Monday
OPS-101561,2025-09-19,Procurement,Chennai,Data Correction,Low,Email,MIS,Closed,4.3,48,No,1,4.4,400,1720.0,Sep,9,Q3,Friday
OPS-101961,2025-11-22,Sales,Mumbai,Employee Query,Medium,Email,Finance Ops,Closed,6.3,24,No,0,4.9,350,2205.0,Nov,11,Q4,Saturday
OPS-101979,2025-09-23,Procurement,Noida,Data Correction,Medium,Portal,MIS,Closed,15.1,24,No,0,4.9,350,5285.0,Sep,9,Q3,Tuesday
OPS-100801,2025-12-01,HR,Bengaluru,Report Request,Medium,Portal,Finance Ops,Closed,19.5,24,No,0,5.0,280,5460.0,Dec,12,Q4,Monday
OPS-100641,2025-05-21,Customer Support,Gurugram,Data Correction,Medium,Teams,MIS,Closed,6.6,24,No,1,4.6,350,2310.0,May,5,Q2,Wednesday
OPS-101870,2025-01-14,Finance,Pune,Compliance Request,Critical,Email,HR Ops,Closed,1.6,4,No,2,4.3,400,640.0,Jan,1,Q1,Tuesday
OPS-100091,2025-02-10,IT,Mumbai,Report Request,Medium,Email,HR Ops,Closed,9.8,24,No,0,5.0,320,3136.0,Feb,2,Q1,Monday
OPS-104713,2025-07-20,HR,Chennai,Vendor Query,Medium,Email,Finance Ops,Pending,19.2,24,No,1,3.5,320,6144.0,Jul,7,Q3,Sunday
OPS-100896,2025-01-03,Customer Support,Noida,Employee Query,Medium,Email,MIS,Closed,20.7,24,No,1,3.9,400,8280.0,Jan,1,Q1,Friday
OPS-104845,2025-12-21,Procurement,Mumbai,,Medium,Email,HR Ops,Closed,24.4,24,Yes,0,4.2,400,9760.0,Dec,12,Q4,Sunday
OPS-100207,2025-01-02,IT,Hyderabad,,Medium,Teams,Finance Ops,Closed,14.7,24,No,1,,280,4116.0,Jan,1,Q1,Thursday
OPS-103438,2025-03-09,IT,Mumbai,Vendor Query,Low,Email,MIS,Closed,22.6,48,No,0,4.2,400,9040.0,Mar,3,Q1,Sunday
OPS-102378,2025-06-07,IT,Noida,Data Correction,Medium,Teams,Finance Ops,Closed,10.4,24,No,0,4.7,400,4160.0,Jun,6,Q2,Saturday
OPS-100686,2025-12-24,Customer Support,Bengaluru,System Issue,Medium,Teams,Vendor Management,Escalated,9.5,24,No,3,3.7,350,3325.0,Dec,12,Q4,Wednesday
OPS-103126,2025-11-23,Finance,Bengaluru,Invoice Query,Low,Email,HR Ops,Pending,7.6,48,No,2,4.5,320,2432.0,Nov,11,Q4,Sunday
OPS-100587,2025-04-19,Customer Support,Chennai,Access Request,Low,Email,MIS,Closed,7.1,48,No,0,4.4,400,2840.0,Apr,4,Q2,Saturday
OPS-101289,2025-03-23,Procurement,Hyderabad,Compliance Request,Low,Email,IT Support,Closed,12.1,48,No,2,3.9,320,3872.0,Mar,3,Q1,Sunday
OPS-103574,2025-01-30,Operations,Pune,Vendor Query,Medium,Email,Vendor Management,Closed,5.9,24,No,1,4.6,320,1888.0,Jan,1,Q1,Thursday
OPS-104742,2025-02-23,HR,Gurugram,Compliance Request,Medium,Teams,IT Support,Closed,18.8,24,No,0,4.1,350,6580.0,Feb,2,Q1,Sunday
OPS-102730,2025-08-09,HR,Chennai,Compliance Request,Medium,Email,IT Support,Closed,17.4,24,No,0,4.2,280,4872.0,Aug,8,Q3,Saturday
OPS-104112,2025-12-31,HR,Bengaluru,Invoice Query,Low,Email,Vendor Management,Closed,23.4,48,No,0,4.4,450,10530.0,Dec,12,Q4,Wednesday
OPS-104977,2025-04-08,Operations,Noida,Employee Query,Low,Portal,HR Ops,Pending,6.6,48,No,2,4.4,280,1848.0,Apr,4,Q2,Tuesday
OPS-104019,2025-09-05,IT,Bengaluru,Vendor Query,Medium,Email,MIS,Closed,10.7,24,No,2,4.1,280,2996.0,Sep,9,Q3,Friday
OPS-100021,2025-10-21,Procurement,Pune,System Issue,Medium,Teams,Vendor Management,Closed,28.6,24,Yes,0,4.3,280,8008.0,Oct,10,Q4,Tuesday
OPS-102573,2025-08-11,Sales,Gurugram,Invoice Query,High,Teams,Vendor Management,Closed,9.6,12,No,0,4.7,280,2688.0,Aug,8,Q3,Monday
OPS-100668,2025-08-17,Operations,Noida,Report Request,Low,Email,MIS,Closed,10.8,48,No,1,4.5,280,3024.0,Aug,8,Q3,Sunday
OPS-100959,2025-08-31,HR,Mumbai,Compliance Request,Low,Email,MIS,Closed,9.8,48,No,0,4.6,320,3136.0,Aug,8,Q3,Sunday
OPS-103892,2025-03-09,Sales,Pune,Report Request,Low,Email,Finance Ops,Closed,2.7,48,No,0,5.0,350,945.0,Mar,3,Q1,Sunday
OPS-103772,2025-11-22,Finance,Mumbai,System Issue,Medium,Teams,Finance Ops,Closed,3.9,24,No,0,4.8,400,1560.0,Nov,11,Q4,Saturday
OPS-102744,2025-07-07,Procurement,Chennai,Compliance Request,Low,Email,Vendor Management,Escalated,29.4,48,No,1,4.1,400,11760.0,Jul,7,Q3,Monday
OPS-104308,2025-11-18,Finance,Noida,Invoice Query,Low,Email,Finance Ops,Closed,26.3,48,No,1,4.3,400,10520.0,Nov,11,Q4,Tuesday
OPS-103813,2025-12-12,Finance,Chennai,Compliance Request,Low,Portal,HR Ops,Escalated,19.7,48,No,2,4.2,320,6304.0,Dec,12,Q4,Friday
OPS-102056,2025-07-12,Finance,Bengaluru,Employee Query,Medium,Email,IT Support,Closed,6.2,24,No,0,4.9,320,1984.0,Jul,7,Q3,Saturday
OPS-104748,2025-02-09,Sales,Pune,Report Request,High,Teams,MIS,Closed,14.2,12,Yes,1,4.9,450,6390.0,Feb,2,Q1,Sunday
OPS-100546,2025-02-05,Sales,Noida,Compliance Request,High,Email,HR Ops,Closed,5.0,12,No,0,5.0,320,1600.0,Feb,2,Q1,Wednesday
OPS-104107,2025-10-17,HR,Gurugram,Vendor Query,Medium,Portal,IT Support,Closed,19.6,24,No,1,4.2,400,7840.0,Oct,10,Q4,Friday
OPS-104757,2025-03-22,Sales,Chennai,Compliance Request,Medium,Email,IT Support,Closed,15.0,24,No,1,4.6,400,6000.0,Mar,3,Q1,Saturday
OPS-102373,2025-06-15,HR,Bengaluru,Data Correction,Low,Portal,IT Support,Closed,2.0,48,No,1,5.0,350,700.0,Jun,6,Q2,Sunday
OPS-103378,2025-10-17,Sales,Bengaluru,Data Correction,Low,Phone,Finance Ops,Closed,11.4,48,No,0,4.8,400,4560.0,Oct,10,Q4,Friday
OPS-100545,2025-04-09,Customer Support,Pune,Employee Query,Low,Phone,Finance Ops,Closed,2.4,48,No,1,4.0,450,1080.0,Apr,4,Q2,Wednesday
OPS-101093,2025-05-03,Customer Support,Mumbai,Invoice Query,Medium,Portal,Vendor Management,Closed,5.6,24,No,1,4.2,280,1568.0,May,5,Q2,Saturday
OPS-103688,2025-12-09,Finance,Mumbai,Invoice Query,High,Portal,HR Ops,Closed,16.7,12,Yes,0,3.9,280,4676.0,Dec,12,Q4,Tuesday
OPS-101438,2025-12-05,Operations,Bengaluru,Report Request,Medium,Email,Finance Ops,Closed,5.7,24,No,2,4.3,320,1824.0,Dec,12,Q4,Friday
OPS-101549,2025-05-28,Finance,Pune,System Issue,Medium,Email,IT Support,Closed,12.6,24,No,1,4.4,280,3528.0,May,5,Q2,Wednesday
OPS-104134,2025-12-08,Procurement,Bengaluru,Vendor Query,Low,Email,IT Support,Escalated,32.3,48,No,2,3.3,320,10336.0,Dec,12,Q4,Monday
OPS-101298,2025-09-18,Operations,Chennai,Invoice Query,Critical,Email,HR Ops,Closed,19.3,4,Yes,2,3.8,320,6176.0,Sep,9,Q3,Thursday
OPS-101946,2025-10-25,Operations,Noida,Employee Query,High,Phone,IT Support,Closed,13.2,12,Yes,1,4.4,350,4620.0,Oct,10,Q4,Saturday
OPS-104122,2025-02-23,Sales,,Invoice Query,Critical,Email,Vendor Management,Escalated,20.9,4,Yes,2,4.0,400,8360.0,Feb,2,Q1,Sunday
OPS-100975,2025-07-13,Operations,Noida,,Low,Email,IT Support,Closed,15.1,48,No,0,4.7,450,6795.0,Jul,7,Q3,Sunday
OPS-102294,2025-12-08,Customer Support,Bengaluru,Access Request,Low,Email,MIS,Escalated,67.3,48,Yes,1,3.1,350,23555.0,Dec,12,Q4,Monday
OPS-103048,2025-11-03,Sales,Chennai,Report Request,Medium,Email,HR Ops,Escalated,18.4,24,No,4,3.4,400,7360.0,Nov,11,Q4,Monday
OPS-103379,2025-06-05,Sales,Chennai,Compliance Request,Medium,Email,MIS,Closed,15.4,24,No,0,4.8,280,4312.0,Jun,6,Q2,Thursday
OPS-102681,2025-11-16,Operations,Chennai,Employee Query,Low,Teams,Vendor Management,Escalated,26.7,48,No,2,3.2,450,12015.0,Nov,11,Q4,Sunday
OPS-104983,2025-10-03,Finance,Bengaluru,Employee Query,Medium,Teams,Vendor Management,Closed,15.2,24,No,0,5.0,320,4864.0,Oct,10,Q4,Friday
OPS-103627,2025-08-03,Procurement,Gurugram,Compliance Request,Medium,Portal,Vendor Management,Pending,2.6,24,No,0,4.8,350,910.0,Aug,8,Q3,Sunday
OPS-100010,2025-08-03,Operations,Noida,Access Request,Medium,Portal,MIS,Closed,2.3,24,No,3,4.6,280,644.0,Aug,8,Q3,Sunday
OPS-102850,2025-02-13,Sales,Mumbai,Vendor Query,Medium,Portal,HR Ops,Pending,11.0,24,No,0,4.6,400,4400.0,Feb,2,Q1,Thursday
OPS-104574,2025-06-11,Sales,Gurugram,Invoice Query,Medium,Email,Vendor Management,Closed,11.8,24,No,0,4.3,280,3304.0,Jun,6,Q2,Wednesday
OPS-103480,2025-04-11,Customer Support,Gurugram,System Issue,Medium,Teams,Vendor Management,Closed,3.7,24,No,1,4.9,320,1184.0,Apr,4,Q2,Friday
OPS-102172,2025-06-07,Procurement,Bengaluru,System Issue,Medium,Portal,HR Ops,Closed,12.9,24,No,0,4.5,450,5805.0,Jun,6,Q2,Saturday
OPS-102672,2025-07-05,Customer Support,Gurugram,Access Request,Medium,Teams,IT Support,Closed,5.3,24,No,0,5.0,280,1484.0,Jul,7,Q3,Saturday
OPS-103685,2025-08-02,Procurement,Hyderabad,Data Correction,High,Email,Finance Ops,Pending,23.4,12,Yes,0,4.7,280,6552.0,Aug,8,Q3,Saturday
OPS-102123,2025-11-26,IT,Noida,Access Request,Low,Portal,Finance Ops,Closed,11.1,48,No,0,4.1,320,3552.0,Nov,11,Q4,Wednesday
OPS-103642,2025-10-02,Customer Support,Mumbai,Report Request,High,Email,MIS,Closed,5.9,12,No,0,5.0,350,2065.0,Oct,10,Q4,Thursday
OPS-102662,2025-01-23,Procurement,Bengaluru,System Issue,Medium,Email,IT Support,Closed,37.6,24,Yes,0,4.4,280,10528.0,Jan,1,Q1,Thursday
OPS-104786,2025-12-06,Finance,Pune,System Issue,High,Teams,Finance Ops,Escalated,8.5,12,No,2,4.0,320,2720.0,Dec,12,Q4,Saturday
OPS-103895,2025-02-18,Sales,Gurugram,Vendor Query,Medium,Teams,IT Support,Closed,9.4,24,No,3,4.3,320,3008.0,Feb,2,Q1,Tuesday
OPS-102687,2025-08-07,HR,Mumbai,Data Correction,Low,Phone,HR Ops,Closed,10.8,48,No,0,4.5,350,3780.0,Aug,8,Q3,Thursday
OPS-101536,2025-11-15,Operations,Bengaluru,Compliance Request,Low,Phone,HR Ops,Closed,14.1,48,No,1,3.8,450,6345.0,Nov,11,Q4,Saturday
OPS-103633,2025-08-19,Customer Support,Mumbai,Vendor Query,Medium,Portal,Vendor Management,Closed,14.0,24,No,0,5.0,450,6300.0,Aug,8,Q3,Tuesday
OPS-101114,2025-04-05,Customer Support,Gurugram,System Issue,Low,Portal,Finance Ops,Closed,4.6,48,No,0,4.7,320,1472.0,Apr,4,Q2,Saturday
OPS-104424,2025-01-16,Procurement,Noida,Invoice Query,Medium,Email,IT Support,Closed,10.1,24,No,0,4.7,350,3535.0,Jan,1,Q1,Thursday
OPS-100697,2025-01-28,Finance,Gurugram,Report Request,Low,Portal,MIS,Escalated,26.7,48,No,1,3.6,280,7476.0,Jan,1,Q1,Tuesday
OPS-100122,2025-12-26,Procurement,Mumbai,Compliance Request,Medium,Portal,HR Ops,Escalated,8.8,24,No,1,4.2,350,3080.0,Dec,12,Q4,Friday
OPS-102026,2025-09-08,HR,Pune,System Issue,Medium,Email,IT Support,Closed,3.2,24,No,0,5.0,450,1440.0,Sep,9,Q3,Monday
OPS-104473,2025-05-30,Sales,Hyderabad,Invoice Query,Low,Email,MIS,Closed,7.2,48,No,0,4.8,320,2304.0,May,5,Q2,Friday
OPS-103242,2025-07-09,Customer Support,Pune,Access Request,Low,Portal,IT Support,Closed,23.5,48,No,0,4.0,320,7520.0,Jul,7,Q3,Wednesday
OPS-100240,2025-09-16,Finance,Mumbai,Invoice Query,Medium,Portal,Vendor Management,Closed,7.0,24,No,0,4.0,280,1960.0,Sep,9,Q3,Tuesday
OPS-101760,2025-03-13,HR,Noida,Vendor Query,Medium,Teams,IT Support,Escalated,10.9,24,No,2,3.9,350,3815.0,Mar,3,Q1,Thursday
OPS-100246,2025-12-18,HR,Chennai,System Issue,Low,Email,Finance Ops,Closed,9.5,48,No,0,4.5,320,3040.0,Dec,12,Q4,Thursday
OPS-100069,2025-07-10,Sales,Mumbai,Invoice Query,Medium,Teams,HR Ops,Closed,2.8,24,No,0,4.9,450,1260.0,Jul,7,Q3,Thursday
OPS-102510,2025-08-09,Operations,Gurugram,Data Correction,High,Portal,Finance Ops,Escalated,27.4,12,Yes,2,4.3,450,12330.0,Aug,8,Q3,Saturday
OPS-100549,2025-05-31,Customer Support,Gurugram,System Issue,High,Email,Finance Ops,Closed,20.1,12,Yes,1,3.4,320,6432.0,May,5,Q2,Saturday
OPS-101814,2025-06-09,IT,Bengaluru,Vendor Query,Medium,Phone,HR Ops,Closed,16.0,24,No,1,4.3,280,4480.0,Jun,6,Q2,Monday
OPS-103740,2025-01-28,HR,Bengaluru,Access Request,Low,Email,MIS,Closed,6.6,48,No,1,5.0,320,2112.0,Jan,1,Q1,Tuesday
OPS-102720,2025-07-21,HR,Pune,Vendor Query,Critical,Portal,IT Support,Closed,5.9,4,Yes,0,4.4,280,1652.0,Jul,7,Q3,Monday
OPS-101533,2025-03-02,Operations,Pune,System Issue,Medium,Portal,Finance Ops,Closed,10.0,24,No,0,4.4,400,4000.0,Mar,3,Q1,Sunday
OPS-102330,2025-04-28,Operations,Chennai,Vendor Query,Low,Phone,MIS,Closed,6.2,48,No,0,5.0,400,2480.0,Apr,4,Q2,Monday
OPS-103079,2025-10-30,HR,,Data Correction,Medium,Teams,IT Support,Escalated,15.3,24,No,1,4.4,320,4896.0,Oct,10,Q4,Thursday
OPS-102007,2025-10-20,Procurement,Gurugram,Data Correction,Medium,Email,MIS,Closed,14.3,24,No,0,4.5,320,4576.0,Oct,10,Q4,Monday
OPS-102332,2025-12-26,Customer Support,Pune,Vendor Query,Low,Email,MIS,Closed,13.4,48,No,1,5.0,320,4288.0,Dec,12,Q4,Friday
OPS-103732,2025-12-06,Procurement,Gurugram,Compliance Request,High,Portal,IT Support,Closed,6.3,12,No,2,4.3,450,2835.0,Dec,12,Q4,Saturday
OPS-103165,2025-09-25,Procurement,Bengaluru,Access Request,Medium,Email,Finance Ops,Closed,5.3,24,No,0,4.9,280,1484.0,Sep,9,Q3,Thursday
OPS-101747,2025-09-14,HR,Pune,Data Correction,Medium,Phone,MIS,Closed,23.1,24,No,1,3.5,280,6468.0,Sep,9,Q3,Sunday
OPS-102873,2025-05-22,Operations,Noida,Access Request,Critical,Phone,HR Ops,Closed,5.9,4,Yes,0,4.5,350,2065.0,May,5,Q2,Thursday
OPS-103773,2025-05-29,Customer Support,Hyderabad,Report Request,Low,Email,Finance Ops,Escalated,13.8,48,No,1,4.3,450,6210.0,May,5,Q2,Thursday
OPS-103718,2025-06-24,Sales,Hyderabad,Access Request,Low,Email,Finance Ops,Closed,21.1,48,No,1,4.6,450,9495.0,Jun,6,Q2,Tuesday
OPS-100109,2025-02-10,Sales,Hyderabad,Invoice Query,High,Portal,MIS,Closed,11.3,12,No,0,5.0,400,4520.0,Feb,2,Q1,Monday
OPS-103038,2025-10-13,Operations,Noida,Employee Query,Medium,Portal,HR Ops,Closed,3.8,24,No,0,5.0,450,1710.0,Oct,10,Q4,Monday
OPS-102389,2025-07-25,HR,Noida,Invoice Query,Low,Email,Vendor Management,Closed,16.3,48,No,0,4.9,400,6520.0,Jul,7,Q3,Friday
OPS-100547,2025-04-06,Customer Support,Noida,Report Request,Medium,Portal,HR Ops,Closed,3.3,24,No,1,4.9,400,1320.0,Apr,4,Q2,Sunday
OPS-100924,2025-05-26,Sales,Bengaluru,System Issue,Low,Email,HR Ops,Closed,16.7,48,No,0,4.8,450,7515.0,May,5,Q2,Monday
OPS-103451,2025-09-07,IT,Mumbai,System Issue,Medium,Email,MIS,Closed,11.3,24,No,1,4.1,400,4520.0,Sep,9,Q3,Sunday
OPS-100275,2025-07-27,Sales,Hyderabad,Access Request,High,Teams,MIS,Closed,8.6,12,No,0,3.8,400,3440.0,Jul,7,Q3,Sunday
OPS-102362,2025-11-07,Customer Support,Hyderabad,System Issue,Low,Phone,Vendor Management,Closed,4.2,48,No,1,5.0,450,1890.0,Nov,11,Q4,Friday
OPS-103623,2025-07-03,IT,Chennai,System Issue,Medium,Email,HR Ops,Closed,13.3,24,No,0,5.0,400,5320.0,Jul,7,Q3,Thursday
OPS-103259,2025-11-01,HR,Pune,Report Request,High,Email,IT Support,Closed,5.1,12,No,0,4.7,400,2040.0,Nov,11,Q4,Saturday
OPS-101239,2025-09-21,Sales,,Report Request,Medium,Email,Finance Ops,Closed,8.6,24,No,0,4.5,320,2752.0,Sep,9,Q3,Sunday
OPS-100951,2025-11-27,HR,Hyderabad,Invoice Query,Low,Portal,HR Ops,Closed,18.0,48,No,0,4.2,320,5760.0,Nov,11,Q4,Thursday
OPS-101157,2025-09-24,Operations,Hyderabad,System Issue,Low,Portal,Vendor Management,Closed,6.3,48,No,2,4.0,400,2520.0,Sep,9,Q3,Wednesday
OPS-100933,2025-02-11,HR,Bengaluru,System Issue,Low,Teams,Finance Ops,Closed,9.0,48,No,0,4.8,320,2880.0,Feb,2,Q1,Tuesday
OPS-103154,2025-12-27,IT,Pune,Report Request,Medium,Portal,IT Support,Closed,14.0,24,No,0,4.6,450,6300.0,Dec,12,Q4,Saturday
OPS-102365,2025-12-08,Customer Support,Noida,Data Correction,Low,Email,Vendor Management,Closed,6.0,48,No,1,5.0,280,1680.0,Dec,12,Q4,Monday
OPS-103883,2025-07-18,Finance,Pune,Data Correction,Low,Email,MIS,Closed,30.3,48,No,0,4.2,400,12120.0,Jul,7,Q3,Friday
OPS-102399,2025-04-05,Procurement,Pune,Compliance Request,Low,Email,Vendor Management,Escalated,15.0,48,No,2,4.0,280,4200.0,Apr,4,Q2,Saturday
OPS-100271,2025-08-21,Sales,Gurugram,Vendor Query,Low,Portal,MIS,Escalated,34.2,48,No,4,2.7,280,9576.0,Aug,8,Q3,Thursday
OPS-103393,2025-03-05,Sales,Chennai,Employee Query,Medium,Phone,HR Ops,Pending,1.6,24,No,0,4.9,450,720.0,Mar,3,Q1,Wednesday
OPS-101905,2025-11-28,Finance,Bengaluru,Employee Query,Medium,Teams,Vendor Management,Closed,6.7,24,No,1,4.8,280,1876.0,Nov,11,Q4,Friday
OPS-103040,2025-06-05,Sales,Bengaluru,Data Correction,Low,Portal,MIS,Closed,17.8,48,No,0,4.3,400,7120.0,Jun,6,Q2,Thursday
OPS-103158,2025-04-30,Finance,Bengaluru,Report Request,Low,Email,IT Support,Closed,8.9,48,No,0,4.7,350,3115.0,Apr,4,Q2,Wednesday
OPS-100763,2025-12-14,Operations,Pune,Data Correction,Medium,Portal,MIS,Closed,10.8,24,No,1,4.6,280,3024.0,Dec,12,Q4,Sunday
OPS-103983,2025-04-04,HR,Noida,Employee Query,Medium,Portal,MIS,Closed,21.1,24,No,0,4.7,400,8440.0,Apr,4,Q2,Friday
OPS-103409,2025-06-04,Sales,Pune,Data Correction,Low,Phone,HR Ops,Closed,13.9,48,No,0,5.0,450,6255.0,Jun,6,Q2,Wednesday
OPS-100146,2025-08-19,Customer Support,Chennai,Access Request,Medium,Email,IT Support,Escalated,28.6,24,Yes,2,4.1,280,8008.0,Aug,8,Q3,Tuesday
OPS-103625,2025-10-17,IT,Chennai,Access Request,Medium,Email,MIS,Escalated,30.3,24,Yes,1,3.9,320,9696.0,Oct,10,Q4,Friday
OPS-103160,2025-09-12,IT,Gurugram,Compliance Request,Medium,Teams,Finance Ops,Closed,33.4,24,Yes,0,4.1,350,11690.0,Sep,9,Q3,Friday
OPS-101763,2025-04-03,Finance,Bengaluru,System Issue,High,Phone,IT Support,Closed,34.3,12,Yes,1,3.7,280,9604.0,Apr,4,Q2,Thursday
OPS-104820,2025-10-03,Customer Support,Noida,Invoice Query,Medium,Portal,,Closed,3.8,24,No,0,4.9,450,1710.0,Oct,10,Q4,Friday
OPS-103761,2025-12-09,Finance,Gurugram,Data Correction,Low,Email,MIS,Closed,35.9,48,No,1,4.5,320,11488.0,Dec,12,Q4,Tuesday
OPS-104481,2025-05-15,HR,Chennai,Invoice Query,Low,Portal,IT Support,Escalated,16.5,48,No,2,3.6,350,5775.0,May,5,Q2,Thursday
OPS-102989,2025-05-09,Customer Support,Hyderabad,Access Request,Medium,Email,MIS,Closed,5.2,24,No,0,4.7,280,1456.0,May,5,Q2,Friday
OPS-101667,2025-03-18,HR,Gurugram,Vendor Query,Medium,Portal,Finance Ops,Closed,19.4,24,No,1,4.0,350,6790.0,Mar,3,Q1,Tuesday
OPS-103551,2025-06-20,IT,Noida,Vendor Query,Low,Portal,Finance Ops,Closed,5.1,48,No,0,5.0,400,2040.0,Jun,6,Q2,Friday
OPS-101593,2025-05-17,Sales,Gurugram,Access Request,Medium,Phone,HR Ops,Closed,40.9,24,Yes,3,2.6,280,11452.0,May,5,Q2,Saturday
OPS-101330,2025-06-03,Customer Support,Gurugram,Invoice Query,Low,Phone,HR Ops,Escalated,27.9,48,No,1,3.7,350,9765.0,Jun,6,Q2,Tuesday
OPS-101541,2025-11-29,Sales,Noida,Vendor Query,High,Email,Finance Ops,Pending,5.1,12,No,0,5.0,350,1785.0,Nov,11,Q4,Saturday
OPS-103370,2025-12-26,Finance,Chennai,Data Correction,Low,Phone,HR Ops,Closed,8.8,48,No,0,4.8,400,3520.0,Dec,12,Q4,Friday
OPS-101525,2025-06-02,IT,Gurugram,System Issue,Critical,Teams,Finance Ops,Pending,5.9,4,Yes,0,4.6,450,2655.0,Jun,6,Q2,Monday
OPS-103969,2025-02-28,Operations,Chennai,Vendor Query,Medium,Portal,IT Support,Closed,8.0,24,No,0,4.5,320,2560.0,Feb,2,Q1,Friday
OPS-100464,2025-06-03,Customer Support,Pune,Compliance Request,High,Teams,IT Support,Closed,6.2,12,No,1,4.5,350,2170.0,Jun,6,Q2,Tuesday
OPS-100898,2025-08-26,Operations,Chennai,Report Request,Low,Email,Finance Ops,Closed,5.8,48,No,1,4.9,320,1856.0,Aug,8,Q3,Tuesday
OPS-100642,2025-08-30,Sales,Mumbai,Invoice Query,Low,Email,Vendor Management,Closed,22.8,48,No,0,4.2,350,7980.0,Aug,8,Q3,Saturday
OPS-100482,2025-12-23,HR,Pune,Vendor Query,Medium,Email,MIS,Closed,7.1,24,No,1,4.4,320,2272.0,Dec,12,Q4,Tuesday
OPS-101038,2025-08-17,Procurement,Hyderabad,Access Request,Medium,Email,Vendor Management,Closed,12.1,24,No,0,5.0,280,3388.0,Aug,8,Q3,Sunday
OPS-102006,2025-05-10,Sales,Noida,Employee Query,Low,Email,HR Ops,Escalated,29.6,48,No,3,3.0,280,8288.0,May,5,Q2,Saturday
OPS-100639,2025-05-06,Procurement,Chennai,System Issue,Low,Portal,MIS,Pending,12.9,48,No,2,4.1,320,4128.0,May,5,Q2,Tuesday
OPS-100330,2025-01-17,Customer Support,Chennai,System Issue,Medium,Teams,HR Ops,Closed,2.6,24,No,1,4.8,350,910.0,Jan,1,Q1,Friday
OPS-103058,2025-05-19,IT,Bengaluru,Invoice Query,Medium,Portal,HR Ops,Closed,6.7,24,No,0,4.7,280,1876.0,May,5,Q2,Monday
OPS-100919,2025-01-25,Sales,Pune,Data Correction,Medium,Teams,IT Support,Escalated,19.7,24,No,2,3.8,320,6304.0,Jan,1,Q1,Saturday
OPS-104398,2025-03-14,Finance,Chennai,Data Correction,Low,Email,HR Ops,Closed,4.9,48,No,1,4.2,350,1715.0,Mar,3,Q1,Friday
OPS-104980,2025-02-27,Customer Support,Hyderabad,Employee Query,High,Portal,HR Ops,Closed,29.2,12,Yes,1,4.4,280,8176.0,Feb,2,Q1,Thursday
OPS-104558,2025-09-04,IT,Noida,Report Request,Medium,Email,IT Support,Closed,3.5,24,No,0,4.8,350,1225.0,Sep,9,Q3,Thursday
OPS-100218,2025-08-06,IT,Noida,Access Request,Low,Portal,Finance Ops,Closed,12.9,48,No,0,4.4,320,4128.0,Aug,8,Q3,Wednesday
OPS-103944,2025-12-17,Procurement,Mumbai,Access Request,Low,Portal,Vendor Management,Closed,5.4,48,No,0,5.0,350,1890.0,Dec,12,Q4,Wednesday
OPS-102351,2025-03-07,Finance,Mumbai,System Issue,Medium,Email,HR Ops,Closed,6.5,24,No,1,4.7,280,1820.0,Mar,3,Q1,Friday
OPS-104453,2025-12-04,HR,Chennai,Invoice Query,Medium,Email,Finance Ops,Closed,5.6,24,No,1,4.6,350,1960.0,Dec,12,Q4,Thursday
OPS-102114,2025-11-12,Procurement,Bengaluru,Compliance Request,Medium,Email,Finance Ops,Closed,6.5,24,No,1,4.9,350,2275.0,Nov,11,Q4,Wednesday
OPS-100135,2025-01-15,Finance,Bengaluru,Compliance Request,Low,Portal,Vendor Management,Closed,4.2,48,No,0,5.0,320,1344.0,Jan,1,Q1,Wednesday
OPS-102970,2025-03-26,Operations,Chennai,Invoice Query,Medium,Phone,HR Ops,Closed,6.0,24,No,1,5.0,280,1680.0,Mar,3,Q1,Wednesday
OPS-102647,2025-08-01,HR,Mumbai,Employee Query,High,Phone,MIS,Closed,14.6,12,Yes,0,5.0,320,4672.0,Aug,8,Q3,Friday
OPS-104358,2025-06-03,Sales,Noida,Invoice Query,Low,Teams,HR Ops,Closed,15.0,48,No,1,3.8,280,4200.0,Jun,6,Q2,Tuesday
OPS-102368,2025-09-01,Finance,Pune,Report Request,Medium,Email,Vendor Management,Closed,4.9,24,No,0,5.0,400,1960.0,Sep,9,Q3,Monday
OPS-101838,2025-05-23,Customer Support,Bengaluru,Compliance Request,Medium,Email,Finance Ops,Closed,20.1,24,No,0,4.2,450,9045.0,May,5,Q2,Friday
OPS-104447,2025-10-22,Sales,Gurugram,Report Request,Low,Email,Vendor Management,Escalated,2.7,48,No,2,4.4,280,756.0,Oct,10,Q4,Wednesday
OPS-103884,2025-12-28,Sales,Gurugram,Vendor Query,Medium,Phone,MIS,Closed,11.6,24,No,0,4.5,400,4640.0,Dec,12,Q4,Sunday
OPS-101111,2025-11-28,Customer Support,Chennai,Access Request,Low,Email,MIS,Closed,6.8,48,No,0,5.0,280,1904.0,Nov,11,Q4,Friday
OPS-101692,2025-02-06,Finance,Bengaluru,Compliance Request,Medium,Email,IT Support,Closed,8.6,24,No,2,3.5,280,2408.0,Feb,2,Q1,Thursday
OPS-104504,2025-03-24,HR,Noida,Employee Query,medium,Email,HR Ops,Closed,10.2,12,No,1,3.6,450,4590.0,Mar,3,Q1,Monday
OPS-102185,2025-06-08,Procurement,Hyderabad,System Issue,Medium,Teams,MIS,Escalated,45.4,24,Yes,1,3.8,400,18160.0,Jun,6,Q2,Sunday
OPS-101837,2025-05-02,Finance,Hyderabad,Data Correction,High,Teams,HR Ops,Closed,18.3,12,Yes,0,4.0,400,7320.0,May,5,Q2,Friday
OPS-101444,2025-07-19,IT,Pune,Employee Query,Medium,Portal,MIS,Closed,14.1,24,No,1,4.5,280,3948.0,Jul,7,Q3,Saturday
OPS-102786,2025-05-17,IT,Bengaluru,Data Correction,Medium,Phone,MIS,Closed,3.9,24,No,1,5.0,450,1755.0,May,5,Q2,Saturday
OPS-102871,2025-07-18,IT,Mumbai,System Issue,Low,Email,HR Ops,Closed,25.5,48,No,0,4.2,280,7140.0,Jul,7,Q3,Friday
OPS-103459,2025-10-07,Finance,Pune,Invoice Query,Medium,Phone,IT Support,Pending,7.4,24,No,0,4.9,320,2368.0,Oct,10,Q4,Tuesday
OPS-104376,2025-06-13,Finance,Gurugram,Vendor Query,Critical,Email,IT Support,Escalated,3.0,4,No,1,4.7,450,1350.0,Jun,6,Q2,Friday
OPS-100705,2025-07-31,Procurement,Hyderabad,Employee Query,Medium,Email,Finance Ops,Closed,3.7,24,No,1,4.5,350,1295.0,Jul,7,Q3,Thursday
OPS-102630,2025-08-26,HR,Bengaluru,Compliance Request,High,Email,Finance Ops,Closed,13.8,12,Yes,0,4.9,450,6210.0,Aug,8,Q3,Tuesday
OPS-102648,2025-10-10,HR,Pune,Compliance Request,Medium,Teams,Vendor Management,Closed,2.3,24,No,0,4.2,280,644.0,Oct,10,Q4,Friday
OPS-104403,2025-02-10,IT,Mumbai,Data Correction,Critical,Portal,HR Ops,Closed,9.0,4,Yes,0,4.6,320,2880.0,Feb,2,Q1,Monday
OPS-100133,2025-10-10,Sales,Bengaluru,Employee Query,High,Email,MIS,Pending,5.1,12,No,1,4.6,450,2295.0,Oct,10,Q4,Friday
OPS-103108,2025-02-04,HR,Gurugram,System Issue,Medium,Email,MIS,Closed,3.6,24,No,0,4.8,280,1008.0,Feb,2,Q1,Tuesday
OPS-102833,2025-06-01,Customer Support,Hyderabad,Report Request,Low,Email,Vendor Management,Closed,9.1,48,No,0,4.8,400,3640.0,Jun,6,Q2,Sunday
OPS-102714,2025-08-15,HR,Hyderabad,Report Request,Medium,Teams,HR Ops,Closed,6.1,24,No,0,4.4,350,2135.0,Aug,8,Q3,Friday
OPS-102597,2025-12-17,Sales,Pune,Access Request,Low,Email,Finance Ops,Closed,8.5,48,No,1,3.8,350,2975.0,Dec,12,Q4,Wednesday
OPS-104527,2025-02-05,Procurement,Gurugram,Report Request,Low,Portal,HR Ops,Closed,9.3,48,No,0,4.2,400,3720.0,Feb,2,Q1,Wednesday
OPS-102711,2025-05-12,Procurement,Gurugram,Compliance Request,Medium,Portal,MIS,Closed,11.2,24,No,2,5.0,350,3920.0,May,5,Q2,Monday
OPS-104293,2025-05-08,Sales,Mumbai,Employee Query,Critical,Email,Vendor Management,Closed,10.3,4,Yes,0,4.8,350,3605.0,May,5,Q2,Thursday
OPS-101557,2025-11-09,IT,Bengaluru,Invoice Query,Medium,Teams,Vendor Management,Closed,42.7,24,Yes,0,3.5,320,13664.0,Nov,11,Q4,Sunday
OPS-103346,2025-02-18,HR,Mumbai,Vendor Query,Medium,Portal,HR Ops,Closed,9.3,24,No,2,4.6,320,2976.0,Feb,2,Q1,Tuesday
OPS-101174,2025-06-03,Customer Support,Bengaluru,Vendor Query,Medium,Portal,HR Ops,Closed,22.7,24,No,0,4.0,320,7264.0,Jun,6,Q2,Tuesday
OPS-101665,2025-09-15,Customer Support,Pune,Report Request,Low,Email,Finance Ops,Closed,7.4,48,No,0,4.9,280,2072.0,Sep,9,Q3,Monday
OPS-100675,2025-11-01,Sales,Noida ,Data Correction,Medium,Email,MIS,Closed,17.8,24,No,1,4.6,280,4984.0,Nov,11,Q4,Saturday
OPS-103538,2025-05-27,Procurement,Noida,Vendor Query,Low,Email,MIS,Escalated,15.1,48,No,3,3.5,400,6040.0,May,5,Q2,Tuesday
OPS-100157,2025-03-27,Customer Support,Hyderabad,Employee Query,Medium,Email,Vendor Management,Closed,25.9,24,Yes,0,4.8,280,7252.0,Mar,3,Q1,Thursday
OPS-101545,2025-02-21,Operations,Bengaluru,Compliance Request,Medium,Email,Finance Ops,Closed,11.3,24,No,1,4.6,400,4520.0,Feb,2,Q1,Friday
OPS-103301,2025-11-20,Customer Support,Bengaluru,Invoice Query,Medium,Teams,IT Support,Pending,12.6,24,No,0,4.7,320,4032.0,Nov,11,Q4,Thursday
OPS-100175,2025-08-13,IT,Gurugram,Access Request,Low,Email,HR Ops,Closed,12.8,48,No,1,4.9,350,4480.0,Aug,8,Q3,Wednesday
OPS-101853,2025-06-27,Procurement,Bengaluru,Compliance Request,Medium,Email,IT Support,Pending,2.6,24,No,0,5.0,450,1170.0,Jun,6,Q2,Friday
OPS-104606,2025-11-13,IT,,Data Correction,Medium,Teams,Finance Ops,Escalated,19.9,24,No,2,4.3,400,7960.0,Nov,11,Q4,Thursday
OPS-104682,2025-08-09,Customer Support,Pune,Vendor Query,Low,Phone,MIS,Closed,18.3,48,No,0,3.9,450,8235.0,Aug,8,Q3,Saturday
OPS-101608,2025-03-31,Operations,Hyderabad,Invoice Query,High,Email,Finance Ops,Escalated,13.9,12,Yes,1,3.6,280,3892.0,Mar,3,Q1,Monday
OPS-104209,2025-02-18,Sales,Hyderabad,Employee Query,Low,Email,Finance Ops,Closed,14.5,48,No,0,4.9,320,4640.0,Feb,2,Q1,Tuesday
OPS-100405,2025-11-01,Sales,Pune,Compliance Request,Medium,Email,Vendor Management,Closed,6.4,24,No,0,4.3,350,2240.0,Nov,11,Q4,Saturday
OPS-103762,2025-06-22,Customer Support,Bengaluru,System Issue,Medium,Email,MIS,Closed,26.7,24,Yes,0,3.8,400,10680.0,Jun,6,Q2,Sunday
OPS-102117,2025-08-12,HR,Hyderabad,System Issue,Medium,Email,Vendor Management,Closed,6.8,24,No,0,5.0,280,1904.0,Aug,8,Q3,Tuesday
OPS-104136,2025-11-28,Finance,Pune,Compliance Request,High,Email,Vendor Management,Closed,11.9,12,No,0,4.6,280,3332.0,Nov,11,Q4,Friday
OPS-103057,2025-04-18,Customer Support,Mumbai,Vendor Query,Low,Email,HR Ops,Escalated,26.0,48,No,1,4.2,400,10400.0,Apr,4,Q2,Friday
OPS-101783,2025-08-16,Operations,Noida,Access Request,High,Teams,Finance Ops,Closed,8.8,12,No,0,4.4,450,3960.0,Aug,8,Q3,Saturday
OPS-101985,2025-10-03,IT,Gurugram,Employee Query,Medium,Email,Vendor Management,Closed,3.1,24,No,0,5.0,400,1240.0,Oct,10,Q4,Friday
OPS-104536,2025-11-13,HR,Gurugram,System Issue,Medium,Teams,MIS,Closed,5.4,24,No,1,4.9,320,1728.0,Nov,11,Q4,Thursday
OPS-101162,2025-04-20,Customer Support,Pune,Invoice Query,High,Email,Vendor Management,Closed,19.9,12,Yes,1,4.3,400,7960.0,Apr,4,Q2,Sunday
OPS-102924,2025-10-21,IT,Hyderabad,Vendor Query,High,Portal,Finance Ops,Pending,6.4,12,No,0,5.0,350,2240.0,Oct,10,Q4,Tuesday
OPS-101983,2025-09-14,Customer Support,Pune,Invoice Query,Low,Email,IT Support,Closed,2.0,48,No,1,4.9,400,800.0,Sep,9,Q3,Sunday
OPS-104441,2025-09-21,IT,Bengaluru,Vendor Query,Medium,Phone,HR Ops,Closed,13.2,24,No,0,5.0,400,5280.0,Sep,9,Q3,Sunday
OPS-102756,2025-07-11,HR,Pune,Compliance Request,Medium,Phone,Finance Ops,Closed,15.5,24,No,1,3.8,280,4340.0,Jul,7,Q3,Friday
OPS-104243,2025-07-23,Customer Support,Noida,System Issue,Low,Portal,Finance Ops,Closed,21.5,48,No,0,4.5,350,7525.0,Jul,7,Q3,Wednesday
OPS-101624,2025-02-09,Operations,Noida,Employee Query,Low,Portal,IT Support,Escalated,39.9,48,No,1,3.3,320,12768.0,Feb,2,Q1,Sunday
OPS-103632,2025-08-09,Procurement,Gurugram,Vendor Query,Medium,Portal,Finance Ops,Closed,11.8,24,No,0,4.0,280,3304.0,Aug,8,Q3,Saturday
OPS-101394,2025-11-08,HR,Mumbai,Employee Query,High,Phone,Vendor Management,Closed,7.3,12,No,0,4.8,320,2336.0,Nov,11,Q4,Saturday
OPS-101748,2025-02-27,HR,Hyderabad,Compliance Request,Medium,Portal,Finance Ops,Closed,11.7,24,No,1,4.2,280,3276.0,Feb,2,Q1,Thursday
OPS-104893,2025-02-28,IT,Chennai,Employee Query,Low,Email,HR Ops,Closed,13.8,48,No,2,3.9,320,4416.0,Feb,2,Q1,Friday
OPS-102410,2025-03-20,HR,Hyderabad,Access Request,Medium,Portal,IT Support,Closed,7.5,24,No,0,4.8,400,3000.0,Mar,3,Q1,Thursday
OPS-104852,2025-12-05,Customer Support,Gurugram,Access Request,Medium,Email,Vendor Management,Closed,9.0,24,No,0,5.0,350,3150.0,Dec,12,Q4,Friday
OPS-104540,2025-02-04,IT,Hyderabad,Invoice Query,Medium,Teams,HR Ops,Closed,28.0,24,Yes,0,3.9,350,9800.0,Feb,2,Q1,Tuesday
OPS-100853,2025-12-12,Procurement,Noida,System Issue,Medium,Email,HR Ops,Closed,15.1,24,No,0,5.0,320,4832.0,Dec,12,Q4,Friday
OPS-101777,2025-06-02,HR,Hyderabad,Vendor Query,High,Teams,Finance Ops,Closed,23.8,12,Yes,0,4.3,280,6664.0,Jun,6,Q2,Monday
OPS-102533,2025-10-17,Finance,Bengaluru,Access Request,Medium,Email,IT Support,Closed,26.4,24,Yes,0,4.1,350,9240.0,Oct,10,Q4,Friday
OPS-101767,2025-01-27,Operations,Bengaluru,Compliance Request,High,Portal,IT Support,Closed,16.4,12,Yes,0,4.3,450,7380.0,Jan,1,Q1,Monday
OPS-104800,2025-04-30,Sales,Gurugram,Compliance Request,Critical,Teams,Vendor Management,Closed,8.3,4,Yes,1,4.7,450,3735.0,Apr,4,Q2,Wednesday
OPS-103802,2025-06-12,HR,Hyderabad,Compliance Request,High,,IT Support,Escalated,10.9,12,No,2,4.2,450,4905.0,Jun,6,Q2,Thursday
OPS-102920,2025-06-16,IT,Chennai,Compliance Request,Medium,Portal,MIS,Escalated,15.5,24,No,3,3.5,320,4960.0,Jun,6,Q2,Monday
OPS-104006,2025-11-18,Finance,Chennai,Employee Query,Low,Teams,IT Support,Closed,6.8,48,No,0,5.0,450,3060.0,Nov,11,Q4,Tuesday
OPS-102660,2025-04-28,IT,Noida,Employee Query,Low,Email,MIS,Escalated,10.2,48,No,2,3.5,320,3264.0,Apr,4,Q2,Monday
OPS-103122,2025-10-02,IT,Bengaluru,Report Request,High,Portal,HR Ops,Closed,21.4,12,Yes,0,4.2,450,9630.0,Oct,10,Q4,Thursday
OPS-104392,2025-09-01,Customer Support,Bengaluru,Data Correction,Medium,Teams,Finance Ops,Closed,3.5,24,No,0,4.5,400,1400.0,Sep,9,Q3,Monday
OPS-100352,2025-05-08,Finance,Pune,Employee Query,Low,Email,MIS,Closed,41.0,48,No,0,3.8,320,13120.0,May,5,Q2,Thursday
OPS-101443,2025-07-17,HR,Pune,Employee Query,Medium,Email,Vendor Management,Closed,6.2,24,No,0,4.6,450,2790.0,Jul,7,Q3,Thursday
OPS-103153,2025-01-02,Sales,Gurugram,Invoice Query,Medium,Email,Finance Ops,Pending,2.8,24,No,2,4.6,320,896.0,Jan,1,Q1,Thursday
OPS-104719,2025-11-10,Operations,Pune,Data Correction,Medium,Portal,HR Ops,Escalated,4.6,24,No,2,4.1,350,1610.0,Nov,11,Q4,Monday
OPS-101148,2025-05-07,Procurement,Hyderabad,Invoice Query,Medium,Email,Finance Ops,Closed,12.3,24,No,0,4.9,350,4305.0,May,5,Q2,Wednesday
OPS-104047,2025-11-20,HR,Chennai,Employee Query,Medium,Email,HR Ops,Closed,14.3,24,No,0,4.5,320,4576.0,Nov,11,Q4,Thursday
OPS-103858,2025-04-14,HR,Chennai,Report Request,Low,Portal,Finance Ops,Closed,11.6,48,No,0,4.5,350,4060.0,Apr,4,Q2,Monday
OPS-103563,2025-07-03,HR,Bengaluru,Invoice Query,Low,Phone,IT Support,Closed,2.3,48,No,0,4.8,320,736.0,Jul,7,Q3,Thursday
OPS-100139,2025-03-04,Customer Support,Hyderabad,Report Request,Medium,Portal,HR Ops,Closed,17.8,24,No,1,4.4,400,7120.0,Mar,3,Q1,Tuesday
OPS-102544,2025-01-08,HR,Pune,Compliance Request,Critical,Phone,Vendor Management,Closed,9.6,4,Yes,0,4.5,400,3840.0,Jan,1,Q1,Wednesday
OPS-102354,2025-09-15,Sales,Chennai,System Issue,Critical,Phone,HR Ops,Closed,2.0,4,No,0,4.4,320,640.0,Sep,9,Q3,Monday
OPS-104094,2025-02-15,Operations,Chennai,Employee Query,Medium,Email,HR Ops,Closed,5.8,24,No,0,5.0,450,2610.0,Feb,2,Q1,Saturday
OPS-101233,2025-04-23,Finance,Bengaluru,Access Request,Medium,Portal,IT Support,Closed,17.7,24,No,0,4.4,400,7080.0,Apr,4,Q2,Wednesday
OPS-104114,2025-12-17,Procurement,Gurugram,Compliance Request,Critical,Email,MIS,Closed,1.6,4,No,0,5.0,280,448.0,Dec,12,Q4,Wednesday
OPS-104296,2025-01-29,Customer Support,Mumbai,Vendor Query,Low,Portal,Vendor Management,Closed,15.9,48,No,0,4.3,350,5565.0,Jan,1,Q1,Wednesday
OPS-102793,2025-04-17,Operations,Chennai,Report Request,Low,Email,Finance Ops,Escalated,4.2,48,No,3,3.6,320,1344.0,Apr,4,Q2,Thursday
OPS-101130,2025-01-23,Operations,Mumbai,Data Correction,Critical,Email,IT Support,Escalated,9.1,4,Yes,2,4.0,450,4095.0,Jan,1,Q1,Thursday
OPS-102764,2025-05-26,Sales,Noida,Compliance Request,Low,Portal,Vendor Management,Closed,5.5,48,No,0,4.6,320,1760.0,May,5,Q2,Monday
OPS-101516,2025-12-06,Procurement,Bengaluru,Employee Query,Low,Portal,MIS,Closed,10.4,48,No,0,4.7,320,3328.0,Dec,12,Q4,Saturday
OPS-102048,2025-09-21,IT,Hyderabad,Report Request,High,Email,Vendor Management,Closed,30.3,12,Yes,0,4.2,400,12120.0,Sep,9,Q3,Sunday
OPS-101392,2025-09-03,IT,Bengaluru,Access Request,Medium,Email,Finance Ops,Closed,6.2,24,No,2,4.8,320,1984.0,Sep,9,Q3,Wednesday
OPS-102164,2025-01-27,HR,Mumbai,Report Request,Medium,Teams,Finance Ops,Escalated,53.4,24,Yes,3,3.0,280,14952.0,Jan,1,Q1,Monday
OPS-101439,2025-09-21,Sales,Chennai,Compliance Request,High,Email,Finance Ops,Closed,8.3,12,No,0,4.8,450,3735.0,Sep,9,Q3,Sunday
OPS-101011,2025-03-25,IT,Bengaluru,Invoice Query,Medium,Portal,MIS,Closed,5.6,24,No,1,4.4,280,1568.0,Mar,3,Q1,Tuesday
OPS-102627,2025-05-06,Procurement,Noida,Access Request,High,Email,HR Ops,Closed,14.1,12,Yes,0,4.2,400,5640.0,May,5,Q2,Tuesday
OPS-102632,2025-05-31,Sales,Mumbai,Invoice Query,Low,Email,IT Support,Pending,4.5,48,No,1,5.0,400,1800.0,May,5,Q2,Saturday
OPS-102079,2025-03-31,HR,Hyderabad,Access Request,High,Email,HR Ops,Closed,14.2,12,Yes,2,3.5,450,6390.0,Mar,3,Q1,Monday
OPS-101288,2025-07-07,HR,Mumbai,Vendor Query,Medium,Email,HR Ops,Closed,18.5,24,No,2,3.5,400,7400.0,Jul,7,Q3,Monday
OPS-103857,2025-05-12,Procurement,Gurugram,Invoice Query,High,Email,Vendor Management,Closed,9.6,12,No,0,5.0,400,3840.0,May,5,Q2,Monday
OPS-104279,2025-02-19,Operations,Mumbai,Report Request,Medium,Email,Vendor Management,Closed,5.8,24,No,0,5.0,400,2320.0,Feb,2,Q1,Wednesday
OPS-101869,2025-12-28,Procurement,Gurugram,System Issue,Critical,Email,Vendor Management,Closed,2.9,4,No,0,5.0,350,1015.0,Dec,12,Q4,Sunday
OPS-101396,2025-09-07,Customer Support,Pune,Compliance Request,Medium,Email,HR Ops,Closed,9.1,24,No,2,4.8,400,3640.0,Sep,9,Q3,Sunday
OPS-104188,2025-04-14,Customer Support,Chennai,Vendor Query,Medium,Portal,Vendor Management,Closed,7.9,24,No,1,4.7,450,3555.0,Apr,4,Q2,Monday
OPS-100769,2025-06-11,IT,Chennai,Invoice Query,Low,Email,Vendor Management,Closed,7.6,48,No,1,4.4,400,3040.0,Jun,6,Q2,Wednesday
OPS-103471,2025-06-01,Customer Support,Pune,Invoice Query,High,Teams,Vendor Management,Closed,10.4,12,No,0,4.6,400,4160.0,Jun,6,Q2,Sunday
OPS-102425,2025-12-15,Operations,Mumbai,System Issue,Low,Phone,IT Support,Closed,5.7,48,No,0,4.9,280,1596.0,Dec,12,Q4,Monday
OPS-100094,2025-10-28,IT,Pune,System Issue,High,Email,IT Support,Closed,7.3,12,No,1,4.7,450,3285.0,Oct,10,Q4,Tuesday
OPS-104827,2025-12-13,Finance,Pune,Data Correction,Medium,Portal,IT Support,Pending,8.2,24,No,0,4.8,400,3280.0,Dec,12,Q4,Saturday
OPS-103199,2025-10-03,IT,Noida,Employee Query,High,Email,MIS,Closed,10.2,12,No,0,4.9,320,3264.0,Oct,10,Q4,Friday
OPS-100023,2025-10-04,Customer Support,Bengaluru,Report Request,Medium,Teams,HR Ops,Closed,6.3,24,No,0,3.9,280,1764.0,Oct,10,Q4,Saturday
OPS-100585,2025-02-26,IT,Pune,,Medium,Email,Finance Ops,Closed,6.6,24,No,0,5.0,280,1848.0,Feb,2,Q1,Wednesday
OPS-103715,2025-11-12,HR,Mumbai,Compliance Request,High,Teams,MIS,Closed,13.6,12,Yes,2,4.3,350,4760.0,Nov,11,Q4,Wednesday
OPS-104419,2025-03-02,Customer Support,Hyderabad,Invoice Query,Low,Email,MIS,Pending,10.3,48,No,0,4.9,350,3605.0,Mar,3,Q1,Sunday
OPS-100986,2025-07-31,Customer Support,Chennai,Employee Query,Low,Email,IT Support,Closed,22.2,48,No,0,4.0,400,8880.0,Jul,7,Q3,Thursday
OPS-101403,2025-12-31,Sales,Hyderabad,Compliance Request,Low,Portal,Vendor Management,Closed,0.9,48,No,0,5.0,450,405.0,Dec,12,Q4,Wednesday
OPS-100351,2025-11-19,Sales,Noida,Vendor Query,High,Teams,IT Support,Closed,16.1,12,Yes,0,3.9,320,5152.0,Nov,11,Q4,Wednesday
OPS-103645,2025-08-02,HR,Chennai,Employee Query,Low,Email,HR Ops,Closed,16.1,48,No,0,4.6,350,5635.0,Aug,8,Q3,Saturday
OPS-104120,2025-09-06,Customer Support,Bengaluru,Compliance Request,Low,Portal,Finance Ops,Escalated,15.0,48,No,4,3.7,350,5250.0,Sep,9,Q3,Saturday
OPS-101744,2025-03-25,HR,Gurugram,Report Request,Low,Email,Finance Ops,Escalated,8.5,48,No,3,3.4,350,2975.0,Mar,3,Q1,Tuesday
OPS-100814,2025-03-10,Procurement,Bengaluru,Compliance Request,Medium,Teams,MIS,Closed,7.7,24,No,1,4.8,280,2156.0,Mar,3,Q1,Monday
OPS-101128,2025-05-14,Sales,Mumbai,Invoice Query,Medium,Email,MIS,Closed,9.4,24,No,0,4.9,400,3760.0,May,5,Q2,Wednesday
OPS-100604,2025-09-10,Sales,Noida,Vendor Query,Low,Portal,IT Support,Closed,4.6,48,No,0,4.4,400,1840.0,Sep,9,Q3,Wednesday
OPS-104125,2025-11-09,IT,Pune,Access Request,Low,Teams,MIS,Closed,10.5,48,No,1,4.7,400,4200.0,Nov,11,Q4,Sunday
OPS-101939,2025-08-13,Customer Support,Gurugram,System Issue,Medium,Email,Vendor Management,Closed,20.9,24,No,0,4.5,400,8360.0,Aug,8,Q3,Wednesday
OPS-101544,2025-07-18,Operations,Gurugram,System Issue,Medium,Portal,Vendor Management,Closed,2.1,24,No,1,4.7,280,588.0,Jul,7,Q3,Friday
OPS-103568,2025-06-12,Customer Support,Hyderabad,System Issue,Low,Portal,HR Ops,Closed,8.7,48,No,1,4.8,280,2436.0,Jun,6,Q2,Thursday
OPS-100768,2025-09-07,Customer Support,Pune,Data Correction,Low,Portal,Vendor Management,Closed,6.3,48,No,0,5.0,320,2016.0,Sep,9,Q3,Sunday
OPS-103444,2025-12-08,HR,Chennai,Report Request,Medium,Email,MIS,Closed,20.4,24,No,0,4.7,320,6528.0,Dec,12,Q4,Monday
OPS-101270,2025-03-19,Procurement,Chennai,Report Request,Low,Email,IT Support,Escalated,52.0,48,Yes,1,3.2,450,23400.0,Mar,3,Q1,Wednesday
OPS-103933,2025-04-03,IT,Noida,Invoice Query,Low,Email,MIS,Pending,26.5,48,No,1,4.0,450,11925.0,Apr,4,Q2,Thursday
OPS-100596,2025-08-09,HR,Mumbai,Vendor Query,Critical,Portal,Vendor Management,Closed,6.3,4,Yes,0,4.9,320,2016.0,Aug,8,Q3,Saturday
OPS-103092,2025-11-29,IT,Mumbai,Vendor Query,Medium,Email,IT Support,Closed,15.9,24,No,1,4.8,350,5565.0,Nov,11,Q4,Saturday
OPS-102588,2025-09-23,Finance,Bengaluru,Access Request,Medium,Portal,Finance Ops,Pending,3.5,24,No,0,4.8,450,1575.0,Sep,9,Q3,Tuesday
OPS-101000,2025-11-29,Procurement,Mumbai,Compliance Request,Low,Email,HR Ops,Closed,14.1,48,No,0,4.5,400,5640.0,Nov,11,Q4,Saturday
OPS-103174,2025-10-03,Customer Support,Mumbai,Employee Query,Low,Email,IT Support,Closed,25.2,48,No,0,4.1,280,7056.0,Oct,10,Q4,Friday
OPS-102454,2025-09-30,Finance,Chennai,Vendor Query,Low,Phone,MIS,Escalated,10.9,48,No,2,4.3,400,4360.0,Sep,9,Q3,Tuesday
OPS-104762,2025-10-06,Finance,Gurugram,Employee Query,Medium,Email,MIS,Closed,7.9,24,No,0,4.6,280,2212.0,Oct,10,Q4,Monday
OPS-100574,2025-07-25,Customer Support,Gurugram,System Issue,Medium,Email,Finance Ops,Closed,43.9,24,Yes,0,4.1,450,19755.0,Jul,7,Q3,Friday
OPS-102461,2025-08-19,Sales,Mumbai,System Issue,Low,Teams,IT Support,Closed,11.7,48,No,0,5.0,400,4680.0,Aug,8,Q3,Tuesday
OPS-104494,2025-02-07,IT,,Vendor Query,Medium,Email,Vendor Management,Closed,5.0,24,No,1,4.6,350,1750.0,Feb,2,Q1,Friday
OPS-101702,2025-07-12,Procurement,Mumbai,Access Request,Medium,Phone,Finance Ops,Pending,12.6,24,No,1,4.3,400,5040.0,Jul,7,Q3,Saturday
OPS-101540,2025-03-03,Sales,Chennai,Data Correction,Medium,Email,HR Ops,Closed,13.5,24,No,1,4.1,450,6075.0,Mar,3,Q1,Monday
OPS-100499,2025-10-07,Finance,Pune,Invoice Query,Medium,Email,HR Ops,Closed,2.9,24,No,0,4.6,400,1160.0,Oct,10,Q4,Tuesday
OPS-103599,2025-09-17,HR,Bengaluru,Access Request,Low,Email,Vendor Management,Closed,13.5,48,No,0,,280,3780.0,Sep,9,Q3,Wednesday
OPS-102069,2025-10-29,IT,Pune,System Issue,Medium,Teams,Finance Ops,Closed,19.2,24,No,0,4.5,350,6720.0,Oct,10,Q4,Wednesday
OPS-100756,2025-01-01,Customer Support,Hyderabad,Compliance Request,Medium,Teams,Vendor Management,Closed,8.1,24,No,0,4.5,320,2592.0,Jan,1,Q1,Wednesday
OPS-102156,2025-09-28,IT,Gurugram,System Issue,Low,Portal,HR Ops,Closed,15.2,48,No,0,4.8,280,4256.0,Sep,9,Q3,Sunday
OPS-102789,2025-03-02,Sales,Bengaluru,Invoice Query,Medium,Phone,Finance Ops,Closed,6.3,24,No,0,4.7,320,2016.0,Mar,3,Q1,Sunday
OPS-103668,2025-01-12,Procurement,Mumbai,System Issue,Low,Email,Vendor Management,Escalated,36.9,48,No,3,3.3,320,11808.0,Jan,1,Q1,Sunday
OPS-102344,2025-02-07,HR,Mumbai,Report Request,Low,Teams,IT Support,Closed,19.3,48,No,0,4.3,450,8685.0,Feb,2,Q1,Friday
OPS-101224,2025-11-01,Operations,Gurugram,System Issue,Critical,Phone,HR Ops,Closed,5.1,4,Yes,1,5.0,400,2040.0,Nov,11,Q4,Saturday
OPS-101079,2025-04-21,IT,Noida,Access Request,Low,Portal,Finance Ops,Closed,18.2,48,No,2,3.9,450,8190.0,Apr,4,Q2,Monday
OPS-102631,2025-05-15,IT,Chennai,Report Request,Low,Portal,Vendor Management,Closed,3.3,48,No,1,4.6,450,1485.0,May,5,Q2,Thursday
OPS-103828,2025-06-24,Operations,Gurugram,Employee Query,High,Portal,Vendor Management,Pending,35.6,12,Yes,1,4.0,320,11392.0,Jun,6,Q2,Tuesday
OPS-101704,2025-04-30,IT,Gurugram,Report Request,Medium,Email,Finance Ops,Closed,14.4,24,No,1,4.3,350,5040.0,Apr,4,Q2,Wednesday
OPS-101483,2025-07-02,Sales,Pune,Data Correction,Medium,Email,IT Support,Closed,2.1,24,No,0,5.0,350,735.0,Jul,7,Q3,Wednesday
OPS-102153,2025-10-19,Operations,Bengaluru,Employee Query,Low,Email,Finance Ops,Escalated,14.6,48,No,4,3.9,400,5840.0,Oct,10,Q4,Sunday
OPS-103361,2025-12-20,Operations,Noida,Invoice Query,Low,Portal,IT Support,Closed,21.6,48,No,0,4.1,450,9720.0,Dec,12,Q4,Saturday
OPS-102840,2025-06-12,Operations,Noida,Employee Query,Critical,Teams,IT Support,Closed,2.5,4,No,1,4.5,320,800.0,Jun,6,Q2,Thursday
OPS-100589,2025-02-11,Procurement,Gurugram,Compliance Request,Low,Portal,MIS,Closed,17.1,48,No,3,3.6,320,5472.0,Feb,2,Q1,Tuesday
OPS-101522,2025-11-20,Sales,Chennai,Vendor Query,Medium,Portal,Vendor Management,Closed,11.8,24,No,0,4.9,320,3776.0,Nov,11,Q4,Thursday
OPS-102386,2025-03-07,Finance,Hyderabad,Vendor Query,Medium,Email,MIS,Closed,19.2,24,No,0,4.0,400,7680.0,Mar,3,Q1,Friday
OPS-100539,2025-09-06,Procurement,Bengaluru,Access Request,Medium,Email,Finance Ops,Closed,15.6,24,No,0,3.7,450,7020.0,Sep,9,Q3,Saturday
OPS-103093,2025-07-26,Procurement,Noida,Access Request,High,Email,,Closed,4.5,12,No,1,4.5,280,1260.0,Jul,7,Q3,Saturday
OPS-102336,2025-05-01,HR,Mumbai,Employee Query,Medium,Portal,HR Ops,Closed,26.5,24,Yes,1,4.0,350,9275.0,May,5,Q2,Thursday
OPS-101441,2025-03-22,Finance,Chennai,Invoice Query,Low,Portal,IT Support,Closed,2.2,48,No,0,4.4,320,704.0,Mar,3,Q1,Saturday
OPS-104322,2025-10-18,IT,Gurugram,Employee Query,Medium,Email,MIS,Closed,7.8,24,No,2,3.9,450,3510.0,Oct,10,Q4,Saturday
OPS-101294,2025-08-22,Operations,Noida,System Issue,Medium,Portal,Finance Ops,Closed,16.1,24,No,0,4.7,400,6440.0,Aug,8,Q3,Friday
OPS-100016,2025-05-11,HR,Gurugram,Vendor Query,Medium,Email,MIS,Closed,17.4,24,No,1,4.3,280,4872.0,May,5,Q2,Sunday
OPS-101005,2025-09-18,HR,Mumbai,System Issue,Low,Email,MIS,Closed,16.1,48,No,0,4.9,450,7245.0,Sep,9,Q3,Thursday
OPS-102826,2025-06-23,Customer Support,Noida,Report Request,Medium,Teams,Finance Ops,Closed,3.5,24,No,0,4.7,350,1225.0,Jun,6,Q2,Monday
OPS-102558,2025-05-19,Operations,Pune,Data Correction,Low,Email,Vendor Management,Pending,9.3,48,No,0,4.8,350,3255.0,May,5,Q2,Monday
OPS-101072,2025-02-08,Procurement,Pune,Access Request,Low,Email,HR Ops,Closed,3.9,48,No,0,4.9,320,1248.0,Feb,2,Q1,Saturday
OPS-102691,2025-03-27,HR,Bengaluru,System Issue,Low,Email,HR Ops,Closed,7.2,48,No,0,4.9,320,2304.0,Mar,3,Q1,Thursday
OPS-102212,2025-07-27,Sales,Gurugram,Invoice Query,High,Email,Finance Ops,Closed,4.9,12,No,0,4.6,350,1715.0,Jul,7,Q3,Sunday
OPS-102033,2025-02-08,Finance,Mumbai,Employee Query,Low,Email,HR Ops,Closed,6.5,48,No,2,4.3,320,2080.0,Feb,2,Q1,Saturday
OPS-102483,2025-11-10,IT,Pune,Compliance Request,Medium,Email,Vendor Management,Closed,16.3,24,No,1,4.0,280,4564.0,Nov,11,Q4,Monday
OPS-101326,2025-09-03,Sales,Mumbai,System Issue,Low,Phone,MIS,Closed,11.9,48,No,1,4.8,350,4165.0,Sep,9,Q3,Wednesday
OPS-104297,2025-10-07,Finance,Gurugram,Employee Query,Low,Teams,HR Ops,Closed,7.4,48,No,0,4.4,280,2072.0,Oct,10,Q4,Tuesday
OPS-103744,2025-05-26,Customer Support,Mumbai,Invoice Query,Medium,Teams,MIS,Closed,2.8,24,No,1,4.3,320,896.0,May,5,Q2,Monday
OPS-103524,2025-06-24,IT,Bengaluru,Data Correction,Medium,Portal,Finance Ops,Closed,21.3,24,No,0,3.9,400,8520.0,Jun,6,Q2,Tuesday
OPS-101455,2025-01-16,HR,Hyderabad,Data Correction,Medium,Phone,Finance Ops,Closed,17.0,24,No,1,4.7,280,4760.0,Jan,1,Q1,Thursday
OPS-101548,2025-03-13,Procurement,Gurugram,Employee Query,High,Email,Vendor Management,Closed,14.7,12,Yes,1,4.6,450,6615.0,Mar,3,Q1,Thursday
OPS-102482,2025-05-18,HR,Chennai,Data Correction,Medium,Email,Finance Ops,Closed,2.4,24,No,0,5.0,350,840.0,May,5,Q2,Sunday
OPS-102477,2025-08-07,Finance,Pune,,Medium,Email,IT Support,Closed,3.8,24,No,0,4.3,320,1216.0,Aug,8,Q3,Thursday
OPS-103707,2025-03-24,Sales,Chennai,Employee Query,Critical,Teams,Vendor Management,Closed,7.6,4,Yes,0,5.0,400,3040.0,Mar,3,Q1,Monday
OPS-103863,2025-07-24,Customer Support,Gurugram,Employee Query,Low,Email,Finance Ops,Escalated,8.3,48,No,3,4.4,280,2324.0,Jul,7,Q3,Thursday
OPS-104795,2025-04-06,Sales,Noida,Compliance Request,Medium,Phone,Finance Ops,Closed,11.0,24,No,1,4.2,450,4950.0,Apr,4,Q2,Sunday
OPS-101613,2025-03-22,Finance,Gurugram,Employee Query,Low,Phone,HR Ops,Closed,6.5,48,No,0,4.8,320,2080.0,Mar,3,Q1,Saturday
OPS-102374,2025-03-23,Finance,Hyderabad,Employee Query,Medium,Portal,IT Support,Escalated,35.9,24,Yes,1,3.4,320,11488.0,Mar,3,Q1,Sunday
OPS-102521,2025-03-01,Operations,Chennai,Access Request,Low,Email,Vendor Management,Pending,11.2,48,No,0,4.5,400,4480.0,Mar,3,Q1,Saturday
OPS-102659,2025-07-10,Operations,Bengaluru,Invoice Query,Medium,Email,Vendor Management,Closed,15.2,24,No,1,3.9,320,4864.0,Jul,7,Q3,Thursday
OPS-102486,2025-08-01,Procurement,Mumbai,Report Request,Low,Teams,IT Support,Escalated,9.5,48,No,2,4.2,450,4275.0,Aug,8,Q3,Friday
OPS-102853,2025-08-16,Customer Support,Bengaluru,Access Request,Low,Portal,HR Ops,Closed,16.2,48,No,0,5.0,350,5670.0,Aug,8,Q3,Saturday
OPS-104909,2025-04-22,Finance,Hyderabad,Data Correction,Medium,Portal,HR Ops,Escalated,3.7,24,No,2,4.8,320,1184.0,Apr,4,Q2,Tuesday
OPS-101121,2025-03-10,IT,Pune,Access Request,High,Portal,Finance Ops,Escalated,31.8,12,Yes,3,3.8,320,10176.0,Mar,3,Q1,Monday
OPS-102608,2025-11-30,HR,Bengaluru,System Issue,Medium,Teams,HR Ops,Closed,9.0,24,No,0,4.4,280,2520.0,Nov,11,Q4,Sunday
OPS-103610,2025-03-24,Operations,Noida,Compliance Request,Medium,Email,Vendor Management,Escalated,27.7,24,Yes,1,3.4,400,11080.0,Mar,3,Q1,Monday
OPS-101701,2025-01-12,IT,Bengaluru,Invoice Query,Medium,Email,MIS,Closed,12.3,24,No,0,5.0,320,3936.0,Jan,1,Q1,Sunday
OPS-102783,2025-05-04,Procurement,Mumbai,Access Request,Medium,Portal,MIS,Escalated,19.4,24,No,3,3.1,400,7760.0,May,5,Q2,Sunday
OPS-101156,2025-08-02,Sales,Gurugram,System Issue,Low, E-mail,HR Ops,Closed,21.5,48,No,0,4.4,350,7525.0,Aug,8,Q3,Saturday
OPS-100953,2025-12-16,IT,Mumbai,Employee Query,Low,Phone,MIS,Closed,1.2,48,No,0,4.8,450,540.0,Dec,12,Q4,Tuesday
OPS-103080,2025-10-21,Finance,Hyderabad,Access Request,High,Portal,MIS,Closed,21.6,12,Yes,1,4.7,350,7560.0,Oct,10,Q4,Tuesday
OPS-104048,2025-04-24,Operations,Noida,,Low,Email,Finance Ops,Closed,2.4,48,No,0,5.0,320,768.0,Apr,4,Q2,Thursday
OPS-101118,2025-10-09,IT,Bengaluru,System Issue,Critical,Teams,Finance Ops,Closed,7.2,4,Yes,0,4.8,400,2880.0,Oct,10,Q4,Thursday
OPS-100955,2025-06-01,IT,Gurugram,Report Request,Low,Email,Vendor Management,Closed,3.2,48,No,1,4.2,450,1440.0,Jun,6,Q2,Sunday
OPS-102168,2025-10-18,Operations,Mumbai,Vendor Query,Low,Email,Vendor Management,Closed,16.7,48,No,0,4.2,350,5845.0,Oct,10,Q4,Saturday
OPS-100369,2025-04-14,Customer Support,Pune,Invoice Query,Medium,Email,MIS,Closed,1.6,24,No,0,5.0,280,448.0,Apr,4,Q2,Monday
OPS-104247,2025-05-28,Sales,Pune,Access Request,Low,Portal,MIS,Closed,4.4,48,No,2,4.3,320,1408.0,May,5,Q2,Wednesday
OPS-101173,2025-04-27,Customer Support,Gurugram,Vendor Query,Low,Email,HR Ops,Pending,5.6,48,No,1,5.0,350,1960.0,Apr,4,Q2,Sunday
OPS-104502,2025-10-30,Finance,Pune,Invoice Query,Low,Email,HR Ops,Closed,4.5,48,No,0,5.0,350,1575.0,Oct,10,Q4,Thursday
OPS-103592,2025-02-04,Customer Support,Gurugram,Data Correction,Medium,Email,IT Support,Pending,30.1,24,Yes,1,3.1,350,10535.0,Feb,2,Q1,Tuesday
OPS-103836,2025-02-24,HR,Pune,Invoice Query,Low,Phone,HR Ops,Closed,5.6,48,No,1,4.5,350,1960.0,Feb,2,Q1,Monday
OPS-100342,2025-06-30,Finance,Bengaluru,Employee Query,Low,Portal,IT Support,Closed,16.6,48,No,2,4.5,450,7470.0,Jun,6,Q2,Monday
OPS-101377,2025-05-29,IT,Mumbai,Report Request,Low,Portal,MIS,Closed,9.6,48,No,0,5.0,280,2688.0,May,5,Q2,Thursday
OPS-104911,2025-02-12,Sales,Chennai,Employee Query,Medium,Teams,HR Ops,Closed,10.8,24,No,1,4.1,450,4860.0,Feb,2,Q1,Wednesday
OPS-103482,2025-05-27,Finance,Chennai,Compliance Request,Low,Portal,Vendor Management,Closed,11.0,48,No,0,4.5,350,3850.0,May,5,Q2,Tuesday
OPS-100416,2025-01-05,Customer Support,Pune,System Issue,Medium,Email,Finance Ops,Closed,7.6,24,No,1,4.5,450,3420.0,Jan,1,Q1,Sunday
OPS-103088,2025-05-22,Sales,Pune,Employee Query,Medium,Portal,HR Ops,Closed,17.0,24,No,1,4.7,350,5950.0,May,5,Q2,Thursday
OPS-103446,2025-12-09,Operations,Pune,System Issue,Low,Portal,HR Ops,Pending,22.5,48,No,1,4.3,320,7200.0,Dec,12,Q4,Tuesday
OPS-100945,2025-10-04,Operations,Hyderabad,Data Correction,Low,Email,MIS,Pending,8.3,48,No,1,5.0,450,3735.0,Oct,10,Q4,Saturday
OPS-102435,2025-05-10,IT,Noida,Employee Query,Low,Email,MIS,Closed,4.9,48,No,0,4.3,280,1372.0,May,5,Q2,Saturday
OPS-101981,2025-12-16,Operations,Hyderabad,Invoice Query,Medium,Teams,Finance Ops,Closed,5.4,24,No,0,4.7,280,1512.0,Dec,12,Q4,Tuesday
OPS-103835,2025-02-02,Finance,Noida,System Issue,Medium,Email,HR Ops,Closed,29.5,24,Yes,1,4.2,450,13275.0,Feb,2,Q1,Sunday
OPS-102729,2025-01-04,IT,Chennai,System Issue,Medium,Email,Vendor Management,Closed,2.8,24,No,1,4.3,280,784.0,Jan,1,Q1,Saturday
OPS-103206,2025-09-17,HR,Gurugram,Report Request,Medium,Email,Finance Ops,Closed,11.7,24,No,0,4.4,400,4680.0,Sep,9,Q3,Wednesday
OPS-102825,2025-07-01,HR,Bengaluru,Vendor Query,Medium,Phone,Vendor Management,Closed,4.2,24,No,1,4.8,350,1470.0,Jul,7,Q3,Tuesday
OPS-101958,2025-03-25,Operations,Pune,Employee Query,High,Portal,IT Support,Closed,5.3,12,No,0,5.0,280,1484.0,Mar,3,Q1,Tuesday
OPS-101894,2025-12-18,Sales,Gurugram,Compliance Request,Low,Portal,IT Support,Escalated,4.8,48,No,2,4.8,280,1344.0,Dec,12,Q4,Thursday
OPS-100524,2025-02-04,Finance,Bengaluru,Vendor Query,Medium,Email,IT Support,Closed,23.3,24,No,3,3.4,280,6524.0,Feb,2,Q1,Tuesday
OPS-100092,2025-06-06,Finance,Pune,Employee Query,High,Portal,MIS,Closed,10.9,12,No,2,4.2,400,4360.0,Jun,6,Q2,Friday
OPS-102682,2025-12-28,Procurement,Gurugram,Report Request,Low,Teams,IT Support,Escalated,21.8,48,No,2,4.3,450,9810.0,Dec,12,Q4,Sunday
OPS-101567,2025-06-26,Customer Support,Chennai,Invoice Query,Medium,Email,Vendor Management,Escalated,19.6,24,No,2,3.7,280,5488.0,Jun,6,Q2,Thursday
OPS-100443,2025-05-07,Procurement,Chennai,System Issue,Medium,Email,IT Support,Escalated,18.7,24,No,4,3.3,450,8415.0,May,5,Q2,Wednesday
OPS-104197,2025-09-08,Customer Support,Pune,Compliance Request,Medium,Portal,,Closed,9.2,24,No,1,4.5,350,3220.0,Sep,9,Q3,Monday
OPS-101550,2025-12-15,HR,Pune,System Issue,Low,Portal,Finance Ops,Closed,38.3,48,No,0,4.1,320,12256.0,Dec,12,Q4,Monday
OPS-101821,2025-07-21,Customer Support,Mumbai,Invoice Query,High,Teams,Vendor Management,Closed,3.5,12,No,0,4.7,320,1120.0,Jul,7,Q3,Monday
OPS-101462,2025-04-27,Sales,Pune,Invoice Query,Medium,Teams,Finance Ops,Closed,10.8,24,No,2,4.4,350,3780.0,Apr,4,Q2,Sunday
OPS-102733,2025-08-04,Finance,Gurugram,Vendor Query,High,Portal,HR Ops,Closed,10.6,12,No,1,4.5,450,4770.0,Aug,8,Q3,Monday
OPS-104051,2025-06-03,HR,Noida,Vendor Query,Low,Portal,HR Ops,Escalated,44.4,48,No,4,2.6,450,19980.0,Jun,6,Q2,Tuesday
OPS-104248,2025-04-05,HR,Pune,Employee Query,Medium,Portal,MIS,Pending,25.9,24,Yes,1,4.0,320,8288.0,Apr,4,Q2,Saturday
OPS-104177,2025-12-23,Operations,,Invoice Query,Low,Email,Vendor Management,Escalated,20.4,48,No,1,4.0,320,6528.0,Dec,12,Q4,Tuesday
OPS-100315,2025-09-21,Operations,Chennai,Data Correction,Low,Portal,MIS,Escalated,14.8,48,No,2,4.0,320,4736.0,Sep,9,Q3,Sunday
OPS-102779,2025-02-16,Finance,Mumbai,Report Request,Low,Portal,Vendor Management,Closed,10.7,48,No,1,4.2,400,4280.0,Feb,2,Q1,Sunday
OPS-100806,2025-03-22,Operations,Gurugram,Access Request,Medium,Email,Vendor Management,Closed,14.3,24,No,0,5.0,400,5720.0,Mar,3,Q1,Saturday
OPS-102907,2025-03-06,Sales,Hyderabad,Vendor Query,High,Email,,Closed,13.4,12,Yes,0,,450,6030.0,Mar,3,Q1,Thursday
OPS-104636,2025-11-06,Customer Support,Noida,Report Request,Medium,Teams,HR Ops,Closed,6.1,24,No,0,4.8,450,2745.0,Nov,11,Q4,Thursday
OPS-101784,2025-01-09,IT,Pune,System Issue,Low,Portal,IT Support,Closed,6.6,48,No,0,4.3,450,2970.0,Jan,1,Q1,Thursday
OPS-102314,2025-07-27,HR,Pune,Invoice Query,Medium,Email,Vendor Management,Closed,19.6,24,No,1,4.5,320,6272.0,Jul,7,Q3,Sunday
OPS-103037,2025-03-17,Operations,Pune,Compliance Request,Critical,Email,Vendor Management,Closed,5.3,4,Yes,0,5.0,320,1696.0,Mar,3,Q1,Monday
OPS-102009,2025-10-09,IT,Bengaluru,Access Request,Medium,Portal,MIS,Closed,2.2,24,No,1,4.6,350,770.0,Oct,10,Q4,Thursday
OPS-104269,2025-05-20,Operations,Chennai,Report Request,Low,Portal,IT Support,Pending,12.5,48,No,0,5.0,280,3500.0,May,5,Q2,Tuesday
OPS-102024,2025-08-30,IT,Gurugram,Compliance Request,Low,Email,Finance Ops,Closed,12.1,48,No,1,4.1,320,3872.0,Aug,8,Q3,Saturday
OPS-103929,2025-08-11,Finance,Bengaluru,Invoice Query,Medium,Email,Finance Ops,Closed,19.8,24,No,0,4.4,400,7920.0,Aug,8,Q3,Monday
OPS-103244,2025-02-12,Procurement,Pune,Data Correction,High,Email,HR Ops,Closed,5.1,12,No,1,4.4,280,1428.0,Feb,2,Q1,Wednesday
OPS-103380,2025-01-07,Operations,Bengaluru,Compliance Request,Low,Teams,Vendor Management,Escalated,19.9,48,No,1,3.6,320,6368.0,Jan,1,Q1,Tuesday
OPS-102070,2025-10-16,IT,Noida,Invoice Query,High,Teams,Vendor Management,Closed,4.7,12,No,0,4.9,350,1645.0,Oct,10,Q4,Thursday
OPS-102176,2025-05-12,Customer Support,Noida,Compliance Request,Low,Email,Vendor Management,Closed,8.4,48,No,0,4.4,450,3780.0,May,5,Q2,Monday
OPS-102225,2025-12-11,Finance,Mumbai,System Issue,Medium,Email,HR Ops,Closed,13.0,24,No,0,4.5,320,4160.0,Dec,12,Q4,Thursday
OPS-100314,2025-02-20,Sales,Noida,Data Correction,Low,Phone,HR Ops,Closed,10.6,48,No,2,4.5,280,2968.0,Feb,2,Q1,Thursday
OPS-103300,2025-05-26,Finance,Hyderabad,Compliance Request,Low,Portal,Finance Ops,Closed,19.7,48,No,0,4.8,280,5516.0,May,5,Q2,Monday
OPS-104643,2025-03-27,Operations,Noida,Report Request,Low,Portal,MIS,Closed,17.5,48,No,1,4.8,450,7875.0,Mar,3,Q1,Thursday
OPS-104992,2025-10-23,Procurement,Hyderabad,Data Correction,Low,Portal,HR Ops,Closed,13.6,48,No,1,4.2,350,4760.0,Oct,10,Q4,Thursday
OPS-104710,2025-07-26,Customer Support,Noida,Vendor Query,Medium,Email,Finance Ops,Closed,15.8,24,No,0,4.7,320,5056.0,Jul,7,Q3,Saturday
OPS-100623,2025-11-23,HR,Gurugram,Access Request,High,Email,MIS,Closed,5.5,12,No,2,3.8,320,1760.0,Nov,11,Q4,Sunday
OPS-104486,2025-11-20,Procurement,Mumbai,Report Request,Medium,Email,MIS,Closed,8.1,24,No,0,4.6,450,3645.0,Nov,11,Q4,Thursday
OPS-101292,2025-07-16,Finance,Gurugram,Employee Query,Medium,Portal,MIS,Closed,40.4,24,Yes,0,4.6,280,11312.0,Jul,7,Q3,Wednesday
OPS-104324,2025-01-02,Customer Support,Hyderabad,Employee Query,Low,Email,IT Support,Closed,38.7,48,No,0,4.3,350,13545.0,Jan,1,Q1,Thursday
OPS-101219,2025-07-30,Procurement,Hyderabad,System Issue,Low,Email,HR Ops,Closed,10.4,48,No,0,4.5,320,3328.0,Jul,7,Q3,Wednesday
OPS-104346,2025-10-10,Sales,Chennai,Data Correction,High,Email,MIS,Closed,14.3,12,Yes,0,4.8,320,4576.0,Oct,10,Q4,Friday
OPS-102550,2025-06-01,IT,Bengaluru,Report Request,Low,Portal,IT Support,Escalated,7.6,48,No,2,4.8,280,2128.0,Jun,6,Q2,Sunday
OPS-102787,2025-03-31,Sales,Mumbai,Vendor Query,Medium,Email,Vendor Management,Closed,30.5,24,Yes,0,3.5,450,13725.0,Mar,3,Q1,Monday
OPS-103998,2025-04-11,Finance,Mumbai,Data Correction,Medium,Portal,MIS,Escalated,57.8,24,Yes,2,3.2,320,18496.0,Apr,4,Q2,Friday
OPS-104840,2025-12-22,Sales,Noida,Employee Query,Medium,Teams,Vendor Management,Closed,10.3,24,No,0,4.8,450,4635.0,Dec,12,Q4,Monday
OPS-101060,2025-06-28,Sales,Mumbai,Data Correction,Medium,Portal,IT Support,Closed,12.3,24,No,0,4.9,350,4305.0,Jun,6,Q2,Saturday
OPS-104059,2025-04-15,Operations,Gurugram,Vendor Query,Low,Portal,Vendor Management,Closed,6.2,48,No,0,5.0,350,2170.0,Apr,4,Q2,Tuesday
OPS-100726,2025-08-12,Procurement,Chennai,Data Correction,Medium,Email,IT Support,Closed,13.3,24,No,2,,280,3724.0,Aug,8,Q3,Tuesday
OPS-101899,2025-07-21,IT,Pune,Invoice Query,Medium,Email,Finance Ops,Escalated,27.4,24,Yes,4,3.2,280,7672.0,Jul,7,Q3,Monday
OPS-103581,2025-01-01,Sales,Hyderabad,Employee Query,Critical,Email,Finance Ops,Closed,2.1,4,No,0,5.0,350,735.0,Jan,1,Q1,Wednesday
OPS-101260,2025-08-27,IT,Pune,Report Request,Low,Phone,Vendor Management,Escalated,22.3,48,No,1,4.0,320,7136.0,Aug,8,Q3,Wednesday
OPS-103587,2025-05-08,Finance,Mumbai,Invoice Query,Medium,Teams,Vendor Management,Closed,22.1,24,No,0,4.4,450,9945.0,May,5,Q2,Thursday
OPS-102741,2025-06-07,Procurement,Hyderabad,Invoice Query,Critical,Email,Vendor Management,Closed,11.0,4,Yes,0,4.7,400,4400.0,Jun,6,Q2,Saturday
OPS-102852,2025-10-28,IT,Chennai,Compliance Request,Low,Teams,Finance Ops,Closed,7.0,48,No,0,5.0,350,2450.0,Oct,10,Q4,Tuesday
OPS-103529,2025-02-17,HR,Bengaluru,Report Request,High,Email,Finance Ops,Pending,3.6,12,No,0,5.0,320,1152.0,Feb,2,Q1,Monday
OPS-101505,2025-10-29,HR,Pune,Access Request,Low,Email,Vendor Management,Closed,2.7,48,No,1,3.9,280,756.0,Oct,10,Q4,Wednesday
OPS-100682,2025-01-12,Customer Support,Hyderabad,System Issue,Medium,Portal,Vendor Management,Closed,4.5,24,No,1,4.9,350,1575.0,Jan,1,Q1,Sunday
OPS-102981,2025-12-02,Sales,Mumbai,Access Request,Low,Email,IT Support,Closed,20.8,48,No,0,4.7,350,7280.0,Dec,12,Q4,Tuesday
OPS-103275,2025-02-14,IT,Bengaluru,Data Correction,High,Email,Finance Ops,Closed,5.6,12,No,0,4.8,320,1792.0,Feb,2,Q1,Friday
OPS-103625,2025-10-17,IT,Chennai,Access Request,Medium,Email,MIS,Escalated,30.3,24,Yes,1,3.9,320,9696.0,Oct,10,Q4,Friday
OPS-100897,2025-04-21,IT,Hyderabad,Vendor Query,Critical,Portal,MIS,Closed,4.0,4,No,1,4.5,400,1600.0,Apr,4,Q2,Monday
OPS-104204,2025-11-04,Finance,Hyderabad,Data Correction,High,Phone,HR Ops,Closed,14.7,12,Yes,1,4.2,320,4704.0,Nov,11,Q4,Tuesday
OPS-104724,2025-02-13,Customer Support,Chennai,Employee Query,Medium,Email,IT Support,Closed,20.4,24,No,0,4.7,280,5712.0,Feb,2,Q1,Thursday
OPS-102478,2025-09-03,Finance,Pune,Data Correction,High,Email,Vendor Management,Pending,4.2,12,No,0,4.6,450,1890.0,Sep,9,Q3,Wednesday
OPS-103649,2025-01-23,HR,Bengaluru,Report Request,Low,Email,HR Ops,Closed,17.4,48,No,0,4.7,280,4872.0,Jan,1,Q1,Thursday
OPS-104222,2025-12-05,Operations,Bengaluru,Invoice Query,Medium,Phone,Vendor Management,Closed,20.3,24,No,0,4.6,450,9135.0,Dec,12,Q4,Friday
OPS-101722,2025-08-14,Operations,Hyderabad,System Issue,Low,Phone,MIS,Closed,19.3,48,No,0,4.4,400,7720.0,Aug,8,Q3,Thursday
OPS-104775,2025-06-05,HR,Gurugram,Compliance Request,Medium,Portal,Vendor Management,Closed,9.5,24,No,0,4.6,450,4275.0,Jun,6,Q2,Thursday
OPS-100599,2025-05-26,Sales,Pune,System Issue,High,Email,Finance Ops,Escalated,31.3,12,Yes,2,4.1,320,10016.0,May,5,Q2,Monday
OPS-103397,2025-07-23,Finance,Bengaluru,Vendor Query,Low,Phone,HR Ops,Pending,4.5,48,No,1,4.8,400,1800.0,Jul,7,Q3,Wednesday
OPS-102722,2025-09-17,Operations,Chennai,Report Request,High,Portal,IT Support,Closed,21.9,12,Yes,1,4.2,280,6132.0,Sep,9,Q3,Wednesday
OPS-101913,2025-08-08,Customer Support,Chennai,Data Correction,Medium,Email,IT Support,Escalated,21.1,24,No,2,3.8,400,8440.0,Aug,8,Q3,Friday
OPS-101824,2025-01-02,Operations,Noida,Invoice Query,Low,Email,IT Support,Closed,20.8,48,No,0,4.0,280,5824.0,Jan,1,Q1,Thursday
OPS-102721,2025-02-07,Finance,Gurugram,Compliance Request,High,Teams,MIS,Pending,8.7,12,No,1,4.8,400,3480.0,Feb,2,Q1,Friday
OPS-104090,2025-02-10,HR,Mumbai,System Issue,Medium,Email,IT Support,Pending,10.1,24,No,0,4.8,350,3535.0,Feb,2,Q1,Monday
OPS-101848,2025-08-11,HR,Chennai,Compliance Request,Critical,Email,Finance Ops,Closed,4.2,4,Yes,0,4.9,450,1890.0,Aug,8,Q3,Monday
OPS-104583,2025-09-03,IT,Gurugram,Report Request,Medium,Email,IT Support,Closed,16.9,24,No,0,5.0,280,4732.0,Sep,9,Q3,Wednesday
OPS-104948,2025-08-27,Customer Support,Mumbai,Employee Query,Low,Teams,IT Support,Closed,5.2,48,No,0,5.0,280,1456.0,Aug,8,Q3,Wednesday
OPS-101009,2025-06-17,Procurement,Bengaluru,Access Request,High,Email,HR Ops,Closed,17.6,12,Yes,0,4.7,320,5632.0,Jun,6,Q2,Tuesday
OPS-100940,2025-11-11,Procurement,Bengaluru,Employee Query,Low,Teams,IT Support,Closed,19.8,48,No,0,5.0,280,5544.0,Nov,11,Q4,Tuesday
OPS-100875,2025-09-14,IT,Gurugram,Invoice Query,High,Portal,HR Ops,Closed,4.1,12,No,1,4.3,350,1435.0,Sep,9,Q3,Sunday
OPS-101794,2025-03-13,Operations,Pune,System Issue,Medium,Phone,Vendor Management,Closed,8.8,24,No,0,4.2,280,2464.0,Mar,3,Q1,Thursday
OPS-103254,2025-11-06,HR,Bengaluru,Compliance Request,Medium,Portal,Finance Ops,Closed,7.1,24,No,3,4.2,350,2485.0,Nov,11,Q4,Thursday
OPS-101407,2025-07-20,IT,Bengaluru,Report Request,High,Email,Vendor Management,Closed,9.6,12,No,0,5.0,320,3072.0,Jul,7,Q3,Sunday
OPS-104023,2025-05-09,HR,Noida,Employee Query,Medium,Teams,Finance Ops,Closed,0.9,24,No,0,5.0,400,360.0,May,5,Q2,Friday
OPS-104656,2025-02-26,Operations,Noida,Compliance Request,Medium,Teams,HR Ops,Closed,11.6,24,No,1,4.6,450,5220.0,Feb,2,Q1,Wednesday
OPS-104781,2025-07-26,Operations,Chennai,System Issue,Critical,Portal,Finance Ops,Closed,6.8,4,Yes,1,4.6,320,2176.0,Jul,7,Q3,Saturday
OPS-102160,2025-10-02,Finance,Hyderabad,Report Request,Medium,Email,MIS,Closed,6.8,24,No,0,4.7,400,2720.0,Oct,10,Q4,Thursday
OPS-104584,2025-05-07,HR,Gurugram,Invoice Query,High,Email,HR Ops,Closed,10.9,12,No,1,4.4,450,4905.0,May,5,Q2,Wednesday
OPS-103542,2025-11-21,HR,Noida,Vendor Query,Medium,Portal,MIS,Closed,41.1,24,Yes,1,3.6,450,18495.0,Nov,11,Q4,Friday
OPS-100854,2025-02-15,Sales,Noida,Employee Query,Medium,Teams,MIS,Closed,9.8,24,No,0,5.0,280,2744.0,Feb,2,Q1,Saturday
OPS-103860,2025-06-06,Operations,Chennai,Report Request,Low,Portal,Vendor Management,Closed,21.4,48,No,0,4.1,320,6848.0,Jun,6,Q2,Friday
OPS-102000,2025-11-08,Sales,Gurugram,System Issue,High,Email,Vendor Management,Pending,5.4,12,No,0,4.2,280,1512.0,Nov,11,Q4,Saturday
OPS-100375,2025-09-04,Procurement,Hyderabad,Data Correction,High,Email,Vendor Management,Closed,16.7,12,Yes,0,5.0,400,6680.0,Sep,9,Q3,Thursday
OPS-104427,2025-10-31,Procurement,Pune,Invoice Query,Low,Email,Vendor Management,Closed,5.7,48,No,0,4.9,320,1824.0,Oct,10,Q4,Friday
OPS-101520,2025-05-22,Finance,Bengaluru,Data Correction,Low,Email,Finance Ops,Escalated,17.3,48,No,1,4.2,350,6055.0,May,5,Q2,Thursday
OPS-101535,2025-10-22,Sales,Noida,Access Request,High,Portal,Vendor Management,Closed,11.5,12,No,0,4.3,320,3680.0,Oct,10,Q4,Wednesday
OPS-101811,2025-02-10,HR,Hyderabad,Employee Query,Low,Phone,IT Support,Escalated,3.7,48,No,2,4.5,450,1665.0,Feb,2,Q1,Monday
OPS-101387,2025-11-06,Customer Support,Bengaluru,Compliance Request,Low,Teams,HR Ops,Closed,14.9,48,No,0,4.3,350,5215.0,Nov,11,Q4,Thursday
OPS-104068,2025-05-19,Customer Support,Hyderabad,Data Correction,Low,Email,Finance Ops,Closed,18.2,48,No,0,4.4,350,6370.0,May,5,Q2,Monday
OPS-102137,2025-10-20,HR,Noida,Compliance Request,Low,Portal,Vendor Management,Closed,7.0,48,No,0,4.7,350,2450.0,Oct,10,Q4,Monday
OPS-104475,2025-07-05,Finance,Gurugram,Vendor Query,High,Email,IT Support,Closed,29.3,12,Yes,0,4.0,400,11720.0,Jul,7,Q3,Saturday
OPS-102240,2025-06-09,Sales,Chennai,Access Request,Medium,Email,IT Support,Closed,10.4,24,No,1,4.5,280,2912.0,Jun,6,Q2,Monday
OPS-102204,2025-01-09,Procurement,Gurugram,Compliance Request,Low,Portal,HR Ops,Closed,13.4,48,No,0,4.1,450,6030.0,Jan,1,Q1,Thursday
OPS-101179,2025-03-31,Sales,Bengaluru,System Issue,High,Teams,Vendor Management,Escalated,8.2,12,No,1,4.0,400,3280.0,Mar,3,Q1,Monday
OPS-100794,2025-12-04,Customer Support,Noida,Access Request,High,Phone,MIS,Closed,9.8,12,No,1,4.2,280,2744.0,Dec,12,Q4,Thursday
OPS-102284,2025-06-09,IT,Gurugram,System Issue,Medium,Portal,MIS,Closed,19.8,24,No,0,4.6,400,7920.0,Jun,6,Q2,Monday
OPS-101493,2025-11-07,Finance,Gurugram,Data Correction,Low,Email,MIS,Pending,6.1,48,No,0,5.0,280,1708.0,Nov,11,Q4,Friday
OPS-102497,2025-09-13,HR,Pune,Compliance Request,Low,Email,Finance Ops,Closed,2.8,48,No,0,4.7,400,1120.0,Sep,9,Q3,Saturday
OPS-103464,2025-09-30,Customer Support,Mumbai,System Issue,Low,Teams,Finance Ops,Pending,8.3,48,No,1,4.8,280,2324.0,Sep,9,Q3,Tuesday
OPS-104237,2025-10-10,Finance,Mumbai,Data Correction,Low,Email,Vendor Management,Closed,37.9,48,No,0,3.9,450,17055.0,Oct,10,Q4,Friday
OPS-103281,2025-03-13,Operations,Hyderabad,Data Correction,Medium,Email,Finance Ops,Closed,13.6,24,No,2,,280,3808.0,Mar,3,Q1,Thursday
OPS-101232,2025-07-13,Procurement,Hyderabad,Employee Query,Low,Email,IT Support,Closed,14.7,48,No,1,4.2,400,5880.0,Jul,7,Q3,Sunday
OPS-101499,2025-09-26,Finance,Bengaluru,,Low,Teams,Vendor Management,Closed,5.9,48,No,0,5.0,280,1652.0,Sep,9,Q3,Friday
OPS-104074,2025-04-19,Customer Support,Gurugram,Data Correction,High,Portal,Finance Ops,Closed,2.4,12,No,0,4.8,280,672.0,Apr,4,Q2,Saturday
OPS-102040,2025-05-06,IT,Pune,System Issue,Medium,Email,MIS,Closed,4.4,24,No,0,5.0,320,1408.0,May,5,Q2,Tuesday
OPS-103952,2025-02-17,HR,Bengaluru,Access Request,Medium,Email,HR Ops,Closed,10.0,24,No,2,4.6,280,2800.0,Feb,2,Q1,Monday
OPS-101925,2025-03-07,Procurement,Pune,Compliance Request,Medium,Teams,Vendor Management,Closed,11.2,24,No,2,4.2,280,3136.0,Mar,3,Q1,Friday
OPS-101105,2025-06-06,HR,Noida,Invoice Query,Medium,Teams,MIS,Closed,17.6,24,No,3,4.2,450,7920.0,Jun,6,Q2,Friday
OPS-103544,2025-07-08,Customer Support,Chennai,Invoice Query,Medium,Email,HR Ops,Escalated,19.2,24,No,2,3.8,280,5376.0,Jul,7,Q3,Tuesday
OPS-101325,2025-07-20,IT,Gurugram,Access Request,Medium,Teams,MIS,Closed,13.5,24,No,0,4.7,320,4320.0,Jul,7,Q3,Sunday
OPS-103552,2025-11-19,HR,Chennai,Report Request,Medium,Phone,MIS,Closed,18.8,24,No,1,4.4,280,5264.0,Nov,11,Q4,Wednesday
OPS-102348,2025-05-31,HR,Bengaluru,Vendor Query,Medium,Teams,Vendor Management,Closed,5.5,24,No,1,4.7,280,1540.0,May,5,Q2,Saturday
OPS-104078,2025-11-23,Finance,Mumbai,System Issue,Medium,Email,HR Ops,Closed,18.4,24,No,1,4.4,320,5888.0,Nov,11,Q4,Sunday
OPS-101030,2025-10-23,IT,,Access Request,Low,Email,Vendor Management,Closed,13.2,48,No,4,3.6,350,4620.0,Oct,10,Q4,Thursday
OPS-103749,2025-01-13,Operations,Noida,Employee Query,Medium,Email,Finance Ops,Closed,14.3,24,No,0,4.7,400,5720.0,Jan,1,Q1,Monday
OPS-101690,2025-12-01,Finance,Gurugram,Access Request,Medium,Portal,MIS,Closed,16.7,24,No,0,4.2,350,5845.0,Dec,12,Q4,Monday
OPS-102118,2025-10-18,HR,Pune,System Issue,High,Email,MIS,Closed,15.3,12,Yes,0,5.0,320,4896.0,Oct,10,Q4,Saturday
OPS-100581,2025-01-25,Operations,Chennai,Access Request,Low,Teams,IT Support,Closed,10.4,48,No,0,4.4,320,3328.0,Jan,1,Q1,Saturday
OPS-102900,2025-06-18,Customer Support,Pune,Vendor Query,High,Email,IT Support,Closed,3.2,12,No,0,4.7,280,896.0,Jun,6,Q2,Wednesday
OPS-103025,2025-08-15,Customer Support,Hyderabad,Employee Query,Medium,Email,Finance Ops,Closed,14.0,24,No,0,4.2,450,6300.0,Aug,8,Q3,Friday
OPS-104450,2025-07-01,Operations,Pune,Compliance Request,Medium,Portal,Vendor Management,Closed,12.9,24,No,0,4.9,320,4128.0,Jul,7,Q3,Tuesday
OPS-100120,2025-04-09,Procurement,Pune,Employee Query,Medium,Email,IT Support,Closed,6.0,24,No,1,5.0,280,1680.0,Apr,4,Q2,Wednesday
OPS-101409,2025-01-17,Finance,Hyderabad,Report Request,Medium,Email,Vendor Management,Closed,8.0,24,No,0,4.6,450,3600.0,Jan,1,Q1,Friday
OPS-102338,2025-05-29,Operations,Bengaluru,Invoice Query,Low,Phone,HR Ops,Closed,5.2,48,No,1,4.1,400,2080.0,May,5,Q2,Thursday
OPS-103032,2025-12-30,IT,Hyderabad,Compliance Request,High,Email,IT Support,Closed,21.1,12,Yes,0,4.5,320,6752.0,Dec,12,Q4,Tuesday
OPS-102313,2025-11-07,IT,Chennai,System Issue,Medium,Portal,HR Ops,Closed,6.2,24,No,0,4.6,350,2170.0,Nov,11,Q4,Friday
OPS-104676,2025-03-23,Operations,Chennai,Vendor Query,Medium,Email,HR Ops,Closed,6.2,24,No,1,4.5,450,2790.0,Mar,3,Q1,Sunday
OPS-102055,2025-10-17,Sales,Chennai,Data Correction,Critical,Email,IT Support,Closed,13.0,4,Yes,1,4.0,350,4550.0,Oct,10,Q4,Friday
OPS-103273,2025-05-07,Sales,Mumbai,Report Request,High,Email,IT Support,Closed,10.6,12,No,1,4.1,350,3710.0,May,5,Q2,Wednesday
OPS-100808,2025-10-12,Operations,Noida,Vendor Query,Medium,Portal,MIS,Closed,4.1,24,No,1,5.0,450,1845.0,Oct,10,Q4,Sunday
OPS-101383,2025-07-06,Finance,Mumbai,Report Request,High,Email,MIS,Closed,1.6,12,No,1,5.0,350,560.0,Jul,7,Q3,Sunday
OPS-100068,2025-11-06,HR,Pune,Vendor Query,Medium,Teams,IT Support,Closed,5.8,24,No,0,5.0,320,1856.0,Nov,11,Q4,Thursday
OPS-100860,2025-10-09,Operations,Mumbai,Employee Query,Low,Teams,HR Ops,Escalated,11.6,48,No,1,4.0,350,4060.0,Oct,10,Q4,Thursday
OPS-103734,2025-05-20,Sales,Noida,Report Request,Medium,Email,Vendor Management,Closed,14.0,24,No,2,3.7,400,5600.0,May,5,Q2,Tuesday
OPS-104016,2025-01-10,HR,Hyderabad,Employee Query,Medium,Email,MIS,Closed,18.0,24,No,0,4.9,400,7200.0,Jan,1,Q1,Friday
OPS-100113,2025-11-24,Operations,Noida,Access Request,Medium,Email,Vendor Management,Escalated,13.9,24,No,2,3.8,450,6255.0,Nov,11,Q4,Monday
OPS-102154,2025-07-22,HR,Mumbai,Access Request,Low,Teams,Finance Ops,Closed,3.9,48,No,0,5.0,350,1365.0,Jul,7,Q3,Tuesday
OPS-102450,2025-09-17,HR,Gurugram,Report Request,Medium,Portal,Vendor Management,Pending,10.1,24,No,0,4.4,280,2828.0,Sep,9,Q3,Wednesday
OPS-101503,2025-08-15,Operations,Gurugram,System Issue,Medium,Email,Finance Ops,Closed,2.9,24,No,0,4.4,400,1160.0,Aug,8,Q3,Friday
OPS-104164,2025-06-11,Customer Support,Pune,Vendor Query,Low,Email,,Escalated,30.1,48,No,2,4.1,400,12040.0,Jun,6,Q2,Wednesday
OPS-104349,2025-12-18,Procurement,Mumbai,Invoice Query,Medium,Email,MIS,Closed,2.3,24,No,0,4.9,350,805.0,Dec,12,Q4,Thursday
OPS-101582,2025-04-30,Customer Support,Noida,Invoice Query,Medium,Teams,HR Ops,Closed,28.6,24,Yes,0,4.3,450,12870.0,Apr,4,Q2,Wednesday
OPS-103489,2025-06-22,HR,Pune,Access Request,Medium,Teams,HR Ops,Pending,3.6,24,No,1,3.8,320,1152.0,Jun,6,Q2,Sunday
OPS-104573,2025-04-25,Customer Support,Mumbai,Report Request,Low,Teams,Vendor Management,Closed,12.5,48,No,0,4.7,400,5000.0,Apr,4,Q2,Friday
OPS-104294,2025-11-06,Finance,Mumbai,Invoice Query,Medium,Phone,MIS,Closed,11.3,24,No,0,3.7,400,4520.0,Nov,11,Q4,Thursday
OPS-102649,2025-02-19,Sales,Bengaluru,System Issue,Low,Teams,Vendor Management,Closed,14.9,48,No,1,4.4,350,5215.0,Feb,2,Q1,Wednesday
OPS-103894,2025-11-17,Sales,Hyderabad,Invoice Query,Low,Portal,MIS,Pending,8.4,48,No,0,5.0,350,2940.0,Nov,11,Q4,Monday
OPS-103810,2025-06-20,Customer Support,Gurugram,Vendor Query,Medium,Email,Finance Ops,Closed,21.4,24,No,0,4.4,280,5992.0,Jun,6,Q2,Friday
OPS-102739,2025-01-24,HR,Mumbai,Employee Query,Low,Phone,IT Support,Closed,12.3,48,No,0,4.0,280,3444.0,Jan,1,Q1,Friday
OPS-102052,2025-01-05,HR,Pune,Invoice Query,Low,Email,HR Ops,Closed,19.5,48,No,0,4.1,350,6825.0,Jan,1,Q1,Sunday
OPS-100180,2025-09-16,Customer Support,Chennai,Access Request,Low,Teams,MIS,Closed,26.7,48,No,1,3.7,450,12015.0,Sep,9,Q3,Tuesday
OPS-102092,2025-06-08,Finance,,Data Correction,Low,Email,HR Ops,Escalated,17.0,48,No,2,4.2,350,5950.0,Jun,6,Q2,Sunday
OPS-103947,2025-06-18,HR,Mumbai,Report Request,Medium,Portal,,Closed,23.0,24,No,1,4.3,320,7360.0,Jun,6,Q2,Wednesday
OPS-104100,2025-02-09,Finance,Gurugram,Vendor Query,Low,Portal,HR Ops,Closed,23.6,48,No,0,3.3,320,7552.0,Feb,2,Q1,Sunday
OPS-103696,2025-05-19,Finance,Noida,Employee Query,Medium,Portal,Vendor Management,Closed,5.8,24,No,1,4.3,320,1856.0,May,5,Q2,Monday
OPS-100520,2025-04-05,Procurement,Gurugram,Employee Query,Medium,Portal,Finance Ops,Pending,20.5,24,No,0,4.1,320,6560.0,Apr,4,Q2,Saturday
OPS-103213,2025-12-27,Sales,Mumbai,Employee Query,Low,Portal,HR Ops,Closed,8.1,48,No,0,4.3,350,2835.0,Dec,12,Q4,Saturday
OPS-104627,2025-01-25,IT,Noida,Invoice Query,Low,Email,IT Support,Closed,5.5,48,No,0,5.0,450,2475.0,Jan,1,Q1,Saturday
OPS-104135,2025-10-30,HR,Chennai,Employee Query,Medium,Portal,Vendor Management,Closed,4.2,24,No,0,5.0,450,1890.0,Oct,10,Q4,Thursday
OPS-100782,2025-07-26,Procurement,Noida,Data Correction,High,Email,MIS,Escalated,13.3,12,Yes,2,4.7,450,5985.0,Jul,7,Q3,Saturday
OPS-101123,2025-01-11,Finance,,Data Correction,Medium,Portal,Vendor Management,Closed,27.2,24,Yes,1,4.4,320,8704.0,Jan,1,Q1,Saturday
OPS-100203,2025-04-23,IT,Hyderabad,Data Correction,Low,Teams,Vendor Management,Closed,7.1,48,No,0,5.0,350,2485.0,Apr,4,Q2,Wednesday
OPS-101802,2025-01-11,Customer Support,Noida,System Issue,Medium,Phone,Vendor Management,Closed,45.4,24,Yes,1,3.6,450,20430.0,Jan,1,Q1,Saturday
OPS-101597,2025-06-19,Procurement,Mumbai,System Issue,Medium,Portal,IT Support,Pending,12.5,24,No,2,3.5,350,4375.0,Jun,6,Q2,Thursday
OPS-100075,2025-12-17,Operations,Pune,Employee Query,Medium,Portal,Finance Ops,Closed,16.7,24,No,2,3.9,280,4676.0,Dec,12,Q4,Wednesday
OPS-103304,2025-03-23,IT,Chennai,Access Request,Medium,Teams,Vendor Management,Closed,3.8,24,No,0,4.8,320,1216.0,Mar,3,Q1,Sunday
OPS-100041,2025-11-16,Customer Support,Hyderabad,Access Request,Low,Email,IT Support,Escalated,8.3,48,No,2,4.7,350,2905.0,Nov,11,Q4,Sunday
OPS-100731,2025-10-09,HR,Gurugram,Compliance Request,Medium,Email,MIS,Closed,3.4,24,No,1,4.5,350,1190.0,Oct,10,Q4,Thursday
OPS-100110,2025-01-28,Procurement,Noida,Invoice Query,High,Teams,Vendor Management,Closed,5.9,12,No,0,3.7,280,1652.0,Jan,1,Q1,Tuesday
OPS-104176,2025-05-03,Customer Support,Hyderabad,Employee Query,Medium,Email,Vendor Management,Closed,4.9,24,No,1,4.6,350,1715.0,May,5,Q2,Saturday
OPS-100193,2025-04-06,Customer Support,Noida,Compliance Request,Medium,Email,MIS,Closed,12.9,24,No,1,4.6,450,5805.0,Apr,4,Q2,Sunday
OPS-104660,2025-07-13,Procurement,Bengaluru,Data Correction,Low,Portal,HR Ops,Closed,14.0,48,No,0,4.7,400,5600.0,Jul,7,Q3,Sunday
OPS-101369,2025-11-06,Customer Support,Noida,Compliance Request,Low,Teams,MIS,Closed,12.6,48,No,0,4.6,450,5670.0,Nov,11,Q4,Thursday
OPS-103221,2025-03-02,Customer Support,Chennai,Employee Query,Low,Phone,IT Support,Closed,13.6,48,No,0,4.8,350,4760.0,Mar,3,Q1,Sunday
OPS-101710,2025-10-12,IT,Hyderabad,Access Request,Medium,Teams,MIS,Closed,14.4,24,No,1,4.1,280,4032.0,Oct,10,Q4,Sunday
OPS-103142,2025-03-30,IT,Mumbai,Data Correction,Low,Teams,HR Ops,Escalated,30.8,48,No,1,3.7,320,9856.0,Mar,3,Q1,Sunday
OPS-103231,2025-12-21,Operations,Mumbai,System Issue,High,Email,IT Support,Closed,17.5,12,Yes,1,4.8,350,6125.0,Dec,12,Q4,Sunday
OPS-102395,2025-09-10,Finance,Hyderabad,Data Correction,Low,Email,HR Ops,Closed,22.4,48,No,0,4.5,350,7840.0,Sep,9,Q3,Wednesday
OPS-104887,2025-07-01,IT,Chennai,Access Request,Low,Portal,Vendor Management,Closed,6.5,48,No,0,4.2,400,2600.0,Jul,7,Q3,Tuesday
OPS-101015,2025-11-25,Customer Support,Bengaluru,Report Request,Medium,Email,IT Support,Closed,9.1,24,No,0,4.3,400,3640.0,Nov,11,Q4,Tuesday
OPS-103457,2025-11-20,Customer Support,Noida ,Access Request,Low,Portal,MIS,Closed,18.1,48,No,0,4.5,350,6335.0,Nov,11,Q4,Thursday
OPS-104951,2025-08-03,HR,Bengaluru,Invoice Query,Low,Email,Vendor Management,Closed,9.4,48,No,0,4.5,450,4230.0,Aug,8,Q3,Sunday
OPS-101893,2025-02-06,Operations,Bengaluru,Employee Query,Medium,Portal,Finance Ops,Closed,8.8,24,No,0,4.8,280,2464.0,Feb,2,Q1,Thursday
OPS-103043,2025-07-09,Customer Support,Pune,Access Request,High,Portal,Vendor Management,Closed,20.1,12,Yes,0,3.9,320,6432.0,Jul,7,Q3,Wednesday
OPS-103919,2025-05-02,Operations,Chennai,Report Request,Medium,Email,Vendor Management,Closed,15.5,24,No,0,4.7,280,4340.0,May,5,Q2,Friday
OPS-102623,2025-08-21,IT,Pune,Vendor Query,Medium,Email,Vendor Management,Closed,2.3,24,No,0,4.4,320,736.0,Aug,8,Q3,Thursday
OPS-101323,2025-10-08,Operations,Noida,Data Correction,Low,Teams,HR Ops,Closed,10.4,48,No,0,4.9,400,4160.0,Oct,10,Q4,Wednesday
OPS-103614,2025-03-07,Finance,Gurugram,Employee Query,Medium,Portal,IT Support,Closed,12.2,24,No,0,5.0,350,4270.0,Mar,3,Q1,Friday
OPS-104850,2025-05-05,Operations,Chennai,Employee Query,Medium,Portal,Vendor Management,Closed,8.0,24,No,0,4.3,450,3600.0,May,5,Q2,Monday
OPS-104186,2025-03-29,Procurement,Gurugram,Data Correction,Low,Phone,Vendor Management,Closed,12.3,48,No,1,4.8,450,5535.0,Mar,3,Q1,Saturday
OPS-100870,2025-02-17,HR,Noida,Report Request,Medium,Email,Finance Ops,Closed,11.9,24,No,0,4.8,400,4760.0,Feb,2,Q1,Monday
OPS-101607,2025-06-25,Sales,Bengaluru,Vendor Query,Medium,Email,MIS,Escalated,22.1,24,No,2,3.6,450,9945.0,Jun,6,Q2,Wednesday
OPS-102303,2025-12-20,Customer Support,Noida,Data Correction,Low,Phone,MIS,Closed,6.2,48,No,0,4.7,350,2170.0,Dec,12,Q4,Saturday
OPS-103838,2025-09-01,Finance,Noida,Compliance Request,Medium,Portal,Finance Ops,Closed,27.4,24,Yes,0,3.9,400,10960.0,Sep,9,Q3,Monday
OPS-104995,2025-08-24,Operations,Pune,Access Request,Medium,Portal,MIS,Closed,7.7,24,No,0,4.0,450,3465.0,Aug,8,Q3,Sunday
OPS-102465,2025-07-10,Sales,Bengaluru,System Issue,Medium,Portal,HR Ops,Closed,8.8,24,No,1,4.8,450,3960.0,Jul,7,Q3,Thursday
OPS-100046,2025-11-25,HR,Hyderabad,Employee Query,Medium,Portal,Vendor Management,Closed,6.3,24,No,0,4.2,450,2835.0,Nov,11,Q4,Tuesday
OPS-103658,2025-06-27,IT,Bengaluru,Report Request,Medium,Email,HR Ops,Pending,2.4,24,No,0,5.0,400,960.0,Jun,6,Q2,Friday
OPS-100334,2025-02-15,Finance,Hyderabad,Access Request,Medium,Portal,MIS,Closed,2.7,24,No,0,5.0,320,864.0,Feb,2,Q1,Saturday
OPS-101754,2025-10-07,HR,Mumbai,Access Request,High,Portal,IT Support,Closed,2.5,12,No,0,4.5,450,1125.0,Oct,10,Q4,Tuesday
OPS-101225,2025-10-13,Sales,Chennai,Report Request,High,Email,MIS,Closed,7.6,12,No,1,4.4,400,3040.0,Oct,10,Q4,Monday
OPS-100728,2025-06-26,Sales,Mumbai,Report Request,Low,Email,HR Ops,Escalated,14.8,48,No,2,4.1,350,5180.0,Jun,6,Q2,Thursday
OPS-104366,2025-10-05,HR,Chennai,Invoice Query,Medium,Portal,MIS,Closed,11.1,24,No,0,5.0,280,3108.0,Oct,10,Q4,Sunday
OPS-102191,2025-03-25,IT,Mumbai,System Issue,High,Teams,MIS,Closed,29.0,12,Yes,1,3.5,320,9280.0,Mar,3,Q1,Tuesday
OPS-102072,2025-05-27,Sales,Bengaluru,Report Request,High,Email,HR Ops,Closed,32.6,12,Yes,0,3.6,320,10432.0,May,5,Q2,Tuesday
OPS-104109,2025-09-05,IT,Hyderabad,System Issue,Low,Portal,HR Ops,Closed,14.4,48,No,1,4.5,280,4032.0,Sep,9,Q3,Friday
OPS-103197,2025-11-03,Operations,Mumbai,Access Request,Low,Email,Finance Ops,Closed,15.0,48,No,0,5.0,450,6750.0,Nov,11,Q4,Monday
OPS-102834,2025-02-05,Operations,Chennai,Report Request,Low,Email,HR Ops,Closed,9.7,48,No,0,5.0,320,3104.0,Feb,2,Q1,Wednesday
OPS-100964,2025-08-11,HR,Chennai,Compliance Request,Low,Portal,HR Ops,Closed,7.3,48,No,0,4.6,280,2044.0,Aug,8,Q3,Monday
OPS-103792,2025-03-15,Sales,Chennai,Report Request,Low,Email,Vendor Management,Closed,1.8,48,No,1,4.8,450,810.0,Mar,3,Q1,Saturday
OPS-102347,2025-10-19,Customer Support,Hyderabad,Vendor Query,High,Email,HR Ops,Closed,18.2,12,Yes,0,4.7,350,6370.0,Oct,10,Q4,Sunday
OPS-100233,2025-05-24,Finance,Gurgaon,Vendor Query,Low,Portal,IT Support,Escalated,15.0,48,No,1,4.2,320,4800.0,May,5,Q2,Saturday
OPS-102384,2025-03-14,Procurement,Gurugram,Compliance Request,Low,Email,IT Support,Escalated,6.5,48,No,2,4.3,280,1820.0,Mar,3,Q1,Friday
OPS-101302,2025-08-14,Procurement,Pune,Compliance Request,Low,Email,Vendor Management,Closed,21.7,48,No,0,4.8,320,6944.0,Aug,8,Q3,Thursday
OPS-101090,2025-11-18,Operations,Chennai,Access Request,Medium,Phone,Finance Ops,Closed,6.9,24,No,0,4.5,400,2760.0,Nov,11,Q4,Tuesday
OPS-102716,2025-10-20,HR,Chennai,System Issue,Critical,Portal,MIS,Closed,1.3,4,No,0,4.6,320,416.0,Oct,10,Q4,Monday
OPS-101551,2025-03-04,Sales,Mumbai,Report Request,Medium,Phone,Vendor Management,Closed,10.4,24,No,1,4.8,350,3640.0,Mar,3,Q1,Tuesday
OPS-100077,2025-09-28,Procurement,Bengaluru,System Issue,Medium,Email,MIS,Escalated,9.7,24,No,1,3.8,320,3104.0,Sep,9,Q3,Sunday
OPS-104959,2025-08-27,Operations,Pune,Invoice Query,Medium,Portal,Finance Ops,Escalated,4.8,24,No,1,4.7,450,2160.0,Aug,8,Q3,Wednesday
OPS-100234,2025-04-07,Customer Support,Bengaluru,Data Correction,Medium,Email,Finance Ops,Closed,6.8,24,No,0,4.9,320,2176.0,Apr,4,Q2,Monday
OPS-101429,2025-01-17,Customer Support,Bengaluru,Access Request,Medium,Portal,HR Ops,Pending,1.1,24,No,1,4.9,400,440.0,Jan,1,Q1,Friday
OPS-100257,2025-04-09,IT,Chennai,Compliance Request,High,Portal,Vendor Management,Escalated,7.0,12,No,3,3.8,450,3150.0,Apr,4,Q2,Wednesday
OPS-103697,2025-05-01,Finance,Hyderabad,System Issue,Medium,Email,Finance Ops,Closed,7.3,24,No,1,4.4,400,2920.0,May,5,Q2,Thursday
OPS-102227,2025-06-13,Finance,Gurugram,Compliance Request,High,Teams,Vendor Management,Closed,6.4,12,No,0,,350,2240.0,Jun,6,Q2,Friday
OPS-103076,2025-07-10,Finance,Pune,Data Correction,Medium,Portal,HR Ops,Closed,9.0,24,No,0,3.9,400,3600.0,Jul,7,Q3,Thursday
OPS-101257,2025-11-24,Procurement,Pune,System Issue,Medium,Portal,HR Ops,Escalated,26.7,24,Yes,3,2.5,450,12015.0,Nov,11,Q4,Monday
OPS-100155,2025-07-06,IT,Chennai,Compliance Request,High,Teams,Finance Ops,Pending,14.9,12,Yes,0,4.0,280,4172.0,Jul,7,Q3,Sunday
OPS-102911,2025-01-02,Operations,,Invoice Query,Medium,Email,IT Support,Escalated,20.1,24,No,2,3.9,450,9045.0,Jan,1,Q1,Thursday
OPS-104316,2025-06-26,IT,Noida,Report Request,High,Email,IT Support,Closed,8.8,12,No,0,5.0,450,3960.0,Jun,6,Q2,Thursday
OPS-101097,2025-10-21,Customer Support,Mumbai,Compliance Request,Low,Email,HR Ops,Closed,7.0,48,No,0,4.9,450,3150.0,Oct,10,Q4,Tuesday
OPS-103129,2025-03-14,Finance,Chennai,Data Correction,Low,Portal,IT Support,Closed,10.4,48,No,0,5.0,320,3328.0,Mar,3,Q1,Friday
OPS-101395,2025-10-16,Operations,Hyderabad,Compliance Request,Low,Phone,HR Ops,Pending,7.4,48,No,0,4.6,450,3330.0,Oct,10,Q4,Thursday
OPS-101368,2025-05-10,HR,Pune,Access Request,Low,Email,MIS,Closed,17.8,48,No,0,4.3,350,6230.0,May,5,Q2,Saturday
OPS-101995,2025-07-23,Procurement,Pune,Vendor Query,Low,Teams,IT Support,Closed,23.8,48,No,0,4.5,350,8330.0,Jul,7,Q3,Wednesday
OPS-104789,2025-01-28,Procurement,Chennai,Report Request,High,Portal,Finance Ops,Closed,10.4,12,No,0,4.9,450,4680.0,Jan,1,Q1,Tuesday
OPS-104810,2025-03-18,IT,Hyderabad,Data Correction,High,Phone,IT Support,Closed,4.1,12,No,1,5.0,280,1148.0,Mar,3,Q1,Tuesday
OPS-100387,2025-05-22,Finance,Noida,Invoice Query,Medium,Email,MIS,Closed,2.3,24,No,0,5.0,350,805.0,May,5,Q2,Thursday
OPS-100912,2025-03-27,IT,Bengaluru,Access Request,High,Phone,Vendor Management,Closed,7.0,12,No,0,4.4,450,3150.0,Mar,3,Q1,Thursday
OPS-104449,2025-12-19,HR,Chennai,System Issue,Critical,Portal,Finance Ops,Closed,1.4,4,No,2,4.5,320,448.0,Dec,12,Q4,Friday
OPS-101375,2025-10-09,Finance,Gurugram,Vendor Query,Medium,Teams,MIS,Closed,17.2,24,No,0,4.3,350,6020.0,Oct,10,Q4,Thursday
OPS-101406,2025-03-14,Procurement,Mumbai,System Issue,High,Email,Finance Ops,Closed,5.9,12,No,0,4.8,280,1652.0,Mar,3,Q1,Friday
OPS-103477,2025-10-11,Procurement,Pune,Invoice Query,Medium,Email,Finance Ops,Pending,4.0,24,No,0,5.0,280,1120.0,Oct,10,Q4,Saturday
OPS-101469,2025-03-23,Operations,Gurugram,Vendor Query,Medium,Teams,IT Support,Closed,4.0,24,No,1,5.0,400,1600.0,Mar,3,Q1,Sunday
OPS-100780,2025-09-12,Operations,Pune,Vendor Query,Low,Portal,HR Ops,Escalated,9.2,48,No,2,3.6,450,4140.0,Sep,9,Q3,Friday
OPS-101489,2025-07-29,Operations,Gurugram,Compliance Request,Medium,,Vendor Management,Closed,5.9,24,No,0,5.0,320,1888.0,Jul,7,Q3,Tuesday
OPS-102881,2025-03-28,IT,Bengaluru,Compliance Request,Low,Portal,IT Support,Closed,24.1,48,No,0,4.1,400,9640.0,Mar,3,Q1,Friday
OPS-101154,2025-10-23,Procurement,Chennai,Report Request,Medium,Portal,MIS,Closed,4.4,24,No,1,5.0,350,1540.0,Oct,10,Q4,Thursday
OPS-100977,2025-07-22,Operations,Pune,Compliance Request,Medium,Email,IT Support,Closed,19.0,24,No,0,4.7,400,7600.0,Jul,7,Q3,Tuesday
OPS-102567,2025-11-16,Operations,Bengaluru,Data Correction,High,Email,Vendor Management,Closed,31.8,12,Yes,0,3.3,450,14310.0,Nov,11,Q4,Sunday
OPS-102223,2025-06-16,Procurement,Pune,Employee Query,Medium,Email,Finance Ops,Closed,18.5,24,No,1,4.3,280,5180.0,Jun,6,Q2,Monday
OPS-100002,2025-12-15,Operations,Chennai,Report Request,Low,Email,IT Support,Pending,6.9,48,No,0,5.0,280,1932.0,Dec,12,Q4,Monday
OPS-101566,2025-08-03,HR,,Vendor Query,Low,Email,Vendor Management,Closed,18.9,48,No,2,3.1,400,7560.0,Aug,8,Q3,Sunday
OPS-103287,2025-04-13,Procurement,Hyderabad,Access Request,Medium,Portal,IT Support,Escalated,13.4,24,No,1,3.8,280,3752.0,Apr,4,Q2,Sunday
OPS-102011,2025-01-01,HR,Pune,Report Request,Low,Teams,IT Support,Closed,9.8,48,No,2,4.2,450,4410.0,Jan,1,Q1,Wednesday
OPS-103540,2025-10-21,Customer Support,Mumbai,Report Request,Medium,Teams,HR Ops,Closed,8.5,24,No,0,4.5,400,3400.0,Oct,10,Q4,Tuesday
OPS-104596,2025-06-24,Operations,Gurugram,Report Request,Low,Email,HR Ops,Closed,21.1,48,No,0,4.0,450,9495.0,Jun,6,Q2,Tuesday
OPS-103867,2025-01-04,HR,Bengaluru,Compliance Request,Medium,Email,HR Ops,Closed,5.9,24,No,1,4.6,320,1888.0,Jan,1,Q1,Saturday
OPS-101709,2025-06-24,Customer Support,Gurugram,Invoice Query,Medium,Teams,,Closed,3.3,24,No,0,5.0,450,1485.0,Jun,6,Q2,Tuesday
OPS-102439,2025-02-25,Operations,Bengaluru,Compliance Request,Low,Email,HR Ops,Closed,4.0,48,No,0,4.2,320,1280.0,Feb,2,Q1,Tuesday
OPS-102188,2025-08-29,Sales,Noida,Invoice Query,Low,Portal,IT Support,Closed,2.6,48,No,2,3.9,280,728.0,Aug,8,Q3,Friday
OPS-100996,2025-02-07,IT,Gurugram,Invoice Query,Low,Portal,MIS,Closed,10.5,48,No,0,5.0,350,3675.0,Feb,2,Q1,Friday
OPS-104897,2025-11-17,Customer Support,Gurugram,Compliance Request,High,Portal,Finance Ops,Closed,7.1,12,No,1,4.8,280,1988.0,Nov,11,Q4,Monday
OPS-101782,2025-12-06,Finance,Bengaluru,Invoice Query,Low,Portal,Vendor Management,Closed,11.8,48,No,0,5.0,450,5310.0,Dec,12,Q4,Saturday
OPS-103101,2025-12-20,Operations,Noida,Report Request,Medium,Email,Vendor Management,Escalated,24.8,24,Yes,2,4.0,280,6944.0,Dec,12,Q4,Saturday
OPS-100410,2025-02-23,Sales,Mumbai,Invoice Query,High,Portal,Vendor Management,Closed,9.6,12,No,1,4.6,400,3840.0,Feb,2,Q1,Sunday
OPS-100804,2025-04-16,Sales,Mumbai,Compliance Request,Medium,Email,MIS,Closed,7.0,24,No,0,4.6,280,1960.0,Apr,4,Q2,Wednesday
OPS-104832,2025-09-26,IT,Mumbai,Invoice Query,Low,Email,IT Support,Escalated,18.5,48,No,2,3.9,350,6475.0,Sep,9,Q3,Friday
OPS-104513,2025-01-23,IT,Bengaluru,Access Request,Low,Email,Finance Ops,Closed,7.0,48,No,0,5.0,320,2240.0,Jan,1,Q1,Thursday
OPS-103956,2025-03-31,Operations,Bengaluru,Report Request,Medium,Email,MIS,Escalated,8.0,24,No,1,4.6,280,2240.0,Mar,3,Q1,Monday
OPS-102838,2025-12-08,Operations,Gurugram,Report Request,Low,Email,IT Support,Pending,9.8,48,No,0,4.3,400,3920.0,Dec,12,Q4,Monday
OPS-103042,2025-08-06,Operations,Gurugram,Vendor Query,High,Portal,HR Ops,Closed,2.6,12,No,0,4.4,400,1040.0,Aug,8,Q3,Wednesday
OPS-102596,2025-06-09,IT,Gurugram,Invoice Query,High,Portal,HR Ops,Closed,8.2,12,No,0,4.7,400,3280.0,Jun,6,Q2,Monday
OPS-102855,2025-04-17,Procurement,Gurugram,Compliance Request,Low,Email,IT Support,Closed,14.3,48,No,1,4.8,400,5720.0,Apr,4,Q2,Thursday
OPS-100212,2025-08-12,Customer Support,Bengaluru,Compliance Request,Low,Teams,IT Support,Closed,10.5,48,No,1,4.3,320,3360.0,Aug,8,Q3,Tuesday
OPS-103786,2025-02-23,Sales,Chennai,Vendor Query,High,Email,Vendor Management,Closed,6.0,12,No,0,4.6,280,1680.0,Feb,2,Q1,Sunday
OPS-100584,2025-05-24,Operations,Bengaluru,Access Request,Medium,Portal,HR Ops,Closed,15.1,24,No,0,4.1,400,6040.0,May,5,Q2,Saturday
OPS-102041,2025-10-28,Procurement,Hyderabad,Invoice Query,Medium,Email,Vendor Management,Closed,22.0,24,No,1,4.1,450,9900.0,Oct,10,Q4,Tuesday
OPS-101970,2025-10-28,Finance,Hyderabad,Invoice Query,Low,Phone,MIS,Closed,9.9,48,No,2,4.3,350,3465.0,Oct,10,Q4,Tuesday
OPS-100533,2025-07-15,Sales,Hyderabad,Data Correction,High,Email,IT Support,Closed,5.6,12,No,0,4.4,400,2240.0,Jul,7,Q3,Tuesday
OPS-100256,2025-10-25,IT,Noida,Vendor Query,Medium,Portal,MIS,Escalated,9.5,24,No,1,4.5,450,4275.0,Oct,10,Q4,Saturday
OPS-102261,2025-03-09,HR,Hyderabad,Data Correction,Low,Email,MIS,Escalated,61.7,48,Yes,2,2.8,350,21595.0,Mar,3,Q1,Sunday
OPS-100516,2025-02-12,Sales,Noida,Compliance Request,Critical,Portal,HR Ops,Closed,13.1,4,Yes,0,4.8,320,4192.0,Feb,2,Q1,Wednesday
OPS-102899,2025-02-12,Finance,Mumbai,Compliance Request,Low,Teams,IT Support,Closed,1.9,48,No,0,5.0,450,855.0,Feb,2,Q1,Wednesday
OPS-102718,2025-11-06,Sales,Hyderabad,Employee Query,Low,Portal,Finance Ops,Closed,9.8,48,No,0,4.3,450,4410.0,Nov,11,Q4,Thursday
OPS-100532,2025-04-15,Procurement,Noida,Vendor Query,High,Email,HR Ops,Closed,14.8,12,Yes,3,4.1,450,6660.0,Apr,4,Q2,Tuesday
OPS-101461,2025-12-01,Sales,Mumbai,Vendor Query,Low,Email,MIS,Closed,9.9,48,No,0,4.6,450,4455.0,Dec,12,Q4,Monday
OPS-100327,2025-02-04,Finance,Gurugram,Invoice Query,Low,Email,Finance Ops,Closed,6.2,48,No,0,4.5,280,1736.0,Feb,2,Q1,Tuesday
OPS-100247,2025-07-18,Procurement,Pune,Employee Query,Medium,Teams,HR Ops,Closed,11.8,24,No,0,4.6,400,4720.0,Jul,7,Q3,Friday
OPS-103889,2025-09-24,Sales,Chennai,Vendor Query,Medium,Portal,MIS,Closed,17.2,24,No,1,4.0,450,7740.0,Sep,9,Q3,Wednesday
OPS-101623,2025-02-25,Customer Support,Hyderabad,Report Request,Medium,Teams,HR Ops,Pending,17.1,24,No,0,5.0,400,6840.0,Feb,2,Q1,Tuesday
OPS-100931,2025-08-24,Finance,Bengaluru,System Issue,Medium,Email,IT Support,Pending,8.6,24,No,0,4.6,400,3440.0,Aug,8,Q3,Sunday
OPS-102151,2025-05-04,Procurement,Chennai,Employee Query,Medium,Email,Vendor Management,Closed,5.0,24,No,0,5.0,320,1600.0,May,5,Q2,Sunday
OPS-101714,2025-08-15,HR,Mumbai,Report Request,Medium,Phone,HR Ops,Pending,16.2,24,No,0,4.3,400,6480.0,Aug,8,Q3,Friday
OPS-100070,2025-08-06,IT,Noida,System Issue,Medium,Portal,MIS,Pending,14.7,24,No,0,4.6,320,4704.0,Aug,8,Q3,Wednesday
OPS-100389,2025-04-02,Procurement,Noida,System Issue,Low,Email,IT Support,Closed,16.1,48,No,0,5.0,450,7245.0,Apr,4,Q2,Wednesday
OPS-103312,2025-05-23,HR,Noida,Compliance Request,Low,Teams,IT Support,Closed,6.5,48,No,2,4.5,280,1820.0,May,5,Q2,Friday
OPS-102848,2025-07-24,IT,Hyderabad,Access Request,High,Teams,Vendor Management,Closed,27.9,12,Yes,0,4.5,400,11160.0,Jul,7,Q3,Thursday
OPS-102693,2025-03-31,Sales,Hyderabad,Invoice Query,Medium,Teams,HR Ops,Closed,18.9,24,No,1,4.2,350,6615.0,Mar,3,Q1,Monday
OPS-100699,2025-12-23,HR,Mumbai,System Issue,Low,Email,HR Ops,Closed,19.1,48,No,0,4.1,350,6685.0,Dec,12,Q4,Tuesday
OPS-100748,2025-01-23,Procurement,Bengaluru,Access Request,Medium,Email,MIS,Closed,7.5,24,No,0,5.0,350,2625.0,Jan,1,Q1,Thursday
OPS-103507,2025-11-04,Customer Support,Chennai,Employee Query,Low,Email,IT Support,Escalated,8.5,48,No,1,3.7,450,3825.0,Nov,11,Q4,Tuesday
OPS-102096,2025-05-12,Customer Support,Mumbai,Employee Query,Low,Email,Finance Ops,Closed,2.9,48,No,0,5.0,350,1015.0,May,5,Q2,Monday
OPS-104185,2025-03-22,Sales,Pune,Report Request,Critical,Portal,IT Support,Closed,1.2,4,No,0,4.5,320,384.0,Mar,3,Q1,Saturday
OPS-102522,2025-02-17,HR,Noida,Compliance Request,Low,Email,MIS,Closed,17.0,48,No,1,4.2,400,6800.0,Feb,2,Q1,Monday
OPS-102237,2025-05-30,Finance,Gurgaon,Data Correction,Medium,Portal,HR Ops,Closed,18.0,24,No,0,4.8,350,6300.0,May,5,Q2,Friday
OPS-102453,2025-02-09,Sales,Chennai,System Issue,Medium,Email,MIS,Closed,2.2,24,No,0,4.9,450,990.0,Feb,2,Q1,Sunday
OPS-103483,2025-03-05,IT,Pune,Compliance Request,High,Email,Vendor Management,Closed,27.5,12,Yes,0,4.0,280,7700.0,Mar,3,Q1,Wednesday
OPS-102723,2025-07-07,Procurement,Bengaluru,Data Correction,Medium,Teams,IT Support,Closed,35.8,24,Yes,1,4.3,320,11456.0,Jul,7,Q3,Monday
OPS-100228,2025-10-07,Finance,Chennai,Compliance Request,High,Email,HR Ops,Pending,13.5,12,Yes,0,4.5,280,3780.0,Oct,10,Q4,Tuesday
OPS-101036,2025-09-24,Customer Support,Gurugram,Invoice Query,Low,Portal,IT Support,Closed,9.0,48,No,0,4.7,280,2520.0,Sep,9,Q3,Wednesday
OPS-101860,2025-01-07,Operations,Mumbai,Vendor Query,Low,Email,HR Ops,Closed,4.5,48,No,2,4.8,320,1440.0,Jan,1,Q1,Tuesday
OPS-103234,2025-08-25,Finance,Gurugram,Access Request,Low,Email,HR Ops,Closed,1.6,48,No,0,4.8,350,560.0,Aug,8,Q3,Monday
OPS-101096,2025-04-28,Operations,Chennai,Report Request,Medium,Portal,Finance Ops,Closed,4.0,24,No,1,4.3,320,1280.0,Apr,4,Q2,Monday
OPS-103024,2025-05-13,IT,Bengaluru,Employee Query,Medium,Email,HR Ops,Closed,5.8,24,No,0,4.4,350,2030.0,May,5,Q2,Tuesday
OPS-104446,2025-12-11,Procurement,Bengaluru,Vendor Query,Low,Teams,MIS,Pending,4.5,48,No,0,4.8,280,1260.0,Dec,12,Q4,Thursday
OPS-101999,2025-02-13,Procurement,Hyderabad,Data Correction,Medium,Portal,HR Ops,Escalated,36.0,24,Yes,2,3.7,280,10080.0,Feb,2,Q1,Thursday
OPS-102540,2025-06-22,Procurement,Hyderabad,Vendor Query,Medium,Portal,HR Ops,Closed,9.5,24,No,1,4.5,450,4275.0,Jun,6,Q2,Sunday
OPS-100963,2025-02-05,HR,Mumbai,Invoice Query,Medium,Portal,IT Support,Closed,1.5,24,No,0,4.9,350,525.0,Feb,2,Q1,Wednesday
OPS-100892,2025-01-14,Customer Support,Mumbai,Access Request,Low,Email,Finance Ops,Closed,14.0,48,No,0,4.4,450,6300.0,Jan,1,Q1,Tuesday
OPS-100190,2025-06-01,HR,Gurugram,System Issue,Medium,Email,MIS,Closed,5.2,24,No,0,5.0,350,1820.0,Jun,6,Q2,Sunday
OPS-100947,2025-03-11,Finance,Mumbai,Vendor Query,Low,Email,MIS,Closed,3.4,48,No,0,4.5,400,1360.0,Mar,3,Q1,Tuesday
OPS-101055,2025-11-24,IT,Noida,Report Request,Low,Email,MIS,Escalated,3.9,48,No,2,4.3,320,1248.0,Nov,11,Q4,Monday
OPS-104405,2025-07-31,Customer Support,Hyderabad,Vendor Query,Medium,Portal,Finance Ops,Closed,13.5,24,No,1,4.0,450,6075.0,Jul,7,Q3,Thursday
OPS-100173,2025-08-19,HR,Bengaluru,Vendor Query,Low,Teams,IT Support,Closed,16.8,48,No,0,4.4,400,6720.0,Aug,8,Q3,Tuesday
OPS-101589,2025-04-15,Operations,Gurugram,Employee Query,Low,Portal,Vendor Management,Closed,14.3,48,No,0,5.0,320,4576.0,Apr,4,Q2,Tuesday
OPS-103586,2025-07-07,Finance,Gurugram,Compliance Request,Low,Email,Finance Ops,Pending,14.2,48,No,1,4.9,400,5680.0,Jul,7,Q3,Monday
OPS-102256,2025-08-29,Procurement,Mumbai,Access Request,High,Email,MIS,Closed,10.6,12,No,0,4.6,450,4770.0,Aug,8,Q3,Friday
OPS-100272,2025-04-09,Sales,Gurugram,Access Request,Low,Portal,MIS,Escalated,25.3,48,No,1,4.1,350,8855.0,Apr,4,Q2,Wednesday
OPS-101875,2025-10-28,Customer Support,Chennai,Report Request,Low,Portal,MIS,Closed,14.3,48,No,0,4.5,450,6435.0,Oct,10,Q4,Tuesday
OPS-103481,2025-06-13,Operations,Pune,Vendor Query,Critical,Email,Finance Ops,Closed,1.2,4,No,1,4.9,280,336.0,Jun,6,Q2,Friday
OPS-104831,2025-09-10,Procurement,Gurugram,Invoice Query,Low,Email,Finance Ops,Closed,6.0,48,No,1,4.0,280,1680.0,Sep,9,Q3,Wednesday
OPS-100715,2025-01-10,Procurement,Mumbai,Compliance Request,High,Email,HR Ops,Closed,21.5,12,Yes,1,4.2,280,6020.0,Jan,1,Q1,Friday
OPS-102409,2025-01-25,Finance,Noida,Vendor Query,Low,Portal,HR Ops,Closed,8.0,48,No,1,4.3,280,2240.0,Jan,1,Q1,Saturday
OPS-103526,2025-09-17,IT,Hyderabad,Data Correction,Medium,Email,Vendor Management,Closed,5.3,24,No,0,4.6,280,1484.0,Sep,9,Q3,Wednesday
OPS-100178,2025-04-26,Sales,Mumbai,Employee Query,Low,Teams,Vendor Management,Closed,7.0,48,No,0,3.9,450,3150.0,Apr,4,Q2,Saturday
OPS-101700,2025-01-17,Finance,Bengaluru,System Issue,Low,Phone,HR Ops,Closed,8.5,48,No,0,4.6,400,3400.0,Jan,1,Q1,Friday
OPS-101361,2025-08-25,IT,Chennai,Data Correction,Medium,Teams,HR Ops,Closed,9.7,24,No,0,4.6,350,3395.0,Aug,8,Q3,Monday
OPS-104768,2025-08-27,Operations,Chennai,Invoice Query,Low,Email,HR Ops,Closed,7.3,48,No,1,4.4,350,2555.0,Aug,8,Q3,Wednesday
OPS-100873,2025-01-26,Sales,Gurugram,Employee Query,High,Email,HR Ops,Closed,5.6,12,No,0,5.0,400,2240.0,Jan,1,Q1,Sunday
OPS-102018,2025-06-10,HR,Mumbai,Report Request,High,Email,IT Support,Closed,7.3,12,No,0,4.9,320,2336.0,Jun,6,Q2,Tuesday
OPS-100929,2025-04-21,HR,Hyderabad,Compliance Request,Medium,Portal,HR Ops,Closed,11.4,24,No,0,5.0,450,5130.0,Apr,4,Q2,Monday
OPS-102258,2025-07-07,Sales,Pune,Vendor Query,Low,Teams,Finance Ops,Closed,6.0,48,No,0,4.7,350,2100.0,Jul,7,Q3,Monday
OPS-103018,2025-01-25,IT,Bengaluru,Employee Query,Low,Portal,IT Support,Closed,3.0,48,No,0,4.8,350,1050.0,Jan,1,Q1,Saturday
OPS-100778,2025-11-09,IT,Noida,Data Correction,Medium,Email,Vendor Management,Closed,30.1,24,Yes,0,4.2,450,13545.0,Nov,11,Q4,Sunday
OPS-104053,2025-04-26,Customer Support,Hyderabad,Employee Query,High,Email,IT Support,Closed,3.1,12,No,0,5.0,350,1085.0,Apr,4,Q2,Saturday
OPS-103192,2025-01-26,Operations,Pune,Report Request,High,Phone,HR Ops,Closed,33.7,12,Yes,1,3.2,350,11795.0,Jan,1,Q1,Sunday
OPS-104884,2025-07-08,IT,Bengaluru,Report Request,High,Email,IT Support,Closed,20.0,12,Yes,0,4.5,350,7000.0,Jul,7,Q3,Tuesday
OPS-100477,2025-02-08,Finance,Noida,Access Request,Low,Email,IT Support,Closed,6.9,48,No,0,5.0,400,2760.0,Feb,2,Q1,Saturday
OPS-101070,2025-04-14,Sales,,Data Correction,Medium,Email,IT Support,Closed,13.6,24,No,0,5.0,450,6120.0,Apr,4,Q2,Monday
OPS-102753,2025-11-10,Sales,Chennai,System Issue,High,Portal,Finance Ops,Closed,10.8,12,No,0,4.9,320,3456.0,Nov,11,Q4,Monday
OPS-100787,2025-04-13,IT,Mumbai,Report Request,High,Portal,HR Ops,Closed,11.7,12,No,0,5.0,350,4095.0,Apr,4,Q2,Sunday
OPS-103436,2025-08-12,Sales,Bengaluru,Invoice Query,Medium,Portal,HR Ops,Closed,11.0,24,No,0,5.0,400,4400.0,Aug,8,Q3,Tuesday
OPS-101328,2025-08-23,Sales,Chennai,Compliance Request,High,Email,IT Support,Closed,10.6,12,No,1,4.6,350,3710.0,Aug,8,Q3,Saturday
OPS-102690,2025-01-13,Sales,Mumbai,Vendor Query,Medium,Email,HR Ops,Escalated,12.4,24,No,1,4.7,400,4960.0,Jan,1,Q1,Monday
OPS-103116,2025-06-03,Operations,Hyderabad,Compliance Request,Low,Email,HR Ops,Closed,13.8,48,No,0,4.0,280,3864.0,Jun,6,Q2,Tuesday
OPS-100565,2025-12-08,HR,Gurugram,Invoice Query,Medium,Teams,Vendor Management,Closed,15.4,24,No,1,4.0,450,6930.0,Dec,12,Q4,Monday
OPS-102270,2025-08-17,Finance,Chennai,Invoice Query,Low,Email,MIS,Closed,8.6,48,No,0,4.7,280,2408.0,Aug,8,Q3,Sunday
OPS-104181,2025-07-10,HR,Gurugram,Invoice Query,Low,Email,Vendor Management,Closed,11.1,48,No,0,4.9,320,3552.0,Jul,7,Q3,Thursday
OPS-103219,2025-06-02,Operations,Bengaluru,Employee Query,High,Email,IT Support,Closed,3.1,12,No,0,4.6,320,992.0,Jun,6,Q2,Monday
OPS-104921,2025-07-03,Procurement,Hyderabad,System Issue,Medium,Phone,HR Ops,Closed,15.4,24,No,0,3.8,450,6930.0,Jul,7,Q3,Thursday
OPS-102666,2025-10-08,IT,Mumbai,System Issue,Medium,Email,Vendor Management,Closed,1.7,24,No,0,5.0,450,765.0,Oct,10,Q4,Wednesday
OPS-103695,2025-06-05,IT,Hyderabad,Invoice Query,High,Portal,Vendor Management,Closed,11.7,12,No,0,5.0,400,4680.0,Jun,6,Q2,Thursday
OPS-103440,2025-06-14,Sales,Chennai,System Issue,Low,Email,Finance Ops,Closed,19.8,48,No,1,3.9,350,6930.0,Jun,6,Q2,Saturday
OPS-102872,2025-06-03,Procurement,Noida,Access Request,Low,Portal,Vendor Management,Closed,28.9,48,No,1,4.0,350,10115.0,Jun,6,Q2,Tuesday
OPS-101835,2025-03-31,Customer Support,Chennai,Report Request,Medium,Portal,HR Ops,Closed,4.6,24,No,1,4.6,280,1288.0,Mar,3,Q1,Monday
OPS-100805,2025-02-20,Customer Support,Noida,Data Correction,Low,Email,Finance Ops,Closed,11.6,48,No,1,4.7,400,4640.0,Feb,2,Q1,Thursday
OPS-104740,2025-09-26,Customer Support,Chennai,Data Correction,Low,Portal,Vendor Management,Closed,12.6,48,No,0,4.8,350,4410.0,Sep,9,Q3,Friday
OPS-103957,2025-11-28,HR,Chennai,Vendor Query,Medium,Email,MIS,Closed,11.7,24,No,0,4.3,450,5265.0,Nov,11,Q4,Friday
OPS-104801,2025-10-29,Sales,Gurugram,Report Request,Low,Teams,Finance Ops,Closed,7.5,48,No,1,4.5,280,2100.0,Oct,10,Q4,Wednesday
OPS-104793,2025-01-22,Finance,Mumbai,Compliance Request,Critical,Portal,Finance Ops,Closed,8.7,4,Yes,0,4.8,280,2436.0,Jan,1,Q1,Wednesday
OPS-102992,2025-06-25,Sales,Bengaluru,System Issue,High,Email,MIS,Closed,8.3,12,No,0,4.5,320,2656.0,Jun,6,Q2,Wednesday
OPS-100417,2025-04-13,Sales,Pune,Compliance Request,Medium,Email,Finance Ops,Closed,17.0,24,No,0,4.8,400,6800.0,Apr,4,Q2,Sunday
OPS-102173,2025-05-26,Finance,,Invoice Query,Low,Email,Finance Ops,Closed,18.6,48,No,1,4.1,400,7440.0,May,5,Q2,Monday
OPS-102019,2025-06-28,Procurement,Noida,Report Request,Low,Email,MIS,Closed,24.7,48,No,0,4.3,400,9880.0,Jun,6,Q2,Saturday
OPS-103853,2025-08-05,HR,Gurugram,Access Request,Low,Phone,HR Ops,Closed,9.2,48,No,0,4.6,400,3680.0,Aug,8,Q3,Tuesday
OPS-102518,2025-04-30,Procurement,Mumbai,Vendor Query,High,Portal,Finance Ops,Pending,8.8,12,No,0,4.7,320,2816.0,Apr,4,Q2,Wednesday
OPS-101967,2025-08-17,Customer Support,Mumbai,Report Request,Low,Email,MIS,Closed,19.5,48,No,1,3.8,400,7800.0,Aug,8,Q3,Sunday
OPS-104014,2025-05-21,Customer Support,Noida,Vendor Query,Medium,Email,MIS,Closed,16.2,24,No,0,4.1,400,6480.0,May,5,Q2,Wednesday
OPS-100615,2025-01-29,HR,Hyderabad,Data Correction,Medium,Portal,MIS,Closed,18.1,24,No,1,4.4,350,6335.0,Jan,1,Q1,Wednesday
OPS-104345,2025-07-26,Finance,Mumbai,Access Request,Medium,Portal,IT Support,Escalated,33.0,24,Yes,3,3.2,320,10560.0,Jul,7,Q3,Saturday
OPS-100956,2025-11-07,Procurement,Hyderabad,Report Request,Medium,Email,Vendor Management,Closed,21.7,24,No,1,4.7,350,7595.0,Nov,11,Q4,Friday
OPS-100084,2025-08-25,Customer Support,Bengaluru,System Issue,Low,Teams,Finance Ops,Closed,3.5,48,No,1,3.8,450,1575.0,Aug,8,Q3,Monday
OPS-101068,2025-08-13,Finance,Pune,Employee Query,Low,Teams,Vendor Management,Pending,9.6,48,No,2,4.1,320,3072.0,Aug,8,Q3,Wednesday
OPS-100958,2025-09-04,Operations,Gurugram,Employee Query,Medium,Email,HR Ops,Escalated,9.2,24,No,1,4.1,280,2576.0,Sep,9,Q3,Thursday
OPS-104469,2025-04-02,Sales,Gurugram,Employee Query,High,Email,IT Support,Closed,14.9,12,Yes,0,4.4,400,5960.0,Apr,4,Q2,Wednesday
OPS-101826,2025-10-16,Customer Support,Mumbai,Compliance Request,Medium,Portal,IT Support,Closed,5.8,24,No,0,5.0,320,1856.0,Oct,10,Q4,Thursday
OPS-102914,2025-02-26,Operations,Chennai,Report Request,Medium,Portal,Vendor Management,Closed,13.7,24,No,0,5.0,280,3836.0,Feb,2,Q1,Wednesday
OPS-104808,2025-09-12,Customer Support,Noida,Invoice Query,Low,Teams,HR Ops,Closed,22.5,48,No,0,4.4,350,7875.0,Sep,9,Q3,Friday
OPS-101658,2025-01-23,Customer Support,Pune,System Issue,Medium,Email,Vendor Management,Pending,6.0,24,No,0,4.5,400,2400.0,Jan,1,Q1,Thursday
OPS-101890,2025-03-23,Sales,Chennai,Access Request,High,Email,Vendor Management,Closed,8.7,12,No,2,3.8,350,3045.0,Mar,3,Q1,Sunday
OPS-104929,2025-10-19,Customer Support,Hyderabad,Access Request,Medium,Portal,Vendor Management,Closed,13.2,24,No,0,4.4,400,5280.0,Oct,10,Q4,Sunday
OPS-102705,2025-11-08,Finance,Bengaluru,System Issue,Low,Portal,Finance Ops,Closed,4.3,48,No,0,4.7,350,1505.0,Nov,11,Q4,Saturday
OPS-104510,2025-10-10,Customer Support,,,Low,Portal,MIS,Closed,5.5,48,No,0,4.7,350,1925.0,Oct,10,Q4,Friday
OPS-103364,2025-06-05,Finance,Mumbai,Data Correction,Medium,Portal,Vendor Management,Escalated,5.3,24,No,2,3.4,350,1855.0,Jun,6,Q2,Thursday
OPS-104923,2025-04-04,IT,Pune,Employee Query,Medium,Phone,HR Ops,Closed,5.2,24,No,0,4.9,450,2340.0,Apr,4,Q2,Friday
OPS-104149,2025-07-04,Procurement,Gurugram,Data Correction,Medium,Email,IT Support,Closed,16.5,24,No,0,5.0,350,5775.0,Jul,7,Q3,Friday
OPS-102953,2025-02-13,Sales,Mumbai,Report Request,Low,Email,HR Ops,Pending,4.8,48,No,1,4.8,320,1536.0,Feb,2,Q1,Thursday
OPS-101511,2025-09-29,Operations,Noida,Vendor Query,High,Portal,Finance Ops,Pending,3.9,12,No,1,4.5,280,1092.0,Sep,9,Q3,Monday
OPS-100504,2025-12-06,Procurement,Pune,Vendor Query,Medium,Portal,HR Ops,Pending,6.2,24,No,0,4.8,350,2170.0,Dec,12,Q4,Saturday
OPS-103375,2025-04-28,Procurement,Pune,Data Correction,Low,Phone,MIS,Pending,18.4,48,No,1,3.7,350,6440.0,Apr,4,Q2,Monday
OPS-103055,2025-09-30,Finance,Chennai,Employee Query,High,Email,Finance Ops,Closed,2.8,12,No,1,4.5,350,980.0,Sep,9,Q3,Tuesday
OPS-104055,2025-09-23,HR,Bengaluru,Compliance Request,Low,,HR Ops,Closed,4.4,48,No,0,4.9,320,1408.0,Sep,9,Q3,Tuesday
OPS-104230,2025-09-04,Customer Support,Noida,System Issue,Medium,Portal,Finance Ops,Closed,15.0,24,No,0,4.6,350,5250.0,Sep,9,Q3,Thursday
OPS-104681,2025-01-20,Customer Support,Chennai,Report Request,High,Email,Vendor Management,Pending,3.0,12,No,0,4.9,350,1050.0,Jan,1,Q1,Monday
OPS-101301,2025-08-10,Sales,Hyderabad,Invoice Query,High,Phone,IT Support,Closed,12.8,12,Yes,0,4.4,450,5760.0,Aug,8,Q3,Sunday
OPS-100506,2025-06-27,Customer Support,Pune,Report Request,Medium,Email,HR Ops,Closed,5.4,24,No,0,5.0,450,2430.0,Jun,6,Q2,Friday
OPS-100442,2025-10-06,Sales,Gurugram,Access Request,High,Email,MIS,Closed,24.2,12,Yes,0,4.0,320,7744.0,Oct,10,Q4,Monday
OPS-103269,2025-07-11,Finance,Chennai,System Issue,Low,Email,MIS,Closed,6.0,48,No,1,4.6,320,1920.0,Jul,7,Q3,Friday
OPS-101600,2025-01-25,Operations,Gurugram,Compliance Request,Critical,Phone,,Closed,7.5,4,Yes,0,4.4,450,3375.0,Jan,1,Q1,Saturday
OPS-100840,2025-05-02,Procurement,Noida,System Issue,High,Portal,Vendor Management,Closed,1.9,12,No,1,4.4,280,532.0,May,5,Q2,Friday
OPS-103814,2025-08-18,IT,Gurugram,Invoice Query,Medium,Email,HR Ops,Closed,6.7,24,No,0,5.0,350,2345.0,Aug,8,Q3,Monday
OPS-102841,2025-08-08,HR,Noida,Data Correction,High,Email,IT Support,Pending,4.1,12,No,0,4.9,400,1640.0,Aug,8,Q3,Friday
OPS-102717,2025-08-18,Finance,Mumbai,Access Request,Low,Email,HR Ops,Closed,13.9,48,No,1,4.5,280,3892.0,Aug,8,Q3,Monday
OPS-102708,2025-07-05,HR,Bengaluru,Report Request,Medium,Portal,Finance Ops,Closed,11.4,24,No,1,4.3,450,5130.0,Jul,7,Q3,Saturday
OPS-101818,2025-04-02,Operations,Bengaluru,Invoice Query,Medium,Portal,Vendor Management,Closed,18.9,24,No,0,4.6,400,7560.0,Apr,4,Q2,Wednesday
OPS-100916,2025-05-25,HR,Bengaluru,Invoice Query,Medium,Email,HR Ops,Closed,6.3,24,No,0,5.0,400,2520.0,May,5,Q2,Sunday
OPS-100736,2025-10-10,Procurement,Hyderabad,Invoice Query,Medium,Portal,IT Support,Closed,10.8,24,No,1,4.0,320,3456.0,Oct,10,Q4,Friday
OPS-100108,2025-08-19,IT,Pune,Compliance Request,Medium,Email,Finance Ops,Closed,8.9,24,No,0,5.0,280,2492.0,Aug,8,Q3,Tuesday
OPS-100689,2025-05-02,Operations,Mumbai,Compliance Request,Medium,Teams,MIS,Closed,9.3,24,No,0,4.6,450,4185.0,May,5,Q2,Friday
OPS-101678,2025-08-11,Customer Support,Bengaluru,Vendor Query,Medium,Portal,Finance Ops,Closed,15.5,24,No,1,3.9,350,5425.0,Aug,8,Q3,Monday
OPS-103442,2025-06-11,Customer Support,Mumbai,Compliance Request,Low,Email,Finance Ops,Closed,7.2,48,No,0,5.0,280,2016.0,Jun,6,Q2,Wednesday
OPS-101163,2025-07-01,Sales,Noida,Data Correction,Medium,Phone,Vendor Management,Closed,34.1,24,Yes,0,4.4,400,13640.0,Jul,7,Q3,Tuesday
OPS-103386,2025-05-28,Operations,Noida,Invoice Query,Medium,Phone,HR Ops,Pending,9.8,24,No,0,4.2,320,3136.0,May,5,Q2,Wednesday
OPS-103327,2025-09-16,Sales,Gurugram,Employee Query,Medium,Portal,HR Ops,Escalated,19.2,24,No,1,4.4,280,5376.0,Sep,9,Q3,Tuesday
OPS-100762,2025-02-03,Operations,Hyderabad,Data Correction,Low,Portal,HR Ops,Closed,15.7,48,No,0,4.2,350,5495.0,Feb,2,Q1,Monday
OPS-102686,2025-08-19,Procurement,Gurugram,System Issue,Medium,Email,HR Ops,Closed,14.1,24,No,2,3.8,350,4935.0,Aug,8,Q3,Tuesday
OPS-100910,2025-09-30,Customer Support,Chennai,Compliance Request,High,Email,HR Ops,Closed,8.4,12,No,0,3.9,320,2688.0,Sep,9,Q3,Tuesday
OPS-104954,2025-03-14,HR,Bengaluru,Employee Query,High,Teams,HR Ops,Closed,18.1,12,Yes,0,4.5,280,5068.0,Mar,3,Q1,Friday
OPS-104160,2025-02-28,Sales,Pune,Access Request,Medium,Email,MIS,Closed,1.6,24,No,1,4.8,350,560.0,Feb,2,Q1,Friday
OPS-104141,2025-11-10,HR,Bengaluru,Access Request,Low,Email,HR Ops,Closed,7.5,48,No,0,4.6,280,2100.0,Nov,11,Q4,Monday
OPS-103692,2025-11-21,Procurement,Pune,Employee Query,Low,Email,HR Ops,Escalated,6.6,48,No,2,4.2,320,2112.0,Nov,11,Q4,Friday
OPS-100872,2025-12-03,Customer Support,Mumbai,Vendor Query,Medium,Teams,Finance Ops,Closed,6.0,24,No,1,4.5,350,2100.0,Dec,12,Q4,Wednesday
OPS-103404,2025-03-08,Operations,Gurugram,Report Request,Low,Email,Finance Ops,Closed,15.4,48,No,1,4.5,320,4928.0,Mar,3,Q1,Saturday
OPS-104024,2025-06-09,Sales,Bengaluru,Access Request,Medium,Portal,Finance Ops,Closed,20.4,24,No,2,3.9,450,9180.0,Jun,6,Q2,Monday
OPS-102875,2025-06-14,Operations,Bengaluru,Employee Query,High,Email,Finance Ops,Pending,9.3,12,No,0,4.4,350,3255.0,Jun,6,Q2,Saturday
OPS-101099,2025-10-30,Customer Support,Hyderabad,Access Request,Critical,Phone,Finance Ops,Closed,7.3,4,Yes,1,4.5,280,2044.0,Oct,10,Q4,Thursday
OPS-100296,2025-07-27,Finance,Bengaluru,Vendor Query,Low,Portal,HR Ops,Closed,13.5,48,No,2,3.9,280,3780.0,Jul,7,Q3,Sunday
OPS-102845,2025-07-01,IT,Noida,Report Request,Low,Email,Finance Ops,Closed,7.9,48,No,0,4.7,350,2765.0,Jul,7,Q3,Tuesday
OPS-103885,2025-01-26,HR,Bengaluru,Compliance Request,Medium,Email,IT Support,Closed,8.8,24,No,0,4.6,280,2464.0,Jan,1,Q1,Sunday
OPS-103427,2025-05-14,IT,Mumbai,Report Request,Critical,Teams,MIS,Closed,3.8,4,No,1,4.4,450,1710.0,May,5,Q2,Wednesday
OPS-102087,2025-06-25,Customer Support,Hyderabad,Invoice Query,High,Email,MIS,Closed,11.4,12,No,1,4.5,280,3192.0,Jun,6,Q2,Wednesday
OPS-104291,2025-01-14,IT,Chennai,Report Request,Medium,Email,Finance Ops,Closed,9.5,24,No,0,4.3,280,2660.0,Jan,1,Q1,Tuesday
OPS-103264,2025-11-03,Procurement,Noida,Data Correction,Medium,Portal,Finance Ops,Escalated,14.8,24,No,1,4.7,280,4144.0,Nov,11,Q4,Monday
OPS-100398,2025-03-04,Finance,Bengaluru,Vendor Query,Medium,Email,IT Support,Closed,5.2,24,No,1,4.5,280,1456.0,Mar,3,Q1,Tuesday
OPS-100855,2025-02-03,IT,Gurugram,Data Correction,High,Teams,HR Ops,Closed,2.6,12,No,0,4.7,450,1170.0,Feb,2,Q1,Monday
OPS-102934,2025-01-20,Procurement,Mumbai,Data Correction,Medium,Email,Finance Ops,Closed,7.0,24,No,0,5.0,320,2240.0,Jan,1,Q1,Monday
OPS-102081,2025-07-11,Sales,Gurugram,Access Request,Low,Portal,MIS,Closed,9.6,48,No,0,5.0,350,3360.0,Jul,7,Q3,Friday
OPS-100019,2025-09-15,Customer Support,Noida,Employee Query,High,Email,Vendor Management,Closed,37.2,12,Yes,0,3.4,350,13020.0,Sep,9,Q3,Monday
OPS-104859,2025-03-15,Sales,Noida,Compliance Request,Low,Email,Vendor Management,Closed,4.3,48,No,0,4.4,450,1935.0,Mar,3,Q1,Saturday
OPS-103149,2025-02-10,IT,Bengaluru,Compliance Request,Medium,Teams,Finance Ops,Closed,4.1,24,No,0,4.7,350,1435.0,Feb,2,Q1,Monday
OPS-103502,2025-05-27,Customer Support,Bengaluru,Compliance Request,Low,Email,IT Support,Closed,4.0,48,No,1,4.7,400,1600.0,May,5,Q2,Tuesday
OPS-101253,2025-11-09,Operations,Pune,Report Request,Low,Email,MIS,Closed,3.5,48,No,1,4.3,280,980.0,Nov,11,Q4,Sunday
OPS-100196,2025-04-23,Customer Support,Pune,Access Request,High,Email,Vendor Management,Closed,10.5,12,No,0,4.9,400,4200.0,Apr,4,Q2,Wednesday
OPS-104873,2025-02-20,Finance,Mumbai,Report Request,Medium,Teams,Finance Ops,Closed,11.3,24,No,0,4.3,320,3616.0,Feb,2,Q1,Thursday
OPS-100204,2025-03-22,Sales,Bengaluru,Invoice Query,Low,Portal,Vendor Management,Closed,15.1,48,No,0,3.5,280,4228.0,Mar,3,Q1,Saturday
OPS-100293,2025-07-13,Operations,Hyderabad,System Issue,Medium,Portal,Finance Ops,Closed,11.2,24,No,0,4.0,400,4480.0,Jul,7,Q3,Sunday
OPS-101346,2025-06-14,Operations,Mumbai,,Low,Teams,HR Ops,Closed,6.2,48,No,0,5.0,280,1736.0,Jun,6,Q2,Saturday
OPS-102162,2025-11-30,Customer Support,Hyderabad,Vendor Query,Medium,Phone,MIS,Closed,5.2,24,No,1,4.5,280,1456.0,Nov,11,Q4,Sunday
OPS-102590,2025-06-13,IT,Chennai,Employee Query,High,Email,Vendor Management,Closed,10.9,12,No,0,5.0,350,3815.0,Jun,6,Q2,Friday
OPS-104154,2025-01-22,Procurement,Mumbai,Report Request,Medium,Teams,IT Support,Closed,8.9,24,No,1,4.1,400,3560.0,Jan,1,Q1,Wednesday
OPS-102816,2025-05-06,IT,Mumbai,Vendor Query,Medium,Email,Vendor Management,Closed,18.5,24,No,0,4.3,280,5180.0,May,5,Q2,Tuesday
OPS-104360,2025-11-05,IT,Chennai,Report Request,Low,Portal,MIS,Closed,18.5,48,No,1,4.6,400,7400.0,Nov,11,Q4,Wednesday
OPS-104131,2025-07-31,HR,Mumbai,Vendor Query,Low,Phone,Finance Ops,Closed,8.5,48,No,2,3.6,400,3400.0,Jul,7,Q3,Thursday
OPS-101630,2025-09-19,IT,Gurugram,Access Request,High,Email,MIS,Closed,2.9,12,No,2,4.2,280,812.0,Sep,9,Q3,Friday
OPS-102735,2025-12-02,HR,Gurugram,Data Correction,Medium,Teams,Finance Ops,Closed,6.6,24,No,0,5.0,400,2640.0,Dec,12,Q4,Tuesday
OPS-100005,2025-03-13,Operations,Pune,Employee Query,High,Teams,Finance Ops,Closed,44.5,12,Yes,0,3.4,320,14240.0,Mar,3,Q1,Thursday
OPS-100176,2025-10-10,Customer Support,Gurugram,Data Correction,Medium,Portal,Vendor Management,Closed,13.4,24,No,1,4.3,350,4690.0,Oct,10,Q4,Friday
OPS-100413,2025-02-22,Operations,Bengaluru,Compliance Request,Medium,Email,,Closed,6.6,24,No,0,4.5,320,2112.0,Feb,2,Q1,Saturday
OPS-103670,2025-10-17,HR,Mumbai,Data Correction,Low,Email,Vendor Management,Closed,3.4,48,No,1,4.8,400,1360.0,Oct,10,Q4,Friday
OPS-101991,2025-10-11,Customer Support,Chennai,Vendor Query,Low,Email,Finance Ops,Closed,9.7,48,No,2,4.0,280,2716.0,Oct,10,Q4,Saturday
OPS-101431,2025-02-26,IT,Hyderabad,Data Correction,Low,Email,Vendor Management,Closed,8.4,48,No,0,5.0,320,2688.0,Feb,2,Q1,Wednesday
OPS-101941,2025-10-09,IT,Bengaluru,System Issue,Low,Teams,IT Support,Escalated,57.0,48,Yes,2,2.9,450,25650.0,Oct,10,Q4,Thursday
OPS-103980,2025-12-28,Procurement,Hyderabad,Data Correction,Medium,Email,Finance Ops,Closed,12.3,24,No,0,5.0,280,3444.0,Dec,12,Q4,Sunday
OPS-100024,2025-06-10,Customer Support,Chennai,Invoice Query,High,Portal,Finance Ops,Closed,12.6,12,Yes,0,4.4,450,5670.0,Jun,6,Q2,Tuesday
OPS-104488,2025-05-09,Operations,Noida,Employee Query,Medium,Email,IT Support,Pending,12.3,24,No,0,4.1,320,3936.0,May,5,Q2,Friday
OPS-102293,2025-09-16,IT,Bengaluru,Vendor Query,High,Portal,Finance Ops,Closed,12.9,12,Yes,0,4.1,320,4128.0,Sep,9,Q3,Tuesday
OPS-103572,2025-04-23,HR,Mumbai,Vendor Query,Medium,Teams,MIS,Closed,4.9,24,No,0,5.0,450,2205.0,Apr,4,Q2,Wednesday
OPS-104132,2025-01-03,Finance,Chennai,Compliance Request,Medium,Portal,Finance Ops,Closed,8.1,24,No,0,4.9,350,2835.0,Jan,1,Q1,Friday
OPS-102075,2025-02-22,Finance,Gurugram,Vendor Query,High,Phone,MIS,Closed,7.3,12,No,0,4.6,280,2044.0,Feb,2,Q1,Saturday
OPS-100421,2025-12-16,Operations,Hyderabad,Employee Query,Medium,Email,IT Support,Closed,13.9,24,No,1,4.1,280,3892.0,Dec,12,Q4,Tuesday
OPS-100960,2025-01-31,Sales,Noida,System Issue,Low,Phone,Finance Ops,Closed,3.9,48,No,2,4.5,280,1092.0,Jan,1,Q1,Friday
OPS-100603,2025-03-15,Finance,Gurugram,Employee Query,Low,Email,HR Ops,Closed,11.3,48,No,0,4.3,400,4520.0,Mar,3,Q1,Saturday
OPS-101792,2025-07-24,IT,Chennai,Report Request,High,Teams,HR Ops,Closed,9.6,12,No,0,4.7,350,3360.0,Jul,7,Q3,Thursday
OPS-104124,2025-12-23,HR,Chennai,Report Request,Low,Email,MIS,Closed,4.4,48,No,1,4.6,450,1980.0,Dec,12,Q4,Tuesday
OPS-100830,2025-12-26,Procurement,Bengaluru,Report Request,Medium,Email,HR Ops,Pending,13.8,24,No,0,4.2,320,4416.0,Dec,12,Q4,Friday
OPS-102564,2025-12-16,Customer Support,Noida,Data Correction,Medium,Phone,MIS,Closed,23.5,24,No,0,4.0,280,6580.0,Dec,12,Q4,Tuesday
OPS-104735,2025-10-19,Procurement,Hyderabad,Report Request,Medium,Portal,IT Support,Closed,12.2,24,No,0,5.0,450,5490.0,Oct,10,Q4,Sunday
OPS-103992,2025-04-03,HR,Noida,Data Correction,Medium,Email,MIS,Closed,4.6,24,No,0,4.7,450,2070.0,Apr,4,Q2,Thursday
OPS-103137,2025-10-13,Sales,Chennai,Data Correction,Low,Email,Vendor Management,Closed,8.9,48,No,1,4.3,320,2848.0,Oct,10,Q4,Monday
OPS-103979,2025-05-21,Finance,Hyderabad,Employee Query,High,Portal,MIS,Closed,14.6,12,Yes,1,4.7,320,4672.0,May,5,Q2,Wednesday
OPS-102529,2025-10-04,Customer Support,Mumbai,Vendor Query,High,Email,Vendor Management,Closed,4.1,12,No,0,4.7,280,1148.0,Oct,10,Q4,Saturday
OPS-101577,2025-08-04,Finance,Gurugram,Report Request,Low,Email,Vendor Management,Closed,14.2,48,No,1,4.7,350,4970.0,Aug,8,Q3,Monday
OPS-100583,2025-05-31,HR,Pune,Data Correction,Medium,Portal,Vendor Management,Closed,31.9,24,Yes,0,4.1,450,14355.0,May,5,Q2,Saturday
OPS-104319,2025-09-23,Operations,Pune,Data Correction,Critical,Portal,Finance Ops,Closed,0.6,4,No,0,4.5,280,168.0,Sep,9,Q3,Tuesday
OPS-102791,2025-02-19,HR,Noida,Data Correction,Medium,,Vendor Management,Closed,15.9,24,No,0,4.8,450,7155.0,Feb,2,Q1,Wednesday
OPS-102634,2025-08-12,Operations,Bengaluru,Data Correction,Medium,Teams,Vendor Management,Closed,1.7,24,No,0,5.0,350,595.0,Aug,8,Q3,Tuesday
OPS-101227,2025-01-19,Customer Support,Hyderabad,Vendor Query,Low,Email,MIS,Closed,13.3,48,No,0,4.8,280,3724.0,Jan,1,Q1,Sunday
OPS-100698,2025-08-08,Procurement,Chennai,Access Request,Medium, E-mail,HR Ops,Closed,8.4,24,No,0,4.9,280,2352.0,Aug,8,Q3,Friday
OPS-104493,2025-04-12,Finance,Chennai,Employee Query,Medium,Portal,HR Ops,Closed,8.9,24,No,0,4.7,450,4005.0,Apr,4,Q2,Saturday
OPS-103515,2025-08-04,Procurement,Hyderabad,Access Request,Medium,Email,IT Support,Closed,7.6,24,No,0,4.7,350,2660.0,Aug,8,Q3,Monday
OPS-101486,2025-01-15,IT,Gurugram,System Issue,High,Email,IT Support,Closed,13.0,12,Yes,0,4.0,450,5850.0,Jan,1,Q1,Wednesday
OPS-100455,2025-08-25,Procurement,Pune,Compliance Request,High,Teams,MIS,Closed,17.7,12,Yes,0,4.8,400,7080.0,Aug,8,Q3,Monday
OPS-103770,2025-01-03,HR,Pune,System Issue,Low,Teams,HR Ops,Closed,3.3,48,No,0,5.0,400,1320.0,Jan,1,Q1,Friday
OPS-103029,2025-07-30,IT,Bengaluru,Employee Query,Medium,Teams,Finance Ops,Closed,11.9,24,No,1,3.9,320,3808.0,Jul,7,Q3,Wednesday
OPS-102130,2025-04-27,Finance,Bengaluru,Report Request,Medium,Portal,HR Ops,Closed,11.2,24,No,0,4.4,320,3584.0,Apr,4,Q2,Sunday
OPS-101677,2025-12-26,Finance,Hyderabad,Compliance Request,Low,Portal,Vendor Management,Closed,7.1,48,No,1,4.7,450,3195.0,Dec,12,Q4,Friday
OPS-100862,2025-02-16,IT,Mumbai,Compliance Request,Medium,Portal,Vendor Management,Closed,11.3,24,No,1,4.2,450,5085.0,Feb,2,Q1,Sunday
OPS-100502,2025-09-15,Procurement,Gurugram,Employee Query,Medium,Email,MIS,Closed,5.2,24,No,2,4.1,350,1820.0,Sep,9,Q3,Monday
OPS-104327,2025-03-15,Operations,Chennai,Access Request,Low,Email,Vendor Management,Escalated,16.3,48,No,2,4.1,450,7335.0,Mar,3,Q1,Saturday
OPS-102100,2025-10-06,Operations,Gurugram,Report Request,Low,Email,MIS,Closed,38.3,48,No,0,4.2,320,12256.0,Oct,10,Q4,Monday
OPS-104647,2025-08-21,HR,Gurugram,Vendor Query,Low,Email,Vendor Management,Closed,12.1,48,No,0,4.0,350,4235.0,Aug,8,Q3,Thursday
OPS-104579,2025-07-25,HR,Noida,Employee Query,Low,Portal,Finance Ops,Closed,3.3,48,No,0,5.0,450,1485.0,Jul,7,Q3,Friday
OPS-104241,2025-11-16,HR,Hyderabad,Data Correction,Medium,Email,Vendor Management,Closed,14.3,24,No,1,4.3,450,6435.0,Nov,11,Q4,Sunday
OPS-104695,2025-05-12,Procurement,Mumbai,System Issue,Low,Phone,Vendor Management,Closed,9.2,48,No,2,4.0,400,3680.0,May,5,Q2,Monday
OPS-101801,2025-02-01,Sales,Bengaluru,Invoice Query,High,Email,IT Support,Closed,7.1,12,No,0,4.3,320,2272.0,Feb,2,Q1,Saturday
OPS-101191,2025-01-25,Operations,Noida,Compliance Request,Low,Email,Vendor Management,Closed,8.3,48,No,1,4.9,400,3320.0,Jan,1,Q1,Saturday
OPS-101367,2025-03-05,IT,Noida,Access Request,Low,Teams,MIS,Closed,18.4,48,No,0,4.9,280,5152.0,Mar,3,Q1,Wednesday
OPS-103612,2025-12-24,Procurement,Hyderabad,Report Request,Medium,Teams,Finance Ops,Closed,12.0,24,No,0,4.9,280,3360.0,Dec,12,Q4,Wednesday
OPS-103528,2025-06-12,Procurement,Gurugram,Data Correction,High,Portal,HR Ops,Closed,5.9,12,No,2,4.3,450,2655.0,Jun,6,Q2,Thursday
OPS-102307,2025-05-30,IT,Mumbai,Compliance Request,Low,Portal,IT Support,Closed,25.1,48,No,0,4.3,400,10040.0,May,5,Q2,Friday
OPS-101295,2025-07-14,IT,Mumbai,Compliance Request,Medium,Portal,Vendor Management,Closed,14.9,24,No,2,3.5,350,5215.0,Jul,7,Q3,Monday
OPS-104208,2025-03-04,Finance,Hyderabad,Employee Query,Low,Email,MIS,Closed,7.3,48,No,1,4.5,280,2044.0,Mar,3,Q1,Tuesday
OPS-102868,2025-07-22,Operations,Pune,Vendor Query,Medium,Portal,Vendor Management,Closed,11.3,24,No,0,4.8,320,3616.0,Jul,7,Q3,Tuesday
OPS-103020,2025-12-19,Customer Support,Noida,Access Request,Medium,Email,HR Ops,Closed,11.0,24,No,0,4.8,350,3850.0,Dec,12,Q4,Friday
OPS-104496,2025-05-13,IT,Pune,Report Request,Critical,Teams,IT Support,Closed,5.3,4,Yes,0,5.0,280,1484.0,May,5,Q2,Tuesday
OPS-100217,2025-06-21,Customer Support,Hyderabad,Vendor Query,Low,Portal,HR Ops,Pending,27.2,48,No,1,4.2,280,7616.0,Jun,6,Q2,Saturday
OPS-103302,2025-06-10,Operations,Chennai,Access Request,Low,Email,IT Support,Escalated,44.9,48,No,1,3.6,350,15715.0,Jun,6,Q2,Tuesday
OPS-104445,2025-04-17,Sales,Pune,Employee Query,High,,Vendor Management,Closed,11.7,12,No,0,4.4,350,4095.0,Apr,4,Q2,Thursday
OPS-103837,2025-01-07,Sales,Bengaluru,Data Correction,High,Email,IT Support,Closed,16.1,12,Yes,0,5.0,400,6440.0,Jan,1,Q1,Tuesday
OPS-100494,2025-04-06,Procurement,Chennai,Compliance Request,Medium,Portal,MIS,Closed,20.4,24,No,1,4.0,280,5712.0,Apr,4,Q2,Sunday
OPS-100473,2025-08-26,Procurement,Hyderabad,Data Correction,Low,Teams,Vendor Management,Closed,11.2,48,No,2,4.5,450,5040.0,Aug,8,Q3,Tuesday
OPS-101652,2025-05-13,HR,Hyderabad,Data Correction,Medium,Email,HR Ops,Closed,18.1,24,No,0,4.7,450,8145.0,May,5,Q2,Tuesday
OPS-102358,2025-06-29,Sales,Bengaluru,System Issue,High,Email,MIS,Closed,11.3,12,No,0,4.5,400,4520.0,Jun,6,Q2,Sunday
OPS-101755,2025-01-12,Procurement,Pune,Compliance Request,High,Phone,IT Support,Closed,7.9,12,No,1,4.5,280,2212.0,Jan,1,Q1,Sunday
OPS-100997,2025-10-20,Customer Support,Bengaluru,Vendor Query,Low,Teams,HR Ops,Pending,8.2,48,No,1,4.5,400,3280.0,Oct,10,Q4,Monday
OPS-103759,2025-04-10,IT,Mumbai,Data Correction,Medium,Email,Vendor Management,Closed,11.4,24,No,0,4.8,400,4560.0,Apr,4,Q2,Thursday
OPS-104285,2025-10-16,Customer Support,Bengaluru,Access Request,Low,Email,HR Ops,Pending,17.8,48,No,0,4.2,350,6230.0,Oct,10,Q4,Thursday
OPS-104265,2025-05-06,HR,Chennai,Data Correction,Low,Portal,Vendor Management,Closed,3.6,48,No,1,4.6,320,1152.0,May,5,Q2,Tuesday
OPS-101861,2025-03-25,IT,Mumbai,Data Correction,Medium,Portal,HR Ops,Escalated,27.5,24,Yes,1,4.2,280,7700.0,Mar,3,Q1,Tuesday
OPS-102322,2025-01-03,Customer Support,Pune,Vendor Query,Low,Portal,MIS,Pending,8.6,48,No,1,4.2,350,3010.0,Jan,1,Q1,Friday
OPS-102356,2025-11-27,Finance,Gurugram,Invoice Query,Medium,Email,MIS,Pending,1.7,24,No,1,4.4,280,476.0,Nov,11,Q4,Thursday
OPS-100887,2025-01-28,Operations,Mumbai,Vendor Query,Low,Email,MIS,Closed,12.0,48,No,0,4.6,400,4800.0,Jan,1,Q1,Tuesday
OPS-100397,2025-07-05,Procurement,Chennai,Compliance Request,Medium,Phone,IT Support,Pending,15.5,24,No,0,4.7,400,6200.0,Jul,7,Q3,Saturday
OPS-102217,2025-03-09,HR,Gurugram,System Issue,Low,Teams,Vendor Management,Closed,5.1,48,No,0,4.6,320,1632.0,Mar,3,Q1,Sunday
OPS-100626,2025-05-12,Operations,Gurugram,System Issue,High,Email,MIS,Closed,13.7,12,Yes,1,4.1,400,5480.0,May,5,Q2,Monday
OPS-104198,2025-06-18,Finance,Mumbai,Invoice Query,Low,Phone,IT Support,Pending,19.6,48,No,1,4.0,350,6860.0,Jun,6,Q2,Wednesday
OPS-102381,2025-12-02,Procurement,Noida,System Issue,Critical,Portal,Finance Ops,Closed,10.6,4,Yes,0,4.5,450,4770.0,Dec,12,Q4,Tuesday
OPS-104426,2025-04-04,Operations,Pune,System Issue,Medium,Teams,Finance Ops,Closed,5.3,24,No,1,,320,1696.0,Apr,4,Q2,Friday
OPS-100380,2025-11-12,Operations,Mumbai,Access Request,Low,Email,MIS,Closed,30.0,48,No,1,3.8,320,9600.0,Nov,11,Q4,Wednesday
OPS-104870,2025-07-16,Operations,Bengaluru,Access Request,Low,Email,Finance Ops,Closed,4.4,48,No,1,4.4,450,1980.0,Jul,7,Q3,Wednesday
OPS-102142,2025-12-09,Customer Support,Chennai,Data Correction,Low,Email,IT Support,Closed,12.6,48,No,0,4.2,400,5040.0,Dec,12,Q4,Tuesday
OPS-104899,2025-11-23,HR,Gurugram,Invoice Query,Medium,Email,IT Support,Closed,21.1,24,No,0,5.0,280,5908.0,Nov,11,Q4,Sunday
OPS-104330,2025-06-03,HR,Chennai,Invoice Query,High,Portal,Finance Ops,Closed,7.8,12,No,0,5.0,450,3510.0,Jun,6,Q2,Tuesday
OPS-102965,2025-09-25,Procurement,Noida,Data Correction,High,Portal,MIS,Closed,7.9,12,No,0,4.7,280,2212.0,Sep,9,Q3,Thursday
OPS-100150,2025-01-29,Operations,Pune,Data Correction,Medium,Email,MIS,Closed,34.1,24,Yes,1,3.8,400,13640.0,Jan,1,Q1,Wednesday
OPS-103071,2025-05-04,Procurement,Bengaluru,System Issue,Medium,Portal,HR Ops,Closed,3.0,24,No,0,4.3,280,840.0,May,5,Q2,Sunday
OPS-102241,2025-01-11,Finance,Mumbai,System Issue,Medium,Email,HR Ops,Closed,13.1,24,No,0,4.3,450,5895.0,Jan,1,Q1,Saturday
OPS-100722,2025-04-29,Operations,Mumbai,Employee Query,Medium,Email,MIS,Closed,7.4,24,No,0,4.4,320,2368.0,Apr,4,Q2,Tuesday
OPS-102411,2025-03-09,HR,Chennai,System Issue,Low,Teams,MIS,Closed,4.8,48,No,0,4.5,280,1344.0,Mar,3,Q1,Sunday
OPS-100431,2025-05-27,IT,Chennai,Report Request,Low,Portal,IT Support,Escalated,26.7,48,No,2,3.3,280,7476.0,May,5,Q2,Tuesday
OPS-102490,2025-12-04,Procurement,Chennai,Report Request,Low,Email,Vendor Management,Escalated,10.5,48,No,1,4.7,400,4200.0,Dec,12,Q4,Thursday
OPS-104315,2025-08-07,IT,Mumbai,Compliance Request,Low,Email,HR Ops,Closed,1.6,48,No,0,5.0,400,640.0,Aug,8,Q3,Thursday
OPS-101106,2025-05-16,Sales,Gurugram,Access Request,Medium,Portal,IT Support,Closed,9.1,24,No,1,4.4,450,4095.0,May,5,Q2,Friday
OPS-101362,2025-11-05,Procurement,Pune,Data Correction,High,Email,Finance Ops,Closed,16.1,12,Yes,0,4.8,320,5152.0,Nov,11,Q4,Wednesday
OPS-101581,2025-09-26,Sales,Gurugram,Report Request,Low,Portal,Vendor Management,Closed,3.8,48,No,0,5.0,450,1710.0,Sep,9,Q3,Friday
OPS-103437,2025-10-05,Sales,Hyderabad,Report Request,Low,Email,IT Support,Closed,16.4,48,No,0,5.0,280,4592.0,Oct,10,Q4,Sunday
OPS-101052,2025-02-11,Customer Support,Gurugram,Report Request,Medium,Email,IT Support,Pending,4.6,24,No,0,5.0,350,1610.0,Feb,2,Q1,Tuesday
OPS-102884,2025-12-11,IT,Mumbai,System Issue,Low,Phone,Finance Ops,Escalated,31.6,48,No,2,4.4,280,8848.0,Dec,12,Q4,Thursday
OPS-103112,2025-03-25,Customer Support,Mumbai,Report Request,Medium,Email,MIS,Closed,8.1,24,No,1,4.1,350,2835.0,Mar,3,Q1,Tuesday
OPS-101556,2025-08-14,IT,Chennai,Compliance Request,Medium,Portal,IT Support,Escalated,25.3,24,Yes,2,3.8,400,10120.0,Aug,8,Q3,Thursday
OPS-104588,2025-03-13,Procurement,Gurugram,Invoice Query,Medium,Email,IT Support,Closed,15.2,24,No,0,4.6,280,4256.0,Mar,3,Q1,Thursday
OPS-104898,2025-03-05,Procurement,Noida,Report Request,Low,Phone,HR Ops,Closed,10.7,48,No,0,5.0,320,3424.0,Mar,3,Q1,Wednesday
OPS-100360,2025-06-23,Customer Support,Mumbai,System Issue,Medium,Email,MIS,Escalated,16.5,24,No,2,4.2,450,7425.0,Jun,6,Q2,Monday
OPS-103909,2025-03-25,HR,Noida,Compliance Request,High,Teams,Finance Ops,Closed,11.6,12,No,0,4.4,450,5220.0,Mar,3,Q1,Tuesday
OPS-101672,2025-02-15,Procurement,Mumbai,Report Request,Medium,Email,HR Ops,Closed,29.1,24,Yes,1,3.4,450,13095.0,Feb,2,Q1,Saturday
OPS-101973,2025-01-10,Finance,Gurugram,Employee Query,Low,Email,HR Ops,Closed,2.5,48,No,0,5.0,320,800.0,Jan,1,Q1,Friday
OPS-103974,2025-10-26,IT,Mumbai,Access Request,Low,Portal,HR Ops,Closed,11.6,48,No,0,4.6,280,3248.0,Oct,10,Q4,Sunday
OPS-103997,2025-02-05,Operations,Bengaluru,Compliance Request,Low,Portal,HR Ops,Closed,1.8,48,No,1,4.7,320,576.0,Feb,2,Q1,Wednesday
OPS-100353,2025-01-18,Customer Support,Pune,Compliance Request,Low,Portal,Vendor Management,Closed,11.0,48,No,0,5.0,450,4950.0,Jan,1,Q1,Saturday
OPS-102568,2025-05-18,Sales,Pune,Employee Query,Medium,Portal,HR Ops,Pending,13.0,24,No,1,4.2,320,4160.0,May,5,Q2,Sunday
OPS-101949,2025-01-02,Sales,Bengaluru,Employee Query,Critical,Email,HR Ops,Closed,9.0,4,Yes,1,4.2,400,3600.0,Jan,1,Q1,Thursday
OPS-104460,2025-05-03,IT,Chennai,Employee Query,Medium,Email,HR Ops,Closed,15.5,24,No,2,3.7,320,4960.0,May,5,Q2,Saturday
OPS-101358,2025-06-17,HR,Bengaluru,Employee Query,High,Portal,Vendor Management,Escalated,6.6,12,No,1,4.5,280,1848.0,Jun,6,Q2,Tuesday
OPS-100408,2025-11-22,Customer Support,Gurugram,Employee Query,High,Email,IT Support,Closed,2.0,12,No,2,4.2,350,700.0,Nov,11,Q4,Saturday
OPS-103339,2025-08-23,HR,Hyderabad,System Issue,Medium,Teams,Vendor Management,Closed,19.0,24,No,0,4.4,450,8550.0,Aug,8,Q3,Saturday
OPS-103725,2025-12-30,Sales,Bengaluru,,High,Portal,Finance Ops,Closed,9.4,12,No,1,3.7,320,3008.0,Dec,12,Q4,Tuesday
OPS-104506,2025-03-10,Customer Support,Chennai,Access Request,Medium,Teams,MIS,Closed,20.2,24,No,0,4.4,280,5656.0,Mar,3,Q1,Monday
OPS-102601,2025-01-11,Procurement,Noida,Report Request,Medium,Email,HR Ops,Closed,8.7,24,No,0,4.1,280,2436.0,Jan,1,Q1,Saturday
OPS-104889,2025-03-16,HR,Mumbai,System Issue,Low,Portal,,Closed,5.9,48,No,0,4.7,350,2065.0,Mar,3,Q1,Sunday
OPS-101931,2025-09-03,Procurement,Gurugram,Invoice Query,Medium,Teams,MIS,Closed,25.3,24,Yes,0,4.0,350,8855.0,Sep,9,Q3,Wednesday
OPS-104597,2025-12-20,Operations,Pune,Report Request,Low,Teams,IT Support,Escalated,19.7,48,No,2,4.3,320,6304.0,Dec,12,Q4,Saturday
OPS-103170,2025-09-12,Operations,Gurugram,Employee Query,Low,Email,Vendor Management,Closed,9.1,48,No,0,5.0,450,4095.0,Sep,9,Q3,Friday
OPS-101416,2025-02-08,Sales,Gurugram,Vendor Query,Medium,Email,Finance Ops,Closed,10.3,24,No,2,4.1,320,3296.0,Feb,2,Q1,Saturday
OPS-103412,2025-02-20,Customer Support,Mumbai,Invoice Query,Medium,Phone,IT Support,Closed,10.4,24,No,0,4.9,400,4160.0,Feb,2,Q1,Thursday
OPS-103181,2025-03-06,IT,Gurugram,Compliance Request,Medium,Email,MIS,Closed,8.2,24,No,1,4.5,320,2624.0,Mar,3,Q1,Thursday
OPS-103506,2025-08-24,HR,Bengaluru,Vendor Query,Low,Phone,MIS,Closed,23.1,48,No,1,3.9,320,7392.0,Aug,8,Q3,Sunday
OPS-101470,2025-08-11,Customer Support,Gurugram,Vendor Query,Low,Email,IT Support,Closed,16.9,48,No,0,4.9,280,4732.0,Aug,8,Q3,Monday
OPS-102820,2025-10-07,Operations,Gurugram,Employee Query,Low,Email,Finance Ops,Closed,2.4,48,No,0,4.8,450,1080.0,Oct,10,Q4,Tuesday
OPS-101625,2025-12-20,Procurement,Bengaluru,System Issue,Medium,Email,Finance Ops,Escalated,23.8,24,No,2,3.8,350,8330.0,Dec,12,Q4,Saturday
OPS-102689,2025-04-22,Finance,Chennai,Vendor Query,Low,Portal,MIS,Escalated,8.8,48,No,1,4.6,280,2464.0,Apr,4,Q2,Tuesday
OPS-101828,2025-03-18,IT,Noida,Access Request,Medium,Portal,HR Ops,Pending,3.7,24,No,1,4.7,400,1480.0,Mar,3,Q1,Tuesday
OPS-102742,2025-03-23,HR,Pune,Invoice Query,High,Email,IT Support,Closed,18.9,12,Yes,1,4.6,350,6615.0,Mar,3,Q1,Sunday
OPS-103562,2025-02-04,Procurement,Chennai,Report Request,Medium,Portal,MIS,Closed,12.5,24,No,2,4.7,280,3500.0,Feb,2,Q1,Tuesday
OPS-103662,2025-01-30,Sales,Pune,Invoice Query,Medium,Portal,HR Ops,Escalated,9.4,24,No,1,3.8,280,2632.0,Jan,1,Q1,Thursday
OPS-101271,2025-10-15,Operations,Chennai,System Issue,Low,Email,Finance Ops,Closed,26.0,48,No,0,4.4,350,9100.0,Oct,10,Q4,Wednesday
OPS-103430,2025-07-20,IT,Bengaluru,Invoice Query,High,Email,HR Ops,Closed,8.9,12,No,0,5.0,320,2848.0,Jul,7,Q3,Sunday
OPS-103044,2025-06-12,Finance,,Access Request,Medium,Teams,Finance Ops,Closed,3.9,24,No,3,3.9,320,1248.0,Jun,6,Q2,Thursday
OPS-100278,2025-02-23,Sales,Gurugram,Access Request,Medium,Teams,Finance Ops,Closed,7.5,24,No,0,4.5,350,2625.0,Feb,2,Q1,Sunday
OPS-101585,2025-03-09,Procurement,Hyderabad,Employee Query,High,Email,IT Support,Escalated,12.1,12,Yes,1,3.9,450,5445.0,Mar,3,Q1,Sunday
OPS-102361,2025-07-15,HR,Pune,System Issue,Medium,Email,MIS,Pending,18.1,24,No,1,3.9,320,5792.0,Jul,7,Q3,Tuesday
OPS-100137,2025-02-11,Customer Support,Noida,Access Request,Medium,Phone,IT Support,Pending,15.5,24,No,1,4.1,450,6975.0,Feb,2,Q1,Tuesday
OPS-102383,2025-01-14,IT,Noida,Compliance Request,Medium,Email,HR Ops,Closed,11.7,24,No,2,4.4,350,4095.0,Jan,1,Q1,Tuesday
OPS-104560,2025-03-26,IT,Gurugram,Access Request,Low,Email,Finance Ops,Closed,4.3,48,No,1,5.0,450,1935.0,Mar,3,Q1,Wednesday
OPS-102260,2025-01-19,HR,Noida,Data Correction,Low,Teams,IT Support,Closed,10.4,48,No,1,4.7,280,2912.0,Jan,1,Q1,Sunday
OPS-103239,2025-07-08,Sales,Bengaluru,Report Request,Medium,Email,HR Ops,Closed,9.4,24,No,0,5.0,400,3760.0,Jul,7,Q3,Tuesday
OPS-100340,2025-12-15,Procurement,Mumbai,Employee Query,Low,Portal,IT Support,Pending,44.9,48,No,0,3.6,350,15715.0,Dec,12,Q4,Monday
OPS-102876,2025-11-10,Sales,Hyderabad,Vendor Query,Low,Email,MIS,Pending,9.0,48,No,1,4.7,450,4050.0,Nov,11,Q4,Monday
OPS-103316,2025-04-15,Procurement,Mumbai,Vendor Query,Low,Email,Vendor Management,Closed,7.2,48,No,0,4.1,450,3240.0,Apr,4,Q2,Tuesday
OPS-102049,2025-06-06,Procurement,Gurugram,Invoice Query,Critical,Portal,Finance Ops,Escalated,14.0,4,Yes,1,4.4,400,5600.0,Jun,6,Q2,Friday
OPS-103669,2025-04-29,Customer Support,Pune,Employee Query,Medium,Portal,HR Ops,Closed,15.2,24,No,0,5.0,450,6840.0,Apr,4,Q2,Tuesday
OPS-103964,2025-12-24,Procurement,Gurugram,Employee Query,Low,Email,MIS,Closed,1.9,48,No,0,4.8,320,608.0,Dec,12,Q4,Wednesday
OPS-104434,2025-11-15,Procurement,Hyderabad,Invoice Query,Critical,Portal,IT Support,Pending,6.6,4,Yes,1,4.6,320,2112.0,Nov,11,Q4,Saturday
OPS-104854,2025-03-09,HR,Hyderabad,Access Request,Medium,Portal,Vendor Management,Escalated,24.5,24,Yes,2,3.5,320,7840.0,Mar,3,Q1,Sunday
OPS-103784,2025-02-18,Finance,Pune,Report Request,Low,Portal,IT Support,Pending,19.8,48,No,3,4.1,350,6930.0,Feb,2,Q1,Tuesday
OPS-100792,2025-11-02,IT,Pune,Compliance Request,Low,Portal,Finance Ops,Closed,20.5,48,No,0,4.5,450,9225.0,Nov,11,Q4,Sunday
OPS-101846,2025-03-14,Finance,Mumbai,Access Request,High,Email,MIS,Closed,5.6,12,No,1,4.2,350,1960.0,Mar,3,Q1,Friday
OPS-104940,2025-05-08,HR,Bengaluru,Access Request,Low,Email,IT Support,Closed,2.9,48,No,0,5.0,450,1305.0,May,5,Q2,Thursday
OPS-101908,2025-08-01,Customer Support,Gurugram,Data Correction,High,Portal,IT Support,Closed,15.2,12,Yes,1,4.5,400,6080.0,Aug,8,Q3,Friday
OPS-101791,2025-03-05,HR,Hyderabad,Vendor Query,Low,Email,IT Support,Escalated,12.6,48,No,2,4.1,320,4032.0,Mar,3,Q1,Wednesday
OPS-101345,2025-01-17,Operations,Mumbai,Invoice Query,Medium,Email,Vendor Management,Closed,27.7,24,Yes,0,4.2,450,12465.0,Jan,1,Q1,Friday
OPS-101806,2025-04-12,IT,Chennai,Data Correction,Low,Email,IT Support,Closed,4.5,48,No,0,5.0,280,1260.0,Apr,4,Q2,Saturday
OPS-101817,2025-03-27,HR,Noida,Compliance Request,Medium,Portal,HR Ops,Closed,13.1,24,No,1,4.2,350,4585.0,Mar,3,Q1,Thursday
OPS-100825,2025-05-31,Sales,Chennai,Employee Query,Low,Portal,MIS,Closed,2.5,48,No,1,5.0,350,875.0,May,5,Q2,Saturday
OPS-100991,2025-02-16,Customer Support,Mumbai,Vendor Query,High,Email,Finance Ops,Closed,16.4,12,Yes,0,4.5,320,5248.0,Feb,2,Q1,Sunday
OPS-100818,2025-07-24,Operations,Hyderabad,Report Request,Medium,Teams,Finance Ops,Closed,6.5,24,No,1,4.6,400,2600.0,Jul,7,Q3,Thursday
OPS-101575,2025-03-03,HR,Mumbai,Data Correction,Medium,Email,Vendor Management,Closed,8.6,24,No,0,4.9,320,2752.0,Mar,3,Q1,Monday
OPS-101018,2025-02-07,Finance,Noida,Invoice Query,Low,Teams,HR Ops,Closed,11.3,48,No,0,4.8,400,4520.0,Feb,2,Q1,Friday
OPS-104063,2025-08-25,IT,Hyderabad,Employee Query,Critical,Portal,HR Ops,Closed,3.0,4,No,1,5.0,350,1050.0,Aug,8,Q3,Monday
OPS-102456,2025-12-25,Finance,Chennai,Compliance Request,Low,Portal,IT Support,Closed,8.4,48,No,0,4.2,280,2352.0,Dec,12,Q4,Thursday
OPS-100978,2025-01-26,HR,Pune,System Issue,Low,Teams,Finance Ops,Closed,15.3,48,No,1,4.4,350,5355.0,Jan,1,Q1,Sunday
OPS-100341,2025-10-29,HR,Hyderabad,Compliance Request,High,Portal,HR Ops,Pending,1.9,12,No,0,4.6,280,532.0,Oct,10,Q4,Wednesday
OPS-100332,2025-08-08,Procurement,Gurugram,Access Request,Medium,Email,Finance Ops,Closed,23.0,24,No,0,3.9,350,8050.0,Aug,8,Q3,Friday
OPS-104932,2025-12-30,Customer Support,Bengaluru,Invoice Query,Medium,Email,Finance Ops,Closed,18.0,24,No,0,4.2,350,6300.0,Dec,12,Q4,Tuesday
OPS-102216,2025-10-20,Sales,Gurugram,Data Correction,Medium,Email,MIS,Closed,3.1,24,No,0,5.0,450,1395.0,Oct,10,Q4,Monday
OPS-102902,2025-06-26,Customer Support,Noida,Employee Query,Medium,Phone,Finance Ops,Closed,5.2,24,No,1,4.8,450,2340.0,Jun,6,Q2,Thursday
OPS-100297,2025-06-18,Sales,Noida,Access Request,Medium,Email,Vendor Management,Closed,7.8,24,No,0,4.1,350,2730.0,Jun,6,Q2,Wednesday
OPS-101214,2025-11-23,IT,Chennai,System Issue,Medium,Email,Finance Ops,Closed,5.6,24,No,0,5.0,450,2520.0,Nov,11,Q4,Sunday
OPS-104686,2025-11-19,Procurement,Chennai,Vendor Query,Medium,Teams,Finance Ops,Closed,4.8,24,No,0,5.0,320,1536.0,Nov,11,Q4,Wednesday
OPS-100320,2025-10-13,Customer Support,Pune,Report Request,Low,Phone,Finance Ops,Closed,6.1,48,No,0,4.5,400,2440.0,Oct,10,Q4,Monday
OPS-104747,2025-11-09,Sales,Chennai,,Medium,Portal,IT Support,Escalated,15.6,24,No,3,4.0,400,6240.0,Nov,11,Q4,Sunday
OPS-100831,2025-07-03,Operations,Gurugram,System Issue,Low,Email,HR Ops,Closed,2.9,48,No,1,4.3,400,1160.0,Jul,7,Q3,Thursday
OPS-100663,2025-05-29,IT,Bengaluru,Report Request,Medium,Email,Vendor Management,Closed,0.4,24,No,0,5.0,350,140.0,May,5,Q2,Thursday
OPS-104272,2025-02-26,IT,Pune,Report Request,Low,Portal,MIS,Closed,4.0,48,No,0,5.0,320,1280.0,Feb,2,Q1,Wednesday
OPS-102615,2025-06-23,Procurement,Pune,Data Correction,Low,Email,IT Support,Escalated,34.0,48,No,2,3.8,350,11900.0,Jun,6,Q2,Monday
OPS-104290,2025-08-03,Sales,Mumbai,Vendor Query,High,Teams,HR Ops,Closed,6.2,12,No,1,3.9,280,1736.0,Aug,8,Q3,Sunday
OPS-103021,2025-07-15,Customer Support,Hyderabad,Access Request,Critical,Email,HR Ops,Closed,4.0,4,No,0,5.0,400,1600.0,Jul,7,Q3,Tuesday
OPS-100536,2025-03-16,Operations,Bengaluru,Vendor Query,Medium,Portal,Vendor Management,Closed,31.5,24,Yes,2,3.9,350,11025.0,Mar,3,Q1,Sunday
OPS-102822,2025-04-10,Finance,Pune,Invoice Query,Low,Email,Finance Ops,Closed,13.9,48,No,0,4.4,400,5560.0,Apr,4,Q2,Thursday
OPS-101588,2025-09-24,IT,Chennai,System Issue,Medium,Portal,Vendor Management,Escalated,41.8,24,Yes,1,3.2,280,11704.0,Sep,9,Q3,Wednesday
OPS-100333,2025-06-07,IT,Pune,System Issue,Medium,Teams,Vendor Management,Pending,5.7,24,No,1,5.0,280,1596.0,Jun,6,Q2,Saturday
OPS-104008,2025-04-01,IT,Chennai,System Issue,Medium,Portal,IT Support,Closed,12.5,24,No,0,4.8,320,4000.0,Apr,4,Q2,Tuesday
OPS-101264,2025-04-07,Sales,Hyderabad,Access Request,Medium,Email,Finance Ops,Closed,13.8,24,No,1,4.7,320,4416.0,Apr,4,Q2,Monday
OPS-104803,2025-06-25,IT,Mumbai,Vendor Query,High,Email,MIS,Closed,36.9,12,Yes,0,3.5,350,12915.0,Jun,6,Q2,Wednesday
OPS-101655,2025-11-10,Finance,Pune,Report Request,Medium,Portal,IT Support,Closed,2.6,24,No,1,5.0,350,910.0,Nov,11,Q4,Monday
OPS-103569,2025-01-19,Customer Support,Bengaluru,Vendor Query,Medium,Email,HR Ops,Closed,7.4,24,No,0,4.4,450,3330.0,Jan,1,Q1,Sunday
OPS-103460,2025-05-05,HR,Bengaluru,Compliance Request,Low,Portal,HR Ops,Closed,27.9,48,No,1,3.4,400,11160.0,May,5,Q2,Monday
OPS-104766,2025-03-03,Operations,Mumbai,Compliance Request,Medium,,HR Ops,Escalated,7.1,24,No,1,4.7,400,2840.0,Mar,3,Q1,Monday
OPS-103791,2025-02-22,Operations,Hyderabad,Vendor Query,Low,Email,IT Support,Closed,5.0,48,No,0,4.5,320,1600.0,Feb,2,Q1,Saturday
OPS-102569,2025-02-07,IT,Noida,System Issue,Medium,Phone,HR Ops,Closed,18.0,24,No,0,5.0,280,5040.0,Feb,2,Q1,Friday
OPS-100561,2025-09-30,IT,Pune,Report Request,Critical,Email,Finance Ops,Closed,27.2,4,Yes,0,4.4,280,7616.0,Sep,9,Q3,Tuesday
OPS-103478,2025-01-05,Operations,Gurugram,Employee Query,Medium,Phone,HR Ops,Closed,0.8,24,No,1,4.4,320,256.0,Jan,1,Q1,Sunday
OPS-104356,2025-03-06,Customer Support,Hyderabad,System Issue,Medium,Email,HR Ops,Closed,12.3,24,No,2,4.2,350,4305.0,Mar,3,Q1,Thursday
OPS-100961,2025-02-09,Sales,Pune,Employee Query,Medium,Email,IT Support,Closed,8.5,24,No,0,4.2,280,2380.0,Feb,2,Q1,Sunday
OPS-101161,2025-12-12,HR,Gurugram,Employee Query,Low,Email,MIS,Pending,5.9,48,No,0,4.6,450,2655.0,Dec,12,Q4,Friday
OPS-103609,2025-03-02,HR,Gurugram,Compliance Request,Low,,IT Support,Closed,14.0,48,No,0,4.6,280,3920.0,Mar,3,Q1,Sunday
OPS-101776,2025-01-15,Finance,Pune,Access Request,Low,Portal,HR Ops,Closed,8.9,48,No,0,4.4,450,4005.0,Jan,1,Q1,Wednesday
OPS-104009,2025-10-05,Procurement,Noida,System Issue,Medium,Phone,Finance Ops,Closed,6.2,24,No,2,4.6,350,2170.0,Oct,10,Q4,Sunday
OPS-101442,2025-08-03,Finance,Noida,Invoice Query,Low,Portal,HR Ops,Closed,7.9,48,No,0,4.9,450,3555.0,Aug,8,Q3,Sunday
OPS-103399,2025-01-31,Finance,Hyderabad,Data Correction,High,Portal,MIS,Closed,6.2,12,No,0,4.5,400,2480.0,Jan,1,Q1,Friday
OPS-103960,2025-03-30,Procurement,Mumbai,Compliance Request,Medium,Portal,IT Support,Closed,10.1,24,No,0,4.4,450,4545.0,Mar,3,Q1,Sunday
OPS-101332,2025-04-19,IT,Noida,Compliance Request,Critical,Email,Vendor Management,Closed,4.0,4,No,1,5.0,450,1800.0,Apr,4,Q2,Saturday
OPS-103151,2025-03-09,Customer Support,Chennai,Report Request,Low,Teams,IT Support,Escalated,14.4,48,No,1,4.2,400,5760.0,Mar,3,Q1,Sunday
OPS-100017,2025-05-30,Procurement,Pune,Vendor Query,Low,Portal,MIS,Closed,9.2,48,No,1,4.8,350,3220.0,May,5,Q2,Friday
OPS-103787,2025-05-18,Finance,Pune,Report Request,High,Email,IT Support,Closed,11.9,12,No,1,4.0,350,4165.0,May,5,Q2,Sunday
OPS-101132,2025-12-12,IT,Bengaluru,Invoice Query,Medium,Email,HR Ops,Escalated,8.0,24,No,2,4.5,400,3200.0,Dec,12,Q4,Friday
OPS-104785,2025-12-23,Procurement,Mumbai,Access Request,High,Portal,HR Ops,Pending,15.1,12,Yes,0,4.2,350,5285.0,Dec,12,Q4,Tuesday
OPS-103030,2025-03-01,Sales,Gurugram,Access Request,Medium,Email,MIS,Closed,2.3,24,No,0,4.6,320,736.0,Mar,3,Q1,Saturday
OPS-100658,2025-06-22,Finance,Gurugram,Vendor Query,Medium,Email,MIS,Closed,12.1,24,No,0,3.9,320,3872.0,Jun,6,Q2,Sunday
OPS-101656,2025-09-06,IT,Bengaluru,System Issue,Medium,Email,Vendor Management,Closed,10.8,24,No,3,3.7,450,4860.0,Sep,9,Q3,Saturday
OPS-100156,2025-08-31,IT,Noida,Report Request,Medium,Email,Vendor Management,Closed,6.9,24,No,2,4.8,280,1932.0,Aug,8,Q3,Sunday
OPS-104203,2025-12-06,Sales,Pune,Data Correction,Low,Portal,IT Support,Closed,5.8,48,No,0,4.9,320,1856.0,Dec,12,Q4,Saturday
OPS-100393,2025-08-03,HR,Hyderabad,System Issue,Low,Email,Finance Ops,Closed,6.3,48,No,0,5.0,350,2205.0,Aug,8,Q3,Sunday
OPS-101696,2025-08-30,HR,Pune,Invoice Query,Medium,Email,HR Ops,Escalated,50.3,24,Yes,2,3.3,350,17605.0,Aug,8,Q3,Saturday
OPS-101296,2025-04-29,Operations,Hyderabad,Report Request,Medium,Email,HR Ops,Escalated,6.5,24,No,2,4.2,350,2275.0,Apr,4,Q2,Tuesday
OPS-102748,2025-07-30,IT,Hyderabad,Compliance Request,Low,Portal,MIS,Closed,4.4,48,No,0,5.0,400,1760.0,Jul,7,Q3,Wednesday
OPS-101881,2025-12-22,Procurement,Mumbai,Vendor Query,Medium,Email,Vendor Management,Pending,12.3,24,No,0,5.0,320,3936.0,Dec,12,Q4,Monday
OPS-101428,2025-11-01,Finance,Chennai,Employee Query,High,Email,IT Support,Closed,8.6,12,No,0,4.6,280,2408.0,Nov,11,Q4,Saturday
OPS-101590,2025-11-19,Finance,Pune,Compliance Request,Low,Email,Finance Ops,Closed,17.3,48,No,1,3.8,450,7785.0,Nov,11,Q4,Wednesday
OPS-102523,2025-01-29,IT,Gurugram,Employee Query,High,Email,MIS,Closed,27.3,12,Yes,0,3.9,450,12285.0,Jan,1,Q1,Wednesday
OPS-104671,2025-08-08,Procurement,Bengaluru,Data Correction,Medium,Portal,HR Ops,Closed,12.5,24,No,0,4.8,280,3500.0,Aug,8,Q3,Friday
OPS-101016,2025-09-30,IT,Hyderabad,Data Correction,Low,Teams,HR Ops,Escalated,15.6,48,No,2,4.2,450,7020.0,Sep,9,Q3,Tuesday
OPS-102770,2025-10-30,Customer Support,Chennai,Report Request,Low,Email,IT Support,Escalated,23.0,48,No,2,3.5,450,10350.0,Oct,10,Q4,Thursday
OPS-104797,2025-03-20,Operations,Noida,Vendor Query,Medium,Email,Finance Ops,Closed,11.9,24,No,0,4.9,320,3808.0,Mar,3,Q1,Thursday
OPS-100181,2025-12-25,Sales,Pune,Employee Query,Medium,Portal,MIS,Closed,7.5,24,No,0,5.0,320,2400.0,Dec,12,Q4,Thursday
OPS-102269,2025-08-20,Operations,Gurugram,Data Correction,Medium,Portal,Finance Ops,Closed,7.9,24,No,0,4.9,280,2212.0,Aug,8,Q3,Wednesday
OPS-102762,2025-04-23,Operations,Pune,Report Request,High,Email,IT Support,Pending,11.5,12,No,2,4.4,450,5175.0,Apr,4,Q2,Wednesday
OPS-101632,2025-05-27,Operations,,Access Request,High,Phone,Vendor Management,Pending,11.4,12,No,0,4.9,450,5130.0,May,5,Q2,Tuesday
OPS-103054,2025-05-30,HR,Noida,System Issue,Medium,Portal,Finance Ops,Closed,7.9,24,No,0,4.0,400,3160.0,May,5,Q2,Friday
OPS-104220,2025-12-18,Sales,Chennai,Compliance Request,Low,Phone,HR Ops,Closed,9.7,48,No,0,4.8,350,3395.0,Dec,12,Q4,Thursday
OPS-101293,2025-01-11,Finance,Chennai,Invoice Query,Low,Teams,MIS,Closed,16.8,48,No,0,4.4,400,6720.0,Jan,1,Q1,Saturday
OPS-102946,2025-06-17,IT,Hyderabad,Invoice Query,High,Phone,IT Support,Closed,12.6,12,Yes,0,4.3,400,5040.0,Jun,6,Q2,Tuesday
OPS-103833,2025-08-12,Finance,Hyderabad,Vendor Query,Medium,Email,MIS,Escalated,16.0,24,No,2,3.9,280,4480.0,Aug,8,Q3,Tuesday
OPS-104986,2025-08-04,IT,Pune,Employee Query,Low,Phone,Vendor Management,Closed,1.3,48,No,1,4.3,350,455.0,Aug,8,Q3,Monday
OPS-102607,2025-11-11,Procurement,Noida,Access Request,Medium,Phone,HR Ops,Escalated,11.0,24,No,2,5.0,450,4950.0,Nov,11,Q4,Tuesday
OPS-100555,2025-01-13,Operations,Pune,Vendor Query,High,Email,HR Ops,Closed,22.2,12,Yes,0,4.7,450,9990.0,Jan,1,Q1,Monday
OPS-100401,2025-05-30,HR,Mumbai,Employee Query,Medium,Email,IT Support,Closed,14.7,24,No,1,4.3,350,5145.0,May,5,Q2,Friday
OPS-102790,2025-05-18,HR,Bengaluru,Vendor Query,Medium,Portal,Finance Ops,Closed,10.8,24,No,0,5.0,320,3456.0,May,5,Q2,Sunday
OPS-103820,2025-06-24,Operations,Chennai,Compliance Request,High,Email,IT Support,Closed,11.7,12,No,0,4.6,450,5265.0,Jun,6,Q2,Tuesday
OPS-101854,2025-12-14,Sales,Mumbai,Data Correction,Low,Teams,Finance Ops,Closed,27.9,48,No,1,3.7,280,7812.0,Dec,12,Q4,Sunday
OPS-104128,2025-04-13,IT,Gurugram,Vendor Query,Medium,Email,Vendor Management,Closed,10.8,24,No,0,4.9,400,4320.0,Apr,4,Q2,Sunday
OPS-103842,2025-01-16,Sales,Mumbai,System Issue,Medium,Email,Vendor Management,Closed,5.3,24,No,0,5.0,320,1696.0,Jan,1,Q1,Thursday
OPS-103785,2025-04-28,HR,Hyderabad,Report Request,Critical,Email,HR Ops,Closed,9.1,4,Yes,1,4.7,450,4095.0,Apr,4,Q2,Monday
OPS-100993,2025-03-31,IT,Bengaluru,System Issue,Medium,Portal,Finance Ops,Pending,20.0,24,No,1,4.5,320,6400.0,Mar,3,Q1,Monday
OPS-102618,2025-02-01,Finance,Hyderabad,Data Correction,Medium,Portal,MIS,Closed,9.6,24,No,0,4.6,320,3072.0,Feb,2,Q1,Saturday
OPS-104985,2025-12-24,Customer Support,Bengaluru,Invoice Query,Medium,Email,HR Ops,Pending,4.4,24,No,1,4.9,400,1760.0,Dec,12,Q4,Wednesday
OPS-104657,2025-08-20,Procurement,Noida,Data Correction,Medium,Phone,IT Support,Closed,6.6,24,No,0,4.6,320,2112.0,Aug,8,Q3,Wednesday
OPS-100171,2025-05-08,Finance,Noida,Vendor Query,Low,Email,Vendor Management,Closed,21.5,48,No,2,3.9,450,9675.0,May,5,Q2,Thursday
OPS-100687,2025-06-05,Procurement,Pune,Invoice Query,Low,Portal,IT Support,Closed,9.8,48,No,0,5.0,350,3430.0,Jun,6,Q2,Thursday
OPS-103299,2025-12-04,Customer Support,Chennai,Compliance Request,Low,,Finance Ops,Closed,18.7,48,No,0,4.5,280,5236.0,Dec,12,Q4,Thursday
OPS-103230,2025-08-29,Operations,Chennai,Compliance Request,Low,Email,Finance Ops,Closed,25.3,48,No,0,4.3,280,7084.0,Aug,8,Q3,Friday
OPS-100061,2025-03-22,Customer Support,Bengaluru,Compliance Request,Medium,Portal,IT Support,Closed,3.2,24,No,1,5.0,320,1024.0,Mar,3,Q1,Saturday
OPS-104531,2025-11-10,Finance,Gurugram,Vendor Query,Medium,Email,Vendor Management,Escalated,15.8,24,No,2,3.8,350,5530.0,Nov,11,Q4,Monday
OPS-103945,2025-06-05,Sales,Gurugram,Compliance Request,Medium,Email,IT Support,Closed,1.7,24,No,2,4.3,280,476.0,Jun,6,Q2,Thursday
OPS-103809,2025-01-29,Operations,Mumbai,Vendor Query,High,Phone,MIS,Closed,30.3,12,Yes,1,4.1,320,9696.0,Jan,1,Q1,Wednesday
OPS-104116,2025-06-30,IT,Noida,Report Request,High,Email,Finance Ops,Closed,9.7,12,No,0,5.0,280,2716.0,Jun,6,Q2,Monday
OPS-102315,2025-04-16,Finance,Hyderabad,Access Request,Low,Email,HR Ops,Closed,26.2,48,No,1,4.1,350,9170.0,Apr,4,Q2,Wednesday
OPS-100720,2025-12-31,Procurement,Mumbai,Employee Query,Medium,Email,HR Ops,Escalated,6.3,24,No,2,4.3,320,2016.0,Dec,12,Q4,Wednesday
OPS-102455,2025-04-11,Operations,Pune,System Issue,Medium,Email,MIS,Closed,3.4,24,No,0,5.0,400,1360.0,Apr,4,Q2,Friday
OPS-102707,2025-04-11,Operations,Noida,Invoice Query,Medium,Teams,Finance Ops,Pending,4.2,24,No,0,5.0,280,1176.0,Apr,4,Q2,Friday
OPS-103447,2025-02-11,HR,Hyderabad,System Issue,Low,Portal,Finance Ops,Closed,12.8,48,No,0,4.2,320,4096.0,Feb,2,Q1,Tuesday
OPS-100526,2025-12-03,HR,Mumbai,Report Request,Medium,Email,Vendor Management,Closed,9.1,24,No,0,4.9,320,2912.0,Dec,12,Q4,Wednesday
OPS-100670,2025-08-15,Customer Support,Pune,Report Request,Medium,Portal,IT Support,Closed,4.7,24,No,1,4.5,350,1645.0,Aug,8,Q3,Friday
OPS-101109,2025-02-16,Sales,Noida,Data Correction,Low,Teams,IT Support,Closed,5.2,48,No,3,4.1,350,1820.0,Feb,2,Q1,Sunday
OPS-103549,2025-12-15,IT,Mumbai,Employee Query,High,Email,,Escalated,5.8,12,No,1,4.7,350,2030.0,Dec,12,Q4,Monday
OPS-100999,2025-12-22,HR,Bengaluru,Employee Query,Medium,Email,Finance Ops,Closed,22.8,24,No,0,4.4,400,9120.0,Dec,12,Q4,Monday
OPS-104305,2025-06-06,Customer Support,Gurugram,Report Request,Medium,Email,HR Ops,Closed,12.1,24,No,0,4.1,450,5445.0,Jun,6,Q2,Friday
OPS-103374,2025-11-09,IT,Hyderabad,Vendor Query,Low,Teams,Vendor Management,Pending,11.8,48,No,0,4.2,400,4720.0,Nov,11,Q4,Sunday
OPS-104866,2025-05-19,Sales,Mumbai,Access Request,High,Portal,MIS,Closed,4.9,12,No,0,4.0,320,1568.0,May,5,Q2,Monday
OPS-100054,2025-12-12,Sales,Gurugram,Employee Query,Medium,Email,Finance Ops,Closed,6.1,24,No,0,5.0,350,2135.0,Dec,12,Q4,Friday
OPS-103423,2025-05-04,Customer Support,Mumbai,Access Request,Low,Email,IT Support,Closed,10.3,48,No,1,4.2,350,3605.0,May,5,Q2,Sunday
OPS-104628,2025-09-08,IT,Hyderabad,,Low,Email,HR Ops,Closed,7.8,48,No,0,4.7,280,2184.0,Sep,9,Q3,Monday
OPS-102243,2025-03-19,Sales,Gurugram,Report Request,High,Email,Vendor Management,Closed,3.2,12,No,1,5.0,450,1440.0,Mar,3,Q1,Wednesday
OPS-101825,2025-08-13,Customer Support,Chennai,System Issue,High,Teams,IT Support,Closed,10.4,12,No,2,4.3,350,3640.0,Aug,8,Q3,Wednesday
OPS-104084,2025-12-28,Customer Support,Mumbai,Vendor Query,Medium,Email,Finance Ops,Closed,11.2,24,No,0,4.7,280,3136.0,Dec,12,Q4,Sunday
OPS-103537,2025-11-24,Sales,Pune,Access Request,Medium,Email,Finance Ops,Closed,10.4,24,No,0,4.7,400,4160.0,Nov,11,Q4,Monday
OPS-104467,2025-02-06,Procurement,Hyderabad,Invoice Query,Medium,Portal,IT Support,Closed,10.2,24,No,0,4.1,350,3570.0,Feb,2,Q1,Thursday
OPS-100206,2025-04-23,Procurement,Hyderabad,Access Request,Low,Portal,IT Support,Closed,3.4,48,No,1,4.3,280,952.0,Apr,4,Q2,Wednesday
OPS-104691,2025-11-16,HR,Chennai,Compliance Request,Medium,Phone,MIS,Closed,15.1,24,No,2,3.5,280,4228.0,Nov,11,Q4,Sunday
OPS-101832,2025-07-13,HR,Bengaluru,Invoice Query,Medium,Portal,HR Ops,Escalated,10.0,24,No,1,5.0,350,3500.0,Jul,7,Q3,Sunday
OPS-102337,2025-10-13,Procurement,Chennai,Access Request,Medium,Email,IT Support,Pending,13.3,24,No,1,4.6,320,4256.0,Oct,10,Q4,Monday
OPS-104189,2025-09-28,HR,Mumbai,Data Correction,Low,Portal,Finance Ops,Closed,10.6,48,No,1,4.0,350,3710.0,Sep,9,Q3,Sunday
OPS-103103,2025-02-07,Customer Support,Chennai,,Low,Email,HR Ops,Closed,26.9,48,No,0,4.7,350,9415.0,Feb,2,Q1,Friday
OPS-101193,2025-07-17,Sales,Chennai,Vendor Query,Medium,Teams,HR Ops,Closed,6.9,24,No,1,4.9,350,2415.0,Jul,7,Q3,Thursday
OPS-102199,2025-04-28,HR,Mumbai,Invoice Query,Low,Email,Vendor Management,Closed,18.5,48,No,0,4.5,450,8325.0,Apr,4,Q2,Monday
OPS-103162,2025-01-16,Sales,Chennai,System Issue,Low,Email,Vendor Management,Closed,9.2,48,No,2,4.1,450,4140.0,Jan,1,Q1,Thursday
OPS-102880,2025-05-11,HR,Hyderabad,Access Request,Medium,Portal,Finance Ops,Closed,10.4,24,No,1,5.0,400,4160.0,May,5,Q2,Sunday
OPS-103920,2025-10-04,Operations,Pune,System Issue,Medium,Email,IT Support,Closed,21.3,24,No,0,4.5,400,8520.0,Oct,10,Q4,Saturday
OPS-104402,2025-02-12,HR,Chennai,Compliance Request,High,Email,IT Support,Closed,9.6,12,No,0,5.0,320,3072.0,Feb,2,Q1,Wednesday
OPS-104639,2025-04-30,Procurement,Bengaluru,System Issue,Low,Portal,HR Ops,Closed,6.8,48,No,0,4.7,320,2176.0,Apr,4,Q2,Wednesday
OPS-101889,2025-10-27,Procurement,Mumbai,Access Request,High,Email,HR Ops,Closed,8.8,12,No,0,4.8,400,3520.0,Oct,10,Q4,Monday
OPS-103026,2025-07-08,Finance,Hyderabad,System Issue,Low,Phone,IT Support,Closed,15.6,48,No,2,4.2,450,7020.0,Jul,7,Q3,Tuesday
OPS-102991,2025-04-11,Customer Support,Hyderabad,Employee Query,Low,Email,Vendor Management,Escalated,11.2,48,No,2,4.4,320,3584.0,Apr,4,Q2,Friday
OPS-104634,2025-05-24,Finance,Noida,Data Correction,High,Email,Finance Ops,Closed,10.3,12,No,2,4.9,350,3605.0,May,5,Q2,Saturday
OPS-101336,2025-03-16,HR,Mumbai,System Issue,Low,Email,IT Support,Closed,34.3,48,No,2,3.2,400,13720.0,Mar,3,Q1,Sunday
OPS-103903,2025-06-08,Customer Support,Gurugram,Vendor Query,Medium,Email,MIS,Closed,10.0,24,No,1,4.5,350,3500.0,Jun,6,Q2,Sunday
OPS-104250,2025-01-02,Finance,Gurugram,Report Request,High,Email,HR Ops,Closed,17.4,12,Yes,2,4.0,400,6960.0,Jan,1,Q1,Thursday
OPS-104110,2025-04-26,IT,,Access Request,Medium,Email,MIS,Closed,13.4,24,No,1,4.5,280,3752.0,Apr,4,Q2,Saturday
OPS-101276,2025-08-11,HR,Mumbai,Vendor Query,Medium,Email,IT Support,Closed,8.1,24,No,1,4.5,280,2268.0,Aug,8,Q3,Monday
OPS-100739,2025-04-15,Sales,Mumbai,Data Correction,Low,Portal,MIS,Closed,11.8,48,No,0,4.9,450,5310.0,Apr,4,Q2,Tuesday
OPS-104706,2025-12-14,Finance,Bengaluru,Access Request,High,Email,IT Support,Closed,12.0,12,No,0,4.4,400,4800.0,Dec,12,Q4,Sunday
OPS-104512,2025-08-22,Customer Support,Gurugram,Access Request,Low,Phone,MIS,Closed,4.6,48,No,0,4.7,350,1610.0,Aug,8,Q3,Friday
OPS-100992,2025-01-01,Operations,Pune,Compliance Request,Medium,Portal,Finance Ops,Closed,3.3,24,No,0,4.6,400,1320.0,Jan,1,Q1,Wednesday
OPS-102051,2025-12-24,IT,Hyderabad,System Issue,Medium,Email,Finance Ops,Pending,2.9,24,No,0,4.5,450,1305.0,Dec,12,Q4,Wednesday
OPS-103022,2025-10-08,Operations,Pune,System Issue,Medium,Email,MIS,Closed,6.9,24,No,0,4.7,350,2415.0,Oct,10,Q4,Wednesday
OPS-101177,2025-09-01,HR,Gurugram,Employee Query,Medium,Email,Vendor Management,Escalated,11.4,24,No,1,4.1,400,4560.0,Sep,9,Q3,Monday
OPS-102908,2025-11-26,HR,Chennai,Invoice Query,Low,Email,Finance Ops,Escalated,28.7,48,No,3,3.1,350,10045.0,Nov,11,Q4,Wednesday
OPS-100048,2025-10-01,HR,Gurugram,Compliance Request,Medium,Email,Finance Ops,Closed,5.7,24,No,0,4.8,280,1596.0,Oct,10,Q4,Wednesday
OPS-100606,2025-01-07,HR,Chennai,System Issue,High,Portal,Vendor Management,Closed,12.4,12,Yes,0,4.8,350,4340.0,Jan,1,Q1,Tuesday
OPS-103163,2025-03-03,Sales,Gurugram,Access Request,Medium,Email,Finance Ops,Closed,8.9,24,No,2,4.7,450,4005.0,Mar,3,Q1,Monday
OPS-103084,2025-08-15,IT,Hyderabad,System Issue,High,Email,Finance Ops,Closed,6.2,12,No,0,5.0,350,2170.0,Aug,8,Q3,Friday
OPS-104700,2025-04-06,IT,Chennai,Invoice Query,Low,Teams,Finance Ops,Pending,18.4,48,No,0,4.1,450,8280.0,Apr,4,Q2,Sunday
OPS-100673,2025-02-16,HR,Pune,Compliance Request,High,Email,HR Ops,Closed,15.3,12,Yes,0,4.0,450,6885.0,Feb,2,Q1,Sunday
OPS-100488,2025-04-10,Sales,Gurugram,Compliance Request,Low,Teams,Finance Ops,Escalated,14.8,48,No,3,4.0,400,5920.0,Apr,4,Q2,Thursday
OPS-102878,2025-03-23,HR,Mumbai,System Issue,Medium,Teams,Vendor Management,Escalated,54.1,24,Yes,2,2.5,320,17312.0,Mar,3,Q1,Sunday
OPS-102869,2025-05-28,Finance,Noida,Compliance Request,High,Phone,Vendor Management,Closed,14.2,12,Yes,0,4.5,350,4970.0,May,5,Q2,Wednesday
OPS-100300,2025-10-16,IT,Chennai,System Issue,Low,Email,Finance Ops,Closed,6.5,48,No,1,5.0,280,1820.0,Oct,10,Q4,Thursday
OPS-103881,2025-02-28,Procurement,Gurugram,Compliance Request,Medium,Phone,HR Ops,Closed,14.3,24,No,1,4.6,280,4004.0,Feb,2,Q1,Friday
OPS-103091,2025-09-09,Finance,Noida,Employee Query,Medium,Email,Finance Ops,Closed,7.9,24,No,0,4.4,350,2765.0,Sep,9,Q3,Tuesday
OPS-102912,2025-01-22,Customer Support,Noida,Report Request,Low,Email,MIS,Closed,22.4,48,No,1,4.2,280,6272.0,Jan,1,Q1,Wednesday
OPS-103511,2025-09-07,Sales,Chennai,Data Correction,Critical,Portal,Finance Ops,Closed,5.3,4,Yes,1,3.9,400,2120.0,Sep,9,Q3,Sunday
OPS-103263,2025-10-04,Operations,Noida,Data Correction,Low,Portal,Vendor Management,Closed,2.8,48,No,0,5.0,320,896.0,Oct,10,Q4,Saturday
OPS-101930,2025-07-05,IT,Noida,Employee Query,Medium,Email,Vendor Management,Closed,1.6,24,No,1,4.7,400,640.0,Jul,7,Q3,Saturday
OPS-104205,2025-09-02,Procurement,Chennai,Invoice Query,High,Portal,Finance Ops,Closed,16.6,12,Yes,1,4.8,350,5810.0,Sep,9,Q3,Tuesday
OPS-103899,2025-08-04,Operations,Gurugram,Compliance Request,Low,Email,Vendor Management,Closed,23.0,48,No,1,4.3,280,6440.0,Aug,8,Q3,Monday
OPS-101648,2025-07-10,Customer Support,Hyderabad,Report Request,Medium,Portal,Vendor Management,Pending,21.4,24,No,0,4.3,350,7490.0,Jul,7,Q3,Thursday
OPS-100107,2025-09-18,Finance,Bengaluru,Data Correction,Low,Email,IT Support,Closed,14.5,48,No,0,5.0,450,6525.0,Sep,9,Q3,Thursday
OPS-100607,2025-06-23,Procurement,Hyderabad,Report Request,High,Email,IT Support,Closed,17.2,12,Yes,0,5.0,280,4816.0,Jun,6,Q2,Monday
OPS-103466,2025-09-09,Finance,Bengaluru,Invoice Query,Low,Portal,Finance Ops,Closed,15.3,48,No,1,4.5,280,4284.0,Sep,9,Q3,Tuesday
OPS-101222,2025-06-07,Operations,Gurugram,System Issue,Medium,Email,Vendor Management,Closed,10.4,24,No,0,5.0,450,4680.0,Jun,6,Q2,Saturday
OPS-104684,2025-08-22,HR,Chennai,Invoice Query,Medium,Teams,IT Support,Closed,11.5,24,No,0,4.9,320,3680.0,Aug,8,Q3,Friday
OPS-103635,2025-10-22,Finance,Mumbai,Invoice Query,Low,Email,Finance Ops,Closed,17.3,48,No,0,4.4,350,6055.0,Oct,10,Q4,Wednesday
OPS-104333,2025-06-06,Procurement,Gurugram,Report Request,Medium,Email,HR Ops,Pending,6.7,24,No,0,4.8,400,2680.0,Jun,6,Q2,Friday
OPS-100079,2025-09-09,Operations,Gurugram,Compliance Request,High,Portal,HR Ops,Pending,11.5,12,No,0,5.0,280,3220.0,Sep,9,Q3,Tuesday
OPS-100032,2025-06-19,Procurement,Noida,Vendor Query,Low,Email,IT Support,Closed,4.8,48,No,0,5.0,320,1536.0,Jun,6,Q2,Thursday
OPS-102198,2025-05-21,Procurement,Mumbai,Report Request,High,Email,Finance Ops,Closed,7.9,12,No,0,4.6,320,2528.0,May,5,Q2,Wednesday
OPS-103714,2025-08-06,Customer Support,Pune,Invoice Query,Low,Email,Finance Ops,Closed,7.2,48,No,0,5.0,320,2304.0,Aug,8,Q3,Wednesday
OPS-104664,2025-01-06,HR,Pune,Access Request,Low,Teams,IT Support,Closed,23.2,48,No,1,4.2,450,10440.0,Jan,1,Q1,Monday
OPS-104323,2025-07-27,Operations,Gurugram,Report Request,High,Phone,Vendor Management,Closed,18.6,12,Yes,0,4.0,400,7440.0,Jul,7,Q3,Sunday
OPS-101735,2025-01-22,Sales,Bengaluru,System Issue,Low,Email,Vendor Management,Escalated,8.0,48,No,2,4.7,280,2240.0,Jan,1,Q1,Wednesday
OPS-100390,2025-12-20,IT,Bengaluru,Compliance Request,High,Email,Finance Ops,Closed,19.5,12,Yes,1,4.4,400,7800.0,Dec,12,Q4,Saturday
OPS-102136,2025-10-31,Procurement,Bengaluru,Employee Query,Medium,Email,Finance Ops,Closed,13.8,24,No,0,4.3,350,4830.0,Oct,10,Q4,Friday
OPS-104678,2025-11-29,Sales,Mumbai,Vendor Query,Medium,Email,Vendor Management,Escalated,4.4,24,No,1,4.5,400,1760.0,Nov,11,Q4,Saturday
OPS-100045,2025-01-21,Customer Support,Hyderabad,Compliance Request,Low,Teams,Vendor Management,Pending,6.7,48,No,2,4.5,400,2680.0,Jan,1,Q1,Tuesday
OPS-102771,2025-11-09,Sales,Hyderabad,Compliance Request,High,Email,HR Ops,Closed,1.9,12,No,0,4.3,320,608.0,Nov,11,Q4,Sunday
OPS-101988,2025-01-01,Finance,Mumbai,Access Request,Medium,Portal,IT Support,Closed,8.5,24,No,0,5.0,280,2380.0,Jan,1,Q1,Wednesday
OPS-104005,2025-12-26,Customer Support,Mumbai,Employee Query,Low,Teams,Vendor Management,Closed,16.1,48,No,0,4.5,400,6440.0,Dec,12,Q4,Friday
OPS-101960,2025-08-19,Finance,Noida,System Issue,Medium,Portal,Finance Ops,Closed,7.3,24,No,1,4.3,280,2044.0,Aug,8,Q3,Tuesday
OPS-103189,2025-01-15,Customer Support,Mumbai,Vendor Query,Medium,Email,IT Support,Closed,10.2,24,No,0,5.0,450,4590.0,Jan,1,Q1,Wednesday
OPS-100819,2025-05-06,Procurement,Mumbai,Vendor Query,Medium,Phone,IT Support,Escalated,18.0,24,No,2,3.6,400,7200.0,May,5,Q2,Tuesday
OPS-103383,2025-11-17,Procurement,Noida,Report Request,High,Portal,Finance Ops,Closed,6.1,12,No,1,4.1,280,1708.0,Nov,11,Q4,Monday
OPS-100708,2025-02-15,HR,Gurugram,Compliance Request,Medium,Portal,Finance Ops,Closed,10.5,24,No,0,5.0,280,2940.0,Feb,2,Q1,Saturday
OPS-100811,2025-11-26,Customer Support,Pune,Employee Query,Low,Email,MIS,Closed,14.8,48,No,1,4.1,280,4144.0,Nov,11,Q4,Wednesday
OPS-102197,2025-02-16,Customer Support,Noida,Access Request,Low,Email,MIS,Closed,11.9,48,No,1,4.8,280,3332.0,Feb,2,Q1,Sunday
OPS-103598,2025-10-17,IT,Chennai,Compliance Request,Low,Phone,Vendor Management,Closed,7.4,48,No,0,4.3,400,2960.0,Oct,10,Q4,Friday
OPS-102195,2025-06-22,HR,Chennai,Access Request,High,Phone,Finance Ops,Closed,9.5,12,No,1,4.9,400,3800.0,Jun,6,Q2,Sunday
OPS-104495,2025-12-07,Procurement,Chennai,Access Request,High,Email,Vendor Management,Closed,16.7,12,Yes,0,4.5,320,5344.0,Dec,12,Q4,Sunday
OPS-104187,2025-07-13,Sales,Gurugram,Report Request,Low,Phone,MIS,Closed,10.6,48,No,0,,450,4770.0,Jul,7,Q3,Sunday
OPS-104223,2025-02-12,Sales,Noida,Vendor Query,Low,Email,HR Ops,Closed,10.5,48,No,0,4.8,320,3360.0,Feb,2,Q1,Wednesday
OPS-104167,2025-01-09,Finance,Pune,Access Request,Medium,Email,IT Support,Closed,12.3,24,No,0,4.9,350,4305.0,Jan,1,Q1,Thursday
OPS-104912,2025-07-26,Procurement,Hyderabad,Invoice Query,Low,Portal,IT Support,Closed,7.4,48,No,0,4.6,320,2368.0,Jul,7,Q3,Saturday
OPS-103535,2025-08-13,Customer Support,Mumbai,System Issue,Low,Portal,Vendor Management,Closed,5.7,48,No,0,4.6,400,2280.0,Aug,8,Q3,Wednesday
OPS-103710,2025-04-22,Customer Support,Pune,Vendor Query,Low,Phone,Vendor Management,Closed,10.5,48,No,0,4.5,320,3360.0,Apr,4,Q2,Tuesday
OPS-100905,2025-07-11,Finance,Noida,Invoice Query,High,Email,Vendor Management,Closed,5.4,12,No,0,5.0,400,2160.0,Jul,7,Q3,Friday
OPS-102488,2025-08-01,Customer Support,Noida,Report Request,Medium,Teams,Vendor Management,Closed,2.6,24,No,0,4.9,350,910.0,Aug,8,Q3,Friday
OPS-100851,2025-08-21,Operations,Mumbai,Data Correction,Medium,,Vendor Management,Closed,3.8,24,No,1,4.6,320,1216.0,Aug,8,Q3,Thursday
OPS-101297,2025-01-20,HR,Chennai,Data Correction,Medium,Teams,Finance Ops,Closed,1.2,24,No,0,5.0,320,384.0,Jan,1,Q1,Monday
OPS-103191,2025-05-27,IT,Bengaluru,,Medium,Teams,Vendor Management,Closed,23.6,24,No,0,3.8,450,10620.0,May,5,Q2,Tuesday
OPS-103953,2025-07-03,HR,Noida,Employee Query,Low,Portal,MIS,Closed,10.5,48,No,1,3.9,400,4200.0,Jul,7,Q3,Thursday
OPS-102514,2025-04-23,HR,Hyderabad,Data Correction,Low,Email,Finance Ops,Closed,13.4,48,No,2,3.5,400,5360.0,Apr,4,Q2,Wednesday
OPS-103207,2025-03-17,Finance,Noida,Report Request,Low,Email,IT Support,Closed,7.1,48,No,0,4.2,280,1988.0,Mar,3,Q1,Monday
OPS-101732,2025-05-10,IT,Mumbai,Access Request,Low,Phone,Vendor Management,Closed,13.3,48,No,2,4.4,400,5320.0,May,5,Q2,Saturday
OPS-100258,2025-09-20,IT,Gurugram,Employee Query,Medium,Portal,HR Ops,Closed,16.1,24,No,0,4.8,320,5152.0,Sep,9,Q3,Saturday
OPS-100242,2025-09-09,Procurement,Mumbai,Data Correction,Critical,Email,MIS,Escalated,2.8,4,No,2,4.7,400,1120.0,Sep,9,Q3,Tuesday
OPS-104151,2025-08-16,HR,Bengaluru,Compliance Request,Medium,Email,HR Ops,Closed,13.4,24,No,0,4.5,450,6030.0,Aug,8,Q3,Saturday
OPS-103850,2025-11-27,Operations,Noida,Compliance Request,Medium,Teams,Vendor Management,Escalated,30.6,24,Yes,2,4.0,320,9792.0,Nov,11,Q4,Thursday
OPS-101067,2025-05-25,Sales,Gurugram,Invoice Query,Medium,Phone,HR Ops,Closed,4.5,24,No,0,5.0,350,1575.0,May,5,Q2,Sunday
OPS-104321,2025-12-11,IT,Chennai,Vendor Query,Medium,Portal,HR Ops,Pending,23.1,24,No,0,3.8,450,10395.0,Dec,12,Q4,Thursday
OPS-102287,2025-08-18,Operations,Gurugram,Employee Query,Medium,Phone,Finance Ops,Escalated,6.8,24,No,2,4.6,320,2176.0,Aug,8,Q3,Monday
OPS-101706,2025-11-02,Procurement,Hyderabad,Access Request,Medium,Email,Finance Ops,Closed,7.8,24,No,0,5.0,350,2730.0,Nov,11,Q4,Sunday
OPS-104942,2025-04-26,Sales,Hyderabad,Access Request,Medium,Email,IT Support,Closed,19.0,24,No,0,4.0,400,7600.0,Apr,4,Q2,Saturday
OPS-102265,2025-10-15,Operations,Gurugram,Report Request,Medium,Email,IT Support,Closed,22.6,24,No,0,4.1,280,6328.0,Oct,10,Q4,Wednesday
OPS-103319,2025-11-27,Finance,Gurugram,Invoice Query,Medium,Email,Finance Ops,Closed,3.8,24,No,0,4.9,350,1330.0,Nov,11,Q4,Thursday
OPS-101646,2025-06-19,Sales,Gurugram,Employee Query,Medium,Email,IT Support,Pending,4.2,24,No,1,4.5,450,1890.0,Jun,6,Q2,Thursday
OPS-102366,2025-11-12,IT,Noida,Data Correction,Low,Phone,MIS,Closed,19.4,48,No,1,4.3,450,8730.0,Nov,11,Q4,Wednesday
OPS-100324,2025-10-31,Procurement,Pune,System Issue,Medium,Email,HR Ops,Closed,18.9,24,No,1,3.6,320,6048.0,Oct,10,Q4,Friday
OPS-103031,2025-12-30,Procurement,Noida,System Issue,Critical,Teams,Vendor Management,Escalated,16.8,4,Yes,1,4.4,350,5880.0,Dec,12,Q4,Tuesday
OPS-103534,2025-12-03,HR,Chennai,Employee Query,Low,Portal,MIS,Closed,10.5,48,No,0,4.9,280,2940.0,Dec,12,Q4,Wednesday
OPS-104729,2025-09-22,Operations,Mumbai,System Issue,Medium,Phone,IT Support,Closed,3.6,24,No,0,4.9,350,1260.0,Sep,9,Q3,Monday
OPS-100703,2025-05-25,Finance,Hyderabad,System Issue,High,Portal,HR Ops,Closed,21.0,12,Yes,0,4.4,450,9450.0,May,5,Q2,Sunday
OPS-100719,2025-09-08,Finance,Gurugram,Vendor Query,Medium,Email,IT Support,Closed,33.0,24,Yes,0,4.4,280,9240.0,Sep,9,Q3,Monday
OPS-103198,2025-02-07,Operations,Mumbai,Data Correction,High,Phone,Finance Ops,Closed,16.3,12,Yes,0,4.9,280,4564.0,Feb,2,Q1,Friday
OPS-103558,2025-07-23,IT,Bengaluru,Invoice Query,Medium,Phone,HR Ops,Closed,5.2,24,No,0,4.5,320,1664.0,Jul,7,Q3,Wednesday
OPS-104598,2025-05-21,Sales,Pune,Vendor Query,Medium,Email,Finance Ops,Closed,7.2,24,No,1,4.3,320,2304.0,May,5,Q2,Wednesday
OPS-102472,2025-08-17,Procurement,Bengaluru,Data Correction,Low,Email,MIS,Closed,8.2,48,No,0,4.6,280,2296.0,Aug,8,Q3,Sunday
OPS-103334,2025-12-16,Procurement,Pune,System Issue,High,Email,Vendor Management,Pending,14.9,12,Yes,0,4.5,400,5960.0,Dec,12,Q4,Tuesday
OPS-103629,2025-02-24,Operations,Gurugram,Report Request,Low,Email,MIS,Closed,28.2,48,No,1,3.8,320,9024.0,Feb,2,Q1,Monday
OPS-103927,2025-07-21,HR,Gurugram,Employee Query,Medium,Teams,MIS,Closed,12.8,24,No,0,3.9,350,4480.0,Jul,7,Q3,Monday
OPS-103504,2025-10-31,Sales,Mumbai,Vendor Query,High,Email,MIS,Closed,9.7,12,No,0,4.2,450,4365.0,Oct,10,Q4,Friday
OPS-104673,2025-11-09,Finance,Pune,Report Request,High,Email,Finance Ops,Escalated,8.2,12,No,2,4.1,400,3280.0,Nov,11,Q4,Sunday
OPS-100205,2025-07-06,IT,Chennai,Compliance Request,Low,Phone,Finance Ops,Closed,6.5,48,No,1,4.0,350,2275.0,Jul,7,Q3,Sunday
OPS-104974,2025-10-25,Finance,Bengaluru,Invoice Query,Medium,Portal,HR Ops,Closed,15.8,24,No,0,4.2,280,4424.0,Oct,10,Q4,Saturday
OPS-102415,2025-05-08,HR,Hyderabad,Data Correction,Medium,Email,IT Support,Closed,13.4,24,No,1,4.7,320,4288.0,May,5,Q2,Thursday
OPS-102703,2025-08-11,HR,Gurugram,System Issue,High,Teams,Finance Ops,Closed,23.8,12,Yes,0,3.6,350,8330.0,Aug,8,Q3,Monday
OPS-100972,2025-04-28,HR,Noida,Invoice Query,Medium,Email,MIS,Closed,2.5,24,No,0,5.0,320,800.0,Apr,4,Q2,Monday
OPS-101398,2025-08-27,Operations,Hyderabad,Invoice Query,Low,Email,MIS,Closed,5.1,48,No,0,4.7,320,1632.0,Aug,8,Q3,Wednesday
OPS-102320,2025-05-25,Sales,Pune,,Medium,Email,IT Support,Closed,11.7,24,No,0,5.0,280,3276.0,May,5,Q2,Sunday
OPS-102189,2025-10-25,Operations,Pune,Vendor Query,Medium,Email,Finance Ops,Closed,10.3,24,No,0,5.0,320,3296.0,Oct,10,Q4,Saturday
OPS-102520,2025-05-10,HR,Bengaluru,Invoice Query,Medium,Portal,MIS,Closed,36.3,24,Yes,0,4.0,350,12705.0,May,5,Q2,Saturday
OPS-104777,2025-09-26,Operations,Pune,Compliance Request,Low,Phone,Vendor Management,Escalated,35.7,48,No,2,3.5,450,16065.0,Sep,9,Q3,Friday
OPS-100231,2025-07-17,Sales,Noida,Report Request,Medium,Email,HR Ops,Closed,35.9,24,Yes,0,4.2,280,10052.0,Jul,7,Q3,Thursday
OPS-103518,2025-09-06,Sales,Hyderabad,Vendor Query,medium,Portal,IT Support,Closed,9.7,24,No,1,4.7,280,2716.0,Sep,9,Q3,Saturday
OPS-104448,2025-10-11,IT,Noida,Compliance Request,Low,Phone,HR Ops,Closed,0.6,48,No,0,4.9,400,240.0,Oct,10,Q4,Saturday
OPS-103311,2025-08-31,Customer Support,Pune,Data Correction,Low,Portal,IT Support,Closed,10.1,48,No,0,4.7,400,4040.0,Aug,8,Q3,Sunday
OPS-102635,2025-07-22,Finance,Chennai,Vendor Query,Medium,Email,Vendor Management,Closed,3.6,24,No,0,5.0,350,1260.0,Jul,7,Q3,Tuesday
OPS-100954,2025-04-05,Procurement,Mumbai,,Medium,Portal,Vendor Management,Closed,14.3,24,No,1,4.4,320,4576.0,Apr,4,Q2,Saturday
OPS-103073,2025-09-04,Procurement,Gurugram,Report Request,Low,Teams,Vendor Management,Closed,22.6,48,No,0,3.5,350,7910.0,Sep,9,Q3,Thursday
OPS-104982,2025-09-08,Sales,Chennai,Invoice Query,High,Email,HR Ops,Escalated,57.0,12,Yes,4,2.5,350,19950.0,Sep,9,Q3,Monday
OPS-101543,2025-06-02,Finance,Mumbai,Compliance Request,Low,Teams,HR Ops,Closed,22.1,48,No,0,4.6,400,8840.0,Jun,6,Q2,Monday
OPS-101216,2025-08-12,IT,Noida,Employee Query,Medium,Email,Vendor Management,Closed,16.2,24,No,0,4.7,320,5184.0,Aug,8,Q3,Tuesday
OPS-102143,2025-11-22,HR,Noida,Compliance Request,Medium,Email,HR Ops,Closed,14.2,24,No,0,4.8,400,5680.0,Nov,11,Q4,Saturday
OPS-102646,2025-01-29,Finance,Hyderabad,Vendor Query,Medium,Teams,Finance Ops,Closed,6.8,24,No,1,4.7,320,2176.0,Jan,1,Q1,Wednesday
OPS-102542,2025-03-28,Customer Support,Chennai,Access Request,Medium,Email,Vendor Management,Escalated,22.8,24,No,2,4.4,350,7980.0,Mar,3,Q1,Friday
OPS-101621,2025-07-05,IT,Hyderabad,Invoice Query,High,Email,HR Ops,Closed,50.2,12,Yes,0,3.6,320,16064.0,Jul,7,Q3,Saturday
OPS-102887,2025-06-27,Sales,Mumbai,Employee Query,Low,Portal,Vendor Management,Closed,11.1,48,No,0,4.7,450,4995.0,Jun,6,Q2,Friday
OPS-104863,2025-02-17,Procurement,Gurugram,System Issue,Low,Portal,Finance Ops,Closed,17.9,48,No,1,4.2,280,5012.0,Feb,2,Q1,Monday
OPS-104249,2025-05-31,Procurement,Mumbai,Access Request,High,Portal,IT Support,Escalated,10.7,12,No,2,4.8,320,3424.0,May,5,Q2,Saturday
OPS-100437,2025-02-27,Finance,Gurugram,Invoice Query,High,Email,Finance Ops,Closed,6.7,12,No,0,4.8,320,2144.0,Feb,2,Q1,Thursday
OPS-101604,2025-02-07,Operations,Noida,Compliance Request,Low,Teams,Vendor Management,Closed,6.8,48,No,0,5.0,450,3060.0,Feb,2,Q1,Friday
OPS-102636,2025-09-13,HR,Bengaluru,Report Request,Low,Teams,HR Ops,Closed,6.2,48,No,2,4.1,450,2790.0,Sep,9,Q3,Saturday
OPS-100821,2025-02-12,Sales,Pune,Compliance Request,Medium,Email,Vendor Management,Closed,7.6,24,No,0,5.0,400,3040.0,Feb,2,Q1,Wednesday
OPS-101341,2025-02-11,Procurement,Bengaluru,Report Request,High,Email,MIS,Closed,10.4,12,No,0,4.7,350,3640.0,Feb,2,Q1,Tuesday
OPS-100282,2025-03-16,Finance,Gurugram,Invoice Query,Medium,Portal,Finance Ops,Closed,11.0,24,No,0,4.4,350,3850.0,Mar,3,Q1,Sunday
OPS-101982,2025-12-27,Procurement,Chennai,Employee Query,Medium,Email,IT Support,Closed,9.4,24,No,0,4.8,450,4230.0,Dec,12,Q4,Saturday
OPS-101249,2025-06-27,Procurement,Hyderabad,Employee Query,Low,Portal,Finance Ops,Closed,24.5,48,No,2,3.6,320,7840.0,Jun,6,Q2,Friday
OPS-102679,2025-04-14,Procurement,Bengaluru,Invoice Query,Medium,Email,HR Ops,Closed,4.9,24,No,0,5.0,400,1960.0,Apr,4,Q2,Monday
OPS-101494,2025-08-15,Customer Support,Mumbai,System Issue,Medium,Teams,IT Support,Closed,11.8,24,No,0,4.7,280,3304.0,Aug,8,Q3,Friday
OPS-104332,2025-08-07,HR,Pune,System Issue,Medium,Portal,HR Ops,Closed,9.2,24,No,0,4.4,320,2944.0,Aug,8,Q3,Thursday
OPS-103297,2025-06-24,Finance,Noida,Data Correction,Low,Email,Finance Ops,Closed,11.6,48,No,0,5.0,350,4060.0,Jun,6,Q2,Tuesday
OPS-102815,2025-09-17,IT,Bengaluru,Report Request,Medium,Phone,MIS,Closed,4.7,24,No,0,4.7,350,1645.0,Sep,9,Q3,Wednesday
OPS-102652,2025-02-13,Operations,Mumbai,Report Request,Low,Email,IT Support,Closed,36.7,48,No,2,3.5,450,16515.0,Feb,2,Q1,Thursday
OPS-101027,2025-03-17,IT,Pune,Access Request,Medium,Email,HR Ops,Escalated,28.6,24,Yes,1,4.4,450,12870.0,Mar,3,Q1,Monday
OPS-103250,2025-07-11,Sales,Mumbai,Compliance Request,Medium,Email,Vendor Management,Closed,10.2,24,No,0,4.9,350,3570.0,Jul,7,Q3,Friday
OPS-101210,2025-03-04,Sales,Hyderabad,Report Request,Medium,Portal,MIS,Pending,11.3,24,No,2,4.3,280,3164.0,Mar,3,Q1,Tuesday
OPS-102458,2025-08-09,Finance,Pune,Data Correction,Medium,Email,IT Support,Closed,4.8,24,No,0,5.0,320,1536.0,Aug,8,Q3,Saturday
OPS-101100,2025-08-16,Customer Support,Pune,System Issue,Medium,Teams,Finance Ops,Closed,25.6,24,Yes,2,3.1,320,8192.0,Aug,8,Q3,Saturday
OPS-102327,2025-12-14,Finance,Mumbai,Data Correction,Low,Portal,IT Support,Escalated,10.4,48,No,2,4.1,350,3640.0,Dec,12,Q4,Sunday
OPS-101136,2025-05-21,Operations,Gurugram,Compliance Request,Low,,Vendor Management,Closed,4.4,48,No,1,4.5,400,1760.0,May,5,Q2,Wednesday
OPS-103157,2025-03-27,Customer Support,Bengaluru,Invoice Query,Low,Portal,HR Ops,Closed,30.1,48,No,0,3.9,280,8428.0,Mar,3,Q1,Thursday
OPS-103205,2025-01-28,HR,Chennai,Vendor Query,Medium,Teams,IT Support,Closed,3.3,24,No,0,4.9,280,924.0,Jan,1,Q1,Tuesday
OPS-100302,2025-10-31,HR,Gurugram,Access Request,Medium,Email,Finance Ops,Closed,3.2,24,No,0,4.8,320,1024.0,Oct,10,Q4,Friday
OPS-103661,2025-01-22,IT,Noida,Vendor Query,Low,Email,IT Support,Closed,7.5,48,No,0,5.0,350,2625.0,Jan,1,Q1,Wednesday
OPS-101753,2025-10-08,IT,Bengaluru,Report Request,Medium,Email,Vendor Management,Closed,7.8,24,No,1,4.7,350,2730.0,Oct,10,Q4,Wednesday
OPS-103188,2025-02-16,Finance,Pune,Employee Query,High,Teams,HR Ops,Escalated,5.3,12,No,2,4.6,350,1855.0,Feb,2,Q1,Sunday
OPS-103102,2025-02-15,HR,Pune,Access Request,High,Portal,HR Ops,Closed,17.2,12,Yes,0,4.5,450,7740.0,Feb,2,Q1,Saturday
OPS-103659,2025-02-22,Customer Support,Mumbai,Report Request,Medium,Phone,HR Ops,Closed,3.4,24,No,3,3.8,350,1190.0,Feb,2,Q1,Saturday
OPS-104410,2025-04-21,Customer Support,Bengaluru,Employee Query,Medium,Email,IT Support,Closed,2.2,24,No,0,5.0,400,880.0,Apr,4,Q2,Monday
OPS-102673,2025-05-24,Customer Support,Chennai,Invoice Query,Low,Phone,HR Ops,Closed,16.9,48,No,1,4.0,280,4732.0,May,5,Q2,Saturday
OPS-100852,2025-01-12,Customer Support,Gurugram,Data Correction,Low,Email,HR Ops,Pending,11.8,48,No,0,4.4,350,4130.0,Jan,1,Q1,Sunday
OPS-104978,2025-03-12,IT,Bengaluru,Employee Query,Low,Email,HR Ops,Closed,15.7,48,No,0,4.5,450,7065.0,Mar,3,Q1,Wednesday
OPS-104034,2025-04-23,Customer Support,Bengaluru,Access Request,Medium,Email,HR Ops,Closed,8.1,24,No,0,4.3,320,2592.0,Apr,4,Q2,Wednesday
OPS-104632,2025-04-27,Sales,Mumbai,Access Request,Low,Email,MIS,Closed,13.3,48,No,0,5.0,350,4655.0,Apr,4,Q2,Sunday
OPS-100081,2025-10-23,Finance,Mumbai,Access Request,High,Email,Vendor Management,Pending,36.2,12,Yes,2,3.4,450,16290.0,Oct,10,Q4,Thursday
OPS-100884,2025-02-25,HR,Pune,Report Request,Medium,Portal,MIS,Closed,5.7,24,No,0,4.3,320,1824.0,Feb,2,Q1,Tuesday
OPS-101962,2025-05-25,Sales,Chennai,Employee Query,Low,Teams,IT Support,Closed,11.9,48,No,1,5.0,280,3332.0,May,5,Q2,Sunday
OPS-101465,2025-06-25,IT,Hyderabad,Report Request,High,,IT Support,Closed,5.3,12,No,0,4.8,350,1855.0,Jun,6,Q2,Wednesday
OPS-100319,2025-10-04,Finance,Hyderabad,Vendor Query,Low,Email,HR Ops,Closed,4.6,48,No,0,4.9,400,1840.0,Oct,10,Q4,Saturday
OPS-100980,2025-10-27,Sales,Noida,System Issue,Low,Email,HR Ops,Closed,21.5,48,No,0,4.6,400,8600.0,Oct,10,Q4,Monday
OPS-103590,2025-09-14,Operations,Bengaluru,Data Correction,Medium,Email,Finance Ops,Closed,37.4,24,Yes,0,3.4,350,13090.0,Sep,9,Q3,Sunday
OPS-103491,2025-05-20,IT,Chennai,System Issue,Critical,Email,IT Support,Closed,8.5,4,Yes,0,5.0,450,3825.0,May,5,Q2,Tuesday
OPS-102667,2025-05-08,Operations,Chennai,Invoice Query,Medium,Email,HR Ops,Escalated,11.4,24,No,3,3.4,320,3648.0,May,5,Q2,Thursday
OPS-102781,2025-02-16,HR,Bengaluru,Invoice Query,Medium,Email,MIS,Pending,2.3,24,No,0,5.0,400,920.0,Feb,2,Q1,Sunday
OPS-100216,2025-02-22,Operations,Gurugram,Vendor Query,Low,Portal,Finance Ops,Closed,14.3,48,No,1,3.9,400,5720.0,Feb,2,Q1,Saturday
OPS-104601,2025-08-27,Procurement,Bengaluru,Invoice Query,Critical,Phone,Finance Ops,Closed,5.2,4,Yes,0,4.1,350,1820.0,Aug,8,Q3,Wednesday
OPS-100839,2025-03-02,Procurement,Chennai,Compliance Request,High,Teams,MIS,Escalated,35.7,12,Yes,2,2.7,320,11424.0,Mar,3,Q1,Sunday
OPS-103906,2025-10-09,IT,Mumbai,Data Correction,Medium,Portal,Finance Ops,Closed,10.2,24,No,2,4.4,400,4080.0,Oct,10,Q4,Thursday
OPS-104692,2025-02-09,Operations,Pune,Employee Query,High,Portal,Vendor Management,Closed,7.9,12,No,0,4.9,450,3555.0,Feb,2,Q1,Sunday
OPS-101915,2025-01-20,Procurement,Pune,Compliance Request,Low,Email,MIS,Closed,12.8,48,No,0,4.1,350,4480.0,Jan,1,Q1,Monday
OPS-104553,2025-05-21,Operations,Hyderabad,Vendor Query,Low,Portal,MIS,Closed,4.1,48,No,1,5.0,350,1435.0,May,5,Q2,Wednesday
OPS-103702,2025-06-11,IT,Gurugram,Data Correction,Low,Email,Vendor Management,Closed,26.5,48,No,0,4.1,280,7420.0,Jun,6,Q2,Wednesday
OPS-101687,2025-08-12,Procurement,Pune,Invoice Query,Low,Teams,Vendor Management,Closed,9.5,48,No,1,4.5,320,3040.0,Aug,8,Q3,Tuesday
OPS-101530,2025-05-20,IT,Bengaluru,Compliance Request,Medium,Email,MIS,Closed,7.5,24,No,0,5.0,320,2400.0,May,5,Q2,Tuesday
OPS-100635,2025-07-21,Finance,Mumbai,Access Request,Medium,Email,Vendor Management,Closed,11.9,24,No,1,4.5,280,3332.0,Jul,7,Q3,Monday
OPS-104896,2025-12-05,Finance,Noida,Invoice Query,Medium,Email,IT Support,Closed,5.1,24,No,0,4.7,400,2040.0,Dec,12,Q4,Friday
OPS-103328,2025-03-25,Customer Support,Noida,Employee Query,Low,Teams,HR Ops,Closed,10.8,48,No,0,4.6,450,4860.0,Mar,3,Q1,Tuesday
OPS-104521,2025-08-25,Procurement,Gurugram,System Issue,Medium,Portal,Vendor Management,Closed,15.0,24,No,0,4.6,350,5250.0,Aug,8,Q3,Monday
OPS-103140,2025-06-10,IT,Pune,System Issue,High,Phone,MIS,Escalated,4.4,12,No,3,4.0,280,1232.0,Jun,6,Q2,Tuesday
OPS-104480,2025-09-13,Finance,Mumbai,Vendor Query,Medium,Email,Finance Ops,Escalated,26.9,24,Yes,2,3.8,320,8608.0,Sep,9,Q3,Saturday
OPS-100449,2025-10-17,HR,Noida,Employee Query,Low,Email,Vendor Management,Closed,7.4,48,No,2,4.5,350,2590.0,Oct,10,Q4,Friday
OPS-101539,2025-01-11,Operations,Hyderabad,Report Request,Medium,Email,Vendor Management,Pending,7.7,24,No,0,4.5,280,2156.0,Jan,1,Q1,Saturday
OPS-103521,2025-08-07,Operations,Chennai,Data Correction,Low,Teams,HR Ops,Closed,18.3,48,No,0,5.0,280,5124.0,Aug,8,Q3,Thursday
OPS-102359,2025-07-09,HR,Bengaluru,Employee Query,Low,Phone,Finance Ops,Closed,7.9,48,No,1,4.4,320,2528.0,Jul,7,Q3,Wednesday
OPS-101254,2025-09-04,Finance,Mumbai,Report Request,Critical,Email,Vendor Management,Closed,4.0,4,No,0,4.6,350,1400.0,Sep,9,Q3,Thursday
OPS-104996,2025-02-25,Sales,Bengaluru,Access Request,Medium,Email,Finance Ops,Closed,22.9,24,No,1,4.4,450,10305.0,Feb,2,Q1,Tuesday
OPS-102698,2025-01-14,Finance,Chennai,Access Request,Low,Portal,Vendor Management,Closed,6.5,48,No,0,5.0,450,2925.0,Jan,1,Q1,Tuesday
OPS-100426,2025-05-24,IT,Pune,Employee Query,Low,Portal,Finance Ops,Closed,11.8,48,No,0,4.6,280,3304.0,May,5,Q2,Saturday
OPS-104765,2025-08-12,Finance,Gurugram,Report Request,Low,Email,HR Ops,Closed,5.8,48,No,0,4.5,450,2610.0,Aug,8,Q3,Tuesday
OPS-102039,2025-05-31,Finance,Bengaluru,Data Correction,Low,Email,Finance Ops,Closed,13.6,48,No,0,4.8,450,6120.0,May,5,Q2,Saturday
OPS-100230,2025-04-08,Sales,Bengaluru,Access Request,High,Portal,MIS,Pending,23.8,12,Yes,0,4.0,400,9520.0,Apr,4,Q2,Tuesday
OPS-102563,2025-09-18,Sales,Bengaluru,Data Correction,High,Phone,MIS,Closed,6.5,12,No,2,4.0,320,2080.0,Sep,9,Q3,Thursday
OPS-102955,2025-02-11,Sales,Noida,Report Request,High,Email,IT Support,Closed,13.3,12,Yes,0,4.9,350,4655.0,Feb,2,Q1,Tuesday
OPS-104541,2025-02-08,Operations,Pune,System Issue,Medium,Teams,HR Ops,Closed,13.4,24,No,1,4.7,280,3752.0,Feb,2,Q1,Saturday
OPS-102773,2025-10-28,Finance,Hyderabad,Vendor Query,Low,Portal,MIS,Closed,22.8,48,No,0,4.1,450,10260.0,Oct,10,Q4,Tuesday
OPS-104401,2025-09-30,Operations,Gurugram,Compliance Request,Low,Portal,,Closed,9.9,48,No,0,4.6,450,4455.0,Sep,9,Q3,Tuesday
OPS-104145,2025-12-23,Operations,Hyderabad,Invoice Query,Low,Email,IT Support,Closed,34.8,48,No,0,4.0,400,13920.0,Dec,12,Q4,Tuesday
OPS-102152,2025-10-08,Finance,Pune,System Issue,Low,Portal,MIS,Closed,6.9,48,No,0,4.7,400,2760.0,Oct,10,Q4,Wednesday
OPS-101327,2025-10-05,Customer Support,Gurugram,Invoice Query,Medium,Portal,IT Support,Escalated,6.5,24,No,2,4.5,280,1820.0,Oct,10,Q4,Sunday
OPS-101206,2025-06-26,Procurement,Noida,Compliance Request,Medium,Phone,MIS,Closed,4.7,24,No,0,4.9,320,1504.0,Jun,6,Q2,Thursday
OPS-104511,2025-11-08,Sales,Bengaluru,Employee Query,Medium,Email,HR Ops,Closed,12.6,24,No,0,4.0,450,5670.0,Nov,11,Q4,Saturday
OPS-103485,2025-04-27,Finance,Gurugram,Vendor Query,Medium,Email,MIS,Closed,5.7,24,No,1,4.9,350,1995.0,Apr,4,Q2,Sunday
OPS-104433,2025-06-13,Customer Support,Mumbai,Vendor Query,High,Teams,MIS,Closed,4.5,12,No,1,4.6,320,1440.0,Jun,6,Q2,Friday
OPS-104892,2025-12-09,Finance,Gurugram,Access Request,Medium,Phone,IT Support,Escalated,10.9,24,No,2,3.9,350,3815.0,Dec,12,Q4,Tuesday
OPS-102290,2025-03-08,Finance,Hyderabad,Compliance Request,Low,Portal,MIS,Closed,13.7,48,No,0,4.2,320,4384.0,Mar,3,Q1,Saturday
OPS-100475,2025-08-06,Customer Support,Noida,,Medium,Email,Finance Ops,Closed,8.9,24,No,1,4.2,450,4005.0,Aug,8,Q3,Wednesday
OPS-101480,2025-05-11,Operations,Hyderabad,Data Correction,Low,Email,HR Ops,Closed,5.5,48,No,0,4.9,400,2200.0,May,5,Q2,Sunday
OPS-104147,2025-04-22,Finance,Mumbai,Vendor Query,Medium,Email,Vendor Management,Closed,8.9,24,No,0,4.9,450,4005.0,Apr,4,Q2,Tuesday
OPS-101053,2025-03-30,Operations,Pune,Access Request,Low,Portal,Vendor Management,Closed,10.9,48,No,1,4.3,350,3815.0,Mar,3,Q1,Sunday
OPS-100570,2025-08-21,Procurement,Hyderabad,Access Request,Low,Email,Finance Ops,Closed,12.1,48,No,0,4.8,450,5445.0,Aug,8,Q3,Thursday
OPS-100106,2025-10-16,Customer Support,,System Issue,High,Phone,IT Support,Pending,18.3,12,Yes,0,4.2,280,5124.0,Oct,10,Q4,Thursday
OPS-102202,2025-08-08,Finance,Pune,Report Request,Low,Email,HR Ops,Closed,6.6,48,No,0,4.5,280,1848.0,Aug,8,Q3,Friday
OPS-103121,2025-04-20,IT,Pune,Vendor Query,Low,Teams,HR Ops,Pending,17.6,48,No,0,4.9,320,5632.0,Apr,4,Q2,Sunday
OPS-103766,2025-09-21,Sales,Noida,Access Request,High,Email,IT Support,Closed,7.3,12,No,0,4.3,450,3285.0,Sep,9,Q3,Sunday
OPS-100254,2025-09-24,Finance,Pune,Compliance Request,Medium,Email,HR Ops,Closed,19.3,24,No,0,4.4,280,5404.0,Sep,9,Q3,Wednesday
OPS-101972,2025-10-14,Customer Support,Mumbai,Invoice Query,Low,Email,MIS,Escalated,4.1,48,No,1,4.4,400,1640.0,Oct,10,Q4,Tuesday
OPS-101423,2025-12-20,HR,Gurugram,Data Correction,High,Phone,Vendor Management,Closed,9.0,12,No,0,3.9,400,3600.0,Dec,12,Q4,Saturday
OPS-101287,2025-10-12,IT,Hyderabad,Vendor Query,Low,Portal,MIS,Closed,2.3,48,No,0,4.3,350,805.0,Oct,10,Q4,Sunday
OPS-102502,2025-02-03,Sales,Noida,Vendor Query,Medium,Portal,Vendor Management,Closed,9.2,24,No,0,5.0,400,3680.0,Feb,2,Q1,Monday
OPS-102503,2025-02-21,Operations,Gurugram,Report Request,Medium,Portal,Vendor Management,Closed,14.8,24,No,0,4.5,320,4736.0,Feb,2,Q1,Friday
OPS-102535,2025-08-02,Operations,Mumbai,Access Request,Low,Email,HR Ops,Pending,42.2,48,No,2,2.9,450,18990.0,Aug,8,Q3,Saturday
OPS-102196,2025-12-28,Finance,Pune,System Issue,Medium,Phone,Vendor Management,Escalated,24.8,24,Yes,2,3.4,320,7936.0,Dec,12,Q4,Sunday
OPS-104717,2025-11-14,Customer Support,Mumbai,Data Correction,Medium,Email,IT Support,Closed,10.2,24,No,0,5.0,350,3570.0,Nov,11,Q4,Friday
OPS-104368,2025-04-08,Operations,Chennai,Invoice Query,Low,Email,HR Ops,Closed,9.5,48,No,0,4.7,450,4275.0,Apr,4,Q2,Tuesday
OPS-102306,2025-09-21,Procurement,Hyderabad,Compliance Request,Medium,Email,HR Ops,Escalated,2.4,24,No,4,3.5,280,672.0,Sep,9,Q3,Sunday
OPS-104284,2025-06-16,Procurement,Hyderabad,Invoice Query,Low,Teams,IT Support,Closed,16.0,48,No,0,4.7,450,7200.0,Jun,6,Q2,Monday
OPS-101764,2025-11-05,Operations,Chennai,Compliance Request,Medium,Email,IT Support,Closed,10.0,24,No,0,4.8,400,4000.0,Nov,11,Q4,Wednesday
OPS-103226,2025-05-16,Procurement,Noida,Compliance Request,Low,Email,MIS,Closed,5.7,48,No,0,5.0,350,1995.0,May,5,Q2,Friday
OPS-101313,2025-08-03,Sales,Bengaluru,Access Request,Medium,Email,Vendor Management,Closed,5.7,24,No,0,4.9,350,1995.0,Aug,8,Q3,Sunday
OPS-104503,2025-03-25,Procurement,Mumbai,System Issue,Low,Email,MIS,Pending,22.7,48,No,0,,450,10215.0,Mar,3,Q1,Tuesday
OPS-104499,2025-01-21,Customer Support,Hyderabad,Data Correction,Medium,Email,HR Ops,Closed,6.4,24,No,1,4.1,280,1792.0,Jan,1,Q1,Tuesday
OPS-104430,2025-02-07,Customer Support,Chennai,Vendor Query,High,Email,HR Ops,Closed,20.4,12,Yes,0,4.3,450,9180.0,Feb,2,Q1,Friday
OPS-103650,2025-02-01,HR,Pune,Data Correction,Medium,Email,Finance Ops,Closed,8.9,24,No,0,4.3,320,2848.0,Feb,2,Q1,Saturday
OPS-103654,2025-02-21,Procurement,,Invoice Query,Medium,Email,MIS,Closed,5.9,24,No,0,5.0,320,1888.0,Feb,2,Q1,Friday
OPS-104694,2025-03-03,HR,Pune,Employee Query,High,Email,HR Ops,Closed,2.9,12,No,0,4.8,320,928.0,Mar,3,Q1,Monday
OPS-103510,2025-07-02,Procurement,Pune,System Issue,Medium,Teams,MIS,Pending,9.6,24,No,0,5.0,350,3360.0,Jul,7,Q3,Wednesday
OPS-104093,2025-04-13,Customer Support,Bengaluru,Employee Query,Low,Email,Vendor Management,Pending,28.7,48,No,0,3.8,350,10045.0,Apr,4,Q2,Sunday
OPS-100391,2025-11-18,Customer Support,Hyderabad,Compliance Request,High,Phone,IT Support,Closed,14.4,12,Yes,1,4.0,320,4608.0,Nov,11,Q4,Tuesday
OPS-104334,2025-08-18,Finance,Pune,Invoice Query,Medium,Phone,IT Support,Closed,2.6,24,No,0,4.5,350,910.0,Aug,8,Q3,Monday
OPS-102441,2025-04-09,Finance,Chennai,Data Correction,Medium,Teams,Vendor Management,Closed,9.6,24,No,1,4.5,280,2688.0,Apr,4,Q2,Wednesday
OPS-103908,2025-01-05,HR,Gurugram,Report Request,Medium,Teams,MIS,Escalated,32.1,24,Yes,2,3.2,350,11235.0,Jan,1,Q1,Sunday
OPS-101683,2025-06-12,Finance,Bengaluru,System Issue,Low,Email,HR Ops,Closed,14.7,48,No,1,4.2,280,4116.0,Jun,6,Q2,Thursday
OPS-100007,2025-01-21,Operations,Chennai,Employee Query,Low,Email,HR Ops,Pending,17.5,48,No,0,3.9,450,7875.0,Jan,1,Q1,Tuesday
OPS-102298,2025-06-21,IT,Gurugram,Compliance Request,Medium,Phone,Vendor Management,Closed,4.3,24,No,0,4.8,400,1720.0,Jun,6,Q2,Saturday
OPS-100463,2025-03-17,IT,Noida,Employee Query,High,Portal,IT Support,Closed,1.9,12,No,0,4.9,400,760.0,Mar,3,Q1,Monday
OPS-104545,2025-03-28,Sales,Mumbai,Vendor Query,Medium,Email,Vendor Management,Closed,8.0,24,No,0,5.0,280,2240.0,Mar,3,Q1,Friday
OPS-100661,2025-11-13,Customer Support,Gurugram,System Issue,Low,Portal,MIS,Closed,11.8,48,No,0,4.9,350,4130.0,Nov,11,Q4,Thursday
OPS-104666,2025-08-27,Procurement,Hyderabad,Report Request,Low,Email,Finance Ops,Closed,7.1,48,No,0,4.6,280,1988.0,Aug,8,Q3,Wednesday
OPS-103717,2025-04-30,Finance,Mumbai,Vendor Query,Medium,Email,HR Ops,Closed,11.0,24,No,0,4.3,400,4400.0,Apr,4,Q2,Wednesday
OPS-100185,2025-06-14,Finance,Hyderabad,Invoice Query,Medium,Email,IT Support,Closed,8.0,24,No,0,5.0,350,2800.0,Jun,6,Q2,Saturday
OPS-103487,2025-09-24,Finance,Gurgaon,Report Request,Medium,Email,Finance Ops,Closed,24.8,24,Yes,0,4.4,320,7936.0,Sep,9,Q3,Wednesday
OPS-104822,2025-10-26,Operations,Noida,Report Request,Medium,Email,HR Ops,Closed,38.4,24,Yes,0,4.3,450,17280.0,Oct,10,Q4,Sunday
OPS-101202,2025-02-18,Operations,Bengaluru,Access Request,High,Portal,Vendor Management,Closed,9.5,12,No,0,5.0,320,3040.0,Feb,2,Q1,Tuesday
OPS-100519,2025-01-12,IT,Pune,Access Request,Medium,Portal,MIS,Closed,6.2,24,No,1,4.6,320,1984.0,Jan,1,Q1,Sunday
OPS-102984,2025-10-10,Customer Support,Bengaluru,Compliance Request,Low,Email,MIS,Closed,14.0,48,No,1,4.3,400,5600.0,Oct,10,Q4,Friday
OPS-100274,2025-10-31,IT,Mumbai,Data Correction,High,Portal,HR Ops,Pending,15.2,12,Yes,2,4.6,400,6080.0,Oct,10,Q4,Friday
OPS-103413,2025-11-02,Sales,Hyderabad,System Issue,Medium,Email,Finance Ops,Escalated,16.2,24,No,2,4.3,280,4536.0,Nov,11,Q4,Sunday
OPS-101689,2025-03-01,Operations,Chennai,System Issue,Low,Portal,HR Ops,Closed,7.0,48,No,1,4.1,450,3150.0,Mar,3,Q1,Saturday
OPS-104260,2025-07-29,IT,Gurugram,Invoice Query,Medium,Phone,Vendor Management,Closed,8.4,24,No,1,4.6,350,2940.0,Jul,7,Q3,Tuesday
OPS-101424,2025-01-12,Operations,Noida,Report Request,Low,Email,MIS,Closed,8.8,48,No,0,4.6,320,2816.0,Jan,1,Q1,Sunday
OPS-103763,2025-08-25,Sales,Gurugram,Employee Query,Low,Portal,Finance Ops,Pending,14.7,48,No,0,4.9,450,6615.0,Aug,8,Q3,Monday
OPS-102165,2025-06-06,Sales,Bengaluru,Access Request,Low,Email,MIS,Escalated,32.8,48,No,2,3.5,320,10496.0,Jun,6,Q2,Friday
OPS-101284,2025-05-27,HR,Bengaluru,Report Request,High,Portal,MIS,Escalated,65.3,12,Yes,3,2.3,320,20896.0,May,5,Q2,Tuesday
OPS-103314,2025-09-15,HR,Bengaluru,Access Request,High,Phone,Vendor Management,Closed,4.7,12,No,1,4.7,280,1316.0,Sep,9,Q3,Monday
OPS-101768,2025-06-23,IT,Gurugram,System Issue,Low,Teams,Vendor Management,Closed,9.9,48,No,0,4.6,320,3168.0,Jun,6,Q2,Monday
OPS-103990,2025-08-30,Procurement,Noida,Data Correction,Medium,Email,MIS,Closed,1.7,24,No,0,5.0,400,680.0,Aug,8,Q3,Saturday
OPS-104414,2025-03-10,Finance,Bengaluru,Compliance Request,Medium,Email,Finance Ops,Closed,10.2,24,No,0,4.8,450,4590.0,Mar,3,Q1,Monday
OPS-104587,2025-06-01,HR,Pune,Vendor Query,Low,Portal,Finance Ops,Pending,9.3,48,No,0,5.0,350,3255.0,Jun,6,Q2,Sunday
OPS-100828,2025-04-05,IT,Bengaluru,Report Request,Medium,Email,IT Support,Closed,7.0,24,No,0,5.0,450,3150.0,Apr,4,Q2,Saturday
OPS-102169,2025-05-16,Sales,Hyderabad,Invoice Query,Low,Portal,Finance Ops,Closed,7.0,48,No,1,4.4,350,2450.0,May,5,Q2,Friday
OPS-102309,2025-02-05,Sales,Mumbai,Compliance Request,Medium,Portal,Finance Ops,Escalated,7.0,24,No,4,3.8,280,1960.0,Feb,2,Q1,Wednesday
OPS-101056,2025-10-22,IT,Gurugram,Access Request,Low,Portal,Vendor Management,Closed,7.5,48,No,0,5.0,280,2100.0,Oct,10,Q4,Wednesday
OPS-102724,2025-02-26,Customer Support,Chennai,Employee Query,High,Email,MIS,Closed,19.0,12,Yes,1,3.8,280,5320.0,Feb,2,Q1,Wednesday
OPS-103136,2025-06-13,Finance,Pune,Data Correction,Medium,Portal,Finance Ops,Escalated,14.3,24,No,2,4.8,400,5720.0,Jun,6,Q2,Friday
OPS-100981,2025-05-13,Operations,Gurugram,Data Correction,Medium,Email,Vendor Management,Closed,13.8,24,No,0,4.4,350,4830.0,May,5,Q2,Tuesday
OPS-104076,2025-07-18,Sales,Hyderabad,Invoice Query,Low,Email,MIS,Closed,12.5,48,No,0,5.0,400,5000.0,Jul,7,Q3,Friday
OPS-103826,2025-06-19,IT,Bengaluru,Employee Query,Medium,Portal,Vendor Management,Escalated,3.4,24,No,2,4.3,400,1360.0,Jun,6,Q2,Thursday
OPS-104032,2025-06-12,Procurement,Mumbai,Data Correction,Low,Portal,HR Ops,Closed,5.6,48,No,0,5.0,400,2240.0,Jun,6,Q2,Thursday
OPS-103811,2025-08-16,Finance,Mumbai,Access Request,Medium,Email,Vendor Management,Closed,5.3,24,No,0,,400,2120.0,Aug,8,Q3,Saturday
OPS-102341,2025-10-15,Operations,Noida,Invoice Query,Low,Phone,Vendor Management,Closed,12.5,48,No,1,5.0,400,5000.0,Oct,10,Q4,Wednesday
OPS-100721,2025-01-05,HR,Gurugram,Access Request,Medium,Portal,Finance Ops,Closed,17.7,24,No,2,4.0,350,6195.0,Jan,1,Q1,Sunday
OPS-100469,2025-08-08,Finance,Chennai,Report Request,Medium,Email,MIS,Escalated,51.2,24,Yes,2,2.5,450,23040.0,Aug,8,Q3,Friday
OPS-101859,2025-09-08,Procurement,Hyderabad,System Issue,High,Portal,Vendor Management,Closed,0.8,12,No,0,4.8,450,360.0,Sep,9,Q3,Monday
OPS-102093,2025-11-20,HR,Hyderabad,Vendor Query,Low,Portal,Finance Ops,Closed,6.2,48,No,0,5.0,320,1984.0,Nov,11,Q4,Thursday
OPS-103081,2025-05-23,Procurement,Pune,System Issue,Low,Email,HR Ops,Closed,15.0,48,No,0,4.6,450,6750.0,May,5,Q2,Friday
OPS-101778,2025-08-10,Operations,Mumbai,Invoice Query,Critical,Email,Vendor Management,Closed,8.8,4,Yes,0,5.0,400,3520.0,Aug,8,Q3,Sunday
OPS-104115,2025-09-11,Customer Support,Hyderabad,Invoice Query,Low,Phone,Finance Ops,Closed,11.0,48,No,0,5.0,400,4400.0,Sep,9,Q3,Thursday
OPS-100127,2025-05-11,Finance,Noida,System Issue,Medium,Email,IT Support,Pending,8.2,24,No,0,5.0,450,3690.0,May,5,Q2,Sunday
OPS-102958,2025-06-16,Procurement,Gurugram,Report Request,Medium,Email,HR Ops,Closed,5.9,24,No,1,3.9,350,2065.0,Jun,6,Q2,Monday
OPS-104518,2025-02-21,HR,Mumbai,Invoice Query,Medium,Portal,HR Ops,Closed,11.5,24,No,1,5.0,400,4600.0,Feb,2,Q1,Friday
OPS-103622,2025-01-13,HR,Gurugram,Report Request,Low,Phone,Vendor Management,Closed,6.6,48,No,0,4.4,350,2310.0,Jan,1,Q1,Monday
OPS-101987,2025-06-20,Customer Support,Hyderabad,Compliance Request,High,Phone,Finance Ops,Closed,15.3,12,Yes,0,4.7,450,6885.0,Jun,6,Q2,Friday
OPS-100652,2025-07-10,Sales,Bengaluru,Report Request,Medium,Email,IT Support,Closed,20.3,24,No,2,3.3,280,5684.0,Jul,7,Q3,Thursday
OPS-100235,2025-07-20,Operations,Mumbai,Access Request,High,Email,MIS,Closed,6.9,12,No,2,4.5,450,3105.0,Jul,7,Q3,Sunday
OPS-101405,2025-06-03,Operations,Mumbai,Invoice Query,Medium,Email,HR Ops,Escalated,42.0,24,Yes,2,3.7,350,14700.0,Jun,6,Q2,Tuesday
OPS-100289,2025-04-09,Customer Support,Gurugram,Report Request,High,Teams,IT Support,Closed,16.2,12,Yes,0,4.6,320,5184.0,Apr,4,Q2,Wednesday
OPS-102842,2025-09-27,IT,Bengaluru,Access Request,Low,Email,Vendor Management,Pending,10.9,48,No,1,5.0,400,4360.0,Sep,9,Q3,Saturday
OPS-102509,2025-08-21,Procurement,Gurugram,Vendor Query,Medium,Email,MIS,Closed,10.8,24,No,0,4.8,400,4320.0,Aug,8,Q3,Thursday
OPS-103897,2025-02-21,HR,Chennai,Invoice Query,Low,Email,Vendor Management,Closed,4.6,48,No,2,4.5,450,2070.0,Feb,2,Q1,Friday
OPS-100199,2025-09-25,IT,,Data Correction,Low,Phone,Vendor Management,Closed,16.7,48,No,0,5.0,320,5344.0,Sep,9,Q3,Thursday
OPS-101813,2025-02-15,Operations,Mumbai,Vendor Query,Medium,Email,Finance Ops,Closed,4.6,24,No,0,5.0,400,1840.0,Feb,2,Q1,Saturday
OPS-102763,2025-07-02,HR,Bengaluru,Access Request,High,Email,Finance Ops,Closed,5.3,12,No,0,5.0,450,2385.0,Jul,7,Q3,Wednesday
OPS-102095,2025-04-12,Finance,Hyderabad,Data Correction,Low,Email,MIS,Closed,8.0,48,No,0,4.9,450,3600.0,Apr,4,Q2,Saturday
OPS-101643,2025-02-14,Customer Support,Pune,Compliance Request,High,Teams,IT Support,Closed,4.4,12,No,0,4.7,280,1232.0,Feb,2,Q1,Friday
OPS-104191,2025-07-17,Procurement,Chennai,Compliance Request,Low,Teams,MIS,Closed,5.5,48,No,0,4.6,400,2200.0,Jul,7,Q3,Thursday
OPS-100775,2025-08-24,Operations,Pune,Report Request,Medium,Email,Finance Ops,Closed,11.6,24,No,0,4.2,400,4640.0,Aug,8,Q3,Sunday
OPS-101098,2025-06-08,Sales,Chennai,Employee Query,High,Portal,Finance Ops,Closed,6.2,12,No,0,4.6,350,2170.0,Jun,6,Q2,Sunday
OPS-102186,2025-03-12,IT,Mumbai,System Issue,Low,Portal,HR Ops,Closed,12.1,48,No,0,5.0,350,4235.0,Mar,3,Q1,Wednesday
OPS-103365,2025-06-21,Operations,Chennai,Vendor Query,Medium,Teams,IT Support,Closed,37.9,24,Yes,0,3.8,320,12128.0,Jun,6,Q2,Saturday
OPS-104956,2025-07-31,IT,Pune,Data Correction,Low,Email,MIS,Escalated,11.4,48,No,2,4.2,400,4560.0,Jul,7,Q3,Thursday
OPS-104472,2025-03-04,HR,Chennai,Vendor Query,Medium,Email,IT Support,Closed,16.3,24,No,1,3.6,280,4564.0,Mar,3,Q1,Tuesday
OPS-100694,2025-07-05,HR,Noida,Compliance Request,Critical,Portal,IT Support,Closed,4.3,4,Yes,0,4.3,450,1935.0,Jul,7,Q3,Saturday
OPS-101628,2025-08-25,Sales,Noida,Report Request,Medium,Portal,MIS,Closed,20.2,24,No,1,4.2,350,7070.0,Aug,8,Q3,Monday
OPS-100043,2025-11-03,HR,Chennai,Data Correction,Medium,Email,Vendor Management,Closed,1.4,24,No,0,4.6,280,392.0,Nov,11,Q4,Monday
OPS-104119,2025-11-09,Sales,Mumbai,Data Correction,Medium,Portal,Finance Ops,Closed,12.6,24,No,2,4.3,400,5040.0,Nov,11,Q4,Sunday
OPS-103210,2025-07-13,HR,Hyderabad,System Issue,Medium,Portal,Vendor Management,Closed,6.0,24,No,0,5.0,280,1680.0,Jul,7,Q3,Sunday
OPS-101095,2025-12-19,Operations,Bengaluru,Compliance Request,Medium,Email,MIS,Closed,2.7,24,No,0,4.6,450,1215.0,Dec,12,Q4,Friday
OPS-102808,2025-02-18,HR,Bengaluru,Report Request,Critical,Portal,MIS,Escalated,10.1,4,Yes,2,4.2,320,3232.0,Feb,2,Q1,Tuesday
OPS-101448,2025-05-23,IT,Pune,Employee Query,Low,Email,Finance Ops,Closed,9.2,48,No,5,3.1,350,3220.0,May,5,Q2,Friday
OPS-104393,2025-12-07,IT,Chennai,System Issue,Low,Email,IT Support,Escalated,18.0,48,No,2,4.6,400,7200.0,Dec,12,Q4,Sunday
OPS-104872,2025-11-11,Finance,Mumbai,Report Request,Low,Email,Vendor Management,Escalated,20.6,48,No,2,3.7,280,5768.0,Nov,11,Q4,Tuesday
OPS-100249,2025-05-08,Sales,Mumbai,Report Request,Medium,Email,IT Support,Closed,6.3,24,No,0,4.5,450,2835.0,May,5,Q2,Thursday
OPS-100709,2025-02-04,HR,Noida,Data Correction,Medium,Email,Vendor Management,Closed,5.6,24,No,1,4.2,350,1960.0,Feb,2,Q1,Tuesday
OPS-103180,2025-08-04,Finance,Pune,System Issue,Low,Phone,Finance Ops,Closed,15.2,48,No,1,4.3,450,6840.0,Aug,8,Q3,Monday
OPS-102468,2025-01-07,IT,Gurugram,Data Correction,Low,Portal,Vendor Management,Closed,14.4,48,No,1,5.0,400,5760.0,Jan,1,Q1,Tuesday
OPS-101180,2025-03-16,Sales,Chennai,Employee Query,Low,Email,Vendor Management,Closed,11.3,48,No,3,4.4,450,5085.0,Mar,3,Q1,Sunday
OPS-100162,2025-03-03,Operations,Mumbai,Access Request,Critical,Email,Vendor Management,Closed,1.0,4,No,1,5.0,350,350.0,Mar,3,Q1,Monday
OPS-102127,2025-10-09,Customer Support,Bengaluru,Vendor Query,Medium,Email,IT Support,Closed,9.0,24,No,2,3.7,320,2880.0,Oct,10,Q4,Thursday
OPS-103007,2025-06-07,Finance,Bengaluru,Compliance Request,Medium,Email,Vendor Management,Closed,5.1,24,No,1,4.6,400,2040.0,Jun,6,Q2,Saturday
OPS-101450,2025-12-31,IT,Chennai,Employee Query,High,Phone,Vendor Management,Closed,23.5,12,Yes,0,4.3,320,7520.0,Dec,12,Q4,Wednesday
OPS-104155,2025-08-01,Procurement,Pune,Vendor Query,Medium,Teams,HR Ops,Closed,1.8,24,No,0,5.0,280,504.0,Aug,8,Q3,Friday
OPS-103355,2025-04-09,Operations,Hyderabad,System Issue,High,Teams,Finance Ops,Closed,9.0,12,No,0,4.8,400,3600.0,Apr,4,Q2,Wednesday
OPS-100224,2025-07-03,Operations,Mumbai,Invoice Query,Medium,Portal,MIS,Pending,7.8,24,No,0,4.5,400,3120.0,Jul,7,Q3,Thursday
OPS-100702,2025-07-11,Customer Support,Hyderabad,System Issue,Medium,Teams,Vendor Management,Closed,16.0,24,No,2,4.2,280,4480.0,Jul,7,Q3,Friday
OPS-100690,2025-12-14,HR,Mumbai,Compliance Request,Low,Phone,MIS,Closed,9.9,48,No,0,4.7,450,4455.0,Dec,12,Q4,Sunday
OPS-100665,2025-08-01,HR,Pune,Vendor Query,Low,Email,IT Support,Closed,15.0,48,No,0,4.1,350,5250.0,Aug,8,Q3,Friday
OPS-103816,2025-12-06,HR,Gurugram,Invoice Query,Low,Portal,HR Ops,Closed,12.0,48,No,3,4.4,450,5400.0,Dec,12,Q4,Saturday
OPS-101877,2025-05-02,Customer Support,Mumbai,Access Request,Low,Portal,Vendor Management,Closed,18.1,48,No,0,4.8,320,5792.0,May,5,Q2,Friday
OPS-103986,2025-03-22,Sales,Hyderabad,Data Correction,Medium,Teams,Finance Ops,Closed,13.6,24,No,0,4.4,450,6120.0,Mar,3,Q1,Saturday
OPS-103851,2025-09-21,Operations,Bengaluru,Report Request,Medium,Email,IT Support,Closed,13.9,24,No,0,4.2,280,3892.0,Sep,9,Q3,Sunday
OPS-101437,2025-08-04,Operations,Noida,Report Request,Low,Phone,MIS,Closed,15.4,48,No,0,5.0,350,5390.0,Aug,8,Q3,Monday
OPS-104693,2025-02-28,Sales,Noida,Employee Query,Medium,Portal,Finance Ops,Closed,5.5,24,No,1,5.0,350,1925.0,Feb,2,Q1,Friday
OPS-101740,2025-04-02,Finance,Pune,System Issue,Medium,Teams,Finance Ops,Closed,12.5,24,No,0,4.6,400,5000.0,Apr,4,Q2,Wednesday
OPS-103849,2025-06-09,Operations,Noida,Vendor Query,Low,Email,HR Ops,Closed,15.7,48,No,1,3.9,320,5024.0,Jun,6,Q2,Monday
OPS-104363,2025-05-30,IT,Bengaluru,Compliance Request,High,Portal,Vendor Management,Closed,17.3,12,Yes,0,4.7,280,4844.0,May,5,Q2,Friday
OPS-104802,2025-06-27,Operations,,Vendor Query,Medium,Teams,MIS,Closed,10.3,24,No,0,5.0,350,3605.0,Jun,6,Q2,Friday
OPS-104784,2025-12-06,Customer Support,Noida,Invoice Query,High,Portal,IT Support,Closed,23.6,12,Yes,1,3.8,350,8260.0,Dec,12,Q4,Saturday
OPS-103890,2025-06-30,Operations,Noida,Access Request,Low,Teams,HR Ops,Closed,14.6,48,No,0,4.9,320,4672.0,Jun,6,Q2,Monday
OPS-100429,2025-04-16,IT,Noida,Access Request,Medium,Email,Finance Ops,Closed,5.5,24,No,0,5.0,450,2475.0,Apr,4,Q2,Wednesday
OPS-104288,2025-07-01,Finance,Noida,Vendor Query,Low,Phone,Vendor Management,Closed,12.7,48,No,1,4.6,350,4445.0,Jul,7,Q3,Tuesday
OPS-104613,2025-09-26,Operations,Bengaluru,Vendor Query,Medium,Email,Finance Ops,Escalated,12.1,24,No,2,4.7,320,3872.0,Sep,9,Q3,Friday
OPS-102794,2025-04-23,HR,Mumbai,Employee Query,Medium,Email,HR Ops,Pending,9.9,24,No,0,4.1,320,3168.0,Apr,4,Q2,Wednesday
OPS-102074,2025-05-22,IT,Chennai,Vendor Query,Low,Email,IT Support,Closed,11.4,48,No,0,4.4,280,3192.0,May,5,Q2,Thursday
OPS-103807,2025-07-01,Customer Support,Bengaluru,Data Correction,Medium,Email,Finance Ops,Closed,22.0,24,No,0,4.9,280,6160.0,Jul,7,Q3,Tuesday
OPS-103583,2025-05-21,Customer Support,Bengaluru,System Issue,Medium,Email,IT Support,Closed,23.3,24,No,0,4.6,400,9320.0,May,5,Q2,Wednesday
OPS-103138,2025-09-22,Finance,Chennai,System Issue,Low,Email,Finance Ops,Closed,4.2,48,No,1,5.0,320,1344.0,Sep,9,Q3,Monday
OPS-101963,2025-12-11,HR,Gurugram,Report Request,High,Email,MIS,Closed,26.9,12,Yes,1,3.7,450,12105.0,Dec,12,Q4,Thursday
OPS-102140,2025-09-28,Operations,Chennai,Compliance Request,Medium,Email,Finance Ops,Closed,2.3,24,No,0,4.9,320,736.0,Sep,9,Q3,Sunday
OPS-101017,2025-09-22,Operations,Chennai,Report Request,Medium,Portal,Finance Ops,Closed,9.8,24,No,0,4.4,320,3136.0,Sep,9,Q3,Monday
OPS-101728,2025-10-12,Sales,Pune,Data Correction,Critical,Portal,Vendor Management,Closed,5.9,4,Yes,1,4.8,320,1888.0,Oct,10,Q4,Sunday
OPS-102277,2025-07-15,HR,Bengaluru,System Issue,Medium,Portal,Vendor Management,Closed,5.5,24,No,1,4.8,320,1760.0,Jul,7,Q3,Tuesday
OPS-103429,2025-10-01,Operations,Hyderabad,Report Request,High,Phone,Finance Ops,Escalated,8.8,12,No,2,4.8,450,3960.0,Oct,10,Q4,Wednesday
OPS-103652,2025-01-10,Sales,Gurugram,Compliance Request,Low,Teams,Vendor Management,Pending,13.4,48,No,1,4.4,320,4288.0,Jan,1,Q1,Friday
OPS-101124,2025-09-11,Sales,Noida,Vendor Query,Medium,Portal,HR Ops,Escalated,10.2,24,No,1,4.3,320,3264.0,Sep,9,Q3,Thursday
OPS-102839,2025-08-08,Sales,Pune,Compliance Request,Medium,Email,Finance Ops,Escalated,18.7,24,No,2,3.7,450,8415.0,Aug,8,Q3,Friday
OPS-103972,2025-09-30,IT,Noida,Report Request,Low,Email,Vendor Management,Pending,24.0,48,No,0,4.5,320,7680.0,Sep,9,Q3,Tuesday
OPS-101478,2025-10-28,Operations,Mumbai,Vendor Query,Low,Email,IT Support,Escalated,28.4,48,No,2,3.6,400,11360.0,Oct,10,Q4,Tuesday
OPS-100598,2025-11-27,Operations,Noida,Invoice Query,High,Portal,Vendor Management,Closed,10.2,12,No,0,4.3,280,2856.0,Nov,11,Q4,Thursday
OPS-103247,2025-10-22,Sales,Mumbai,Compliance Request,Medium,Teams,Finance Ops,Closed,13.2,24,No,1,3.7,400,5280.0,Oct,10,Q4,Wednesday
OPS-103124,2025-10-11,Customer Support,Bengaluru,Invoice Query,Low,Email,MIS,Closed,5.4,48,No,1,4.6,350,1890.0,Oct,10,Q4,Saturday
OPS-101726,2025-02-08,Operations,Noida,Access Request,Medium,Teams,IT Support,Escalated,15.6,24,No,4,3.1,280,4368.0,Feb,2,Q1,Saturday
OPS-104298,2025-12-04,Customer Support,Gurugram,Employee Query,Medium,Email,IT Support,Closed,17.7,24,No,0,4.3,450,7965.0,Dec,12,Q4,Thursday
OPS-104108,2025-06-30,Operations,Pune,Access Request,Medium,Email,IT Support,Closed,0.9,24,No,1,4.6,450,405.0,Jun,6,Q2,Monday
OPS-104387,2025-05-25,Sales,Chennai,Compliance Request,Medium,Phone,HR Ops,Closed,1.5,24,No,1,4.7,320,480.0,May,5,Q2,Sunday
OPS-100588,2025-06-30,Sales,Mumbai,Vendor Query,Low,Email,MIS,Closed,23.1,48,No,0,4.7,400,9240.0,Jun,6,Q2,Monday
OPS-100667,2025-09-09,Finance,Chennai,System Issue,Medium,Portal,Vendor Management,Closed,6.1,24,No,0,4.8,320,1952.0,Sep,9,Q3,Tuesday
OPS-102467,2025-09-13,Operations,Hyderabad,Data Correction,High,Email,HR Ops,Escalated,12.6,12,Yes,2,3.8,350,4410.0,Sep,9,Q3,Saturday
OPS-103173,2025-10-31,Sales,Mumbai,Vendor Query,Medium,Portal,HR Ops,Closed,7.2,24,No,0,4.4,400,2880.0,Oct,10,Q4,Friday
OPS-100018,2025-11-05,Customer Support,Gurugram,Invoice Query,High,Portal,MIS,Closed,5.2,12,No,1,4.5,450,2340.0,Nov,11,Q4,Wednesday
OPS-103706,2025-05-21,Finance,Chennai,Compliance Request,Low,Email,Finance Ops,Closed,2.3,48,No,1,4.4,320,736.0,May,5,Q2,Wednesday
OPS-103286,2025-03-31,Sales,Hyderabad,Invoice Query,medium,Portal,Vendor Management,Closed,25.1,12,Yes,0,4.7,320,8032.0,Mar,3,Q1,Monday
OPS-103362,2025-10-15,HR,Noida,Access Request,Medium,Teams,,Closed,6.1,24,No,0,5.0,320,1952.0,Oct,10,Q4,Wednesday
OPS-101956,2025-01-14,Procurement,Mumbai,Compliance Request,Medium,Portal,Vendor Management,Closed,10.0,24,No,0,4.2,280,2800.0,Jan,1,Q1,Tuesday
OPS-104043,2025-12-15,Sales,Pune,Invoice Query,Medium,Portal,Vendor Management,Closed,7.7,24,No,0,4.1,400,3080.0,Dec,12,Q4,Monday
OPS-103591,2025-06-13,Sales,Mumbai,System Issue,Low,Email,HR Ops,Closed,8.4,48,No,1,4.6,450,3780.0,Jun,6,Q2,Friday
OPS-102654,2025-06-20,IT,Gurugram,System Issue,Critical,Portal,IT Support,Closed,9.0,4,Yes,0,5.0,450,4050.0,Jun,6,Q2,Friday
OPS-102113,2025-05-23,Procurement,Mumbai,Data Correction,Low,Portal,HR Ops,Escalated,12.8,48,No,1,4.5,350,4480.0,May,5,Q2,Friday
OPS-101255,2025-11-19,Sales,Noida,Access Request,Medium,Portal,HR Ops,Closed,4.8,24,No,3,4.4,450,2160.0,Nov,11,Q4,Wednesday
OPS-102288,2025-07-19,Sales,Mumbai,Invoice Query,Low,Email,IT Support,Closed,3.4,48,No,0,4.8,400,1360.0,Jul,7,Q3,Saturday
OPS-104118,2025-06-18,Finance,Bengaluru,Report Request,Medium,Phone,MIS,Closed,6.9,24,No,1,4.5,320,2208.0,Jun,6,Q2,Wednesday
OPS-102205,2025-09-28,Customer Support,Mumbai,System Issue,Low,Email,IT Support,Closed,38.6,48,No,2,3.3,450,17370.0,Sep,9,Q3,Sunday
OPS-101498,2025-09-04,HR,Gurugram,Employee Query,Low,Email,Finance Ops,Closed,7.4,48,No,0,4.3,400,2960.0,Sep,9,Q3,Thursday
OPS-104001,2025-06-20,Customer Support,Pune,Employee Query,Medium,Phone,HR Ops,Closed,8.9,24,No,0,4.9,350,3115.0,Jun,6,Q2,Friday
OPS-102688,2025-03-07,Procurement,Noida,Invoice Query,Medium,Phone,HR Ops,Closed,39.5,24,Yes,0,4.0,450,17775.0,Mar,3,Q1,Friday
OPS-101344,2025-02-03,HR,Pune,System Issue,Medium,Teams,MIS,Closed,6.8,24,No,0,5.0,350,2380.0,Feb,2,Q1,Monday
OPS-103229,2025-04-19,IT,Noida,Data Correction,Medium,Portal,Vendor Management,Closed,7.3,24,No,0,4.1,450,3285.0,Apr,4,Q2,Saturday
OPS-101770,2025-07-18,Customer Support,Chennai,Invoice Query,Low,Teams,Finance Ops,Closed,11.0,48,No,0,4.8,280,3080.0,Jul,7,Q3,Friday
OPS-102414,2025-10-15,IT,Bengaluru,Vendor Query,Medium,Email,HR Ops,Closed,11.0,24,No,1,4.2,450,4950.0,Oct,10,Q4,Wednesday
OPS-103336,2025-09-15,HR,Bengaluru,Compliance Request,High,Email,HR Ops,Closed,14.8,12,Yes,2,4.2,350,5180.0,Sep,9,Q3,Monday
OPS-102530,2025-10-11,Customer Support,Bengaluru,Compliance Request,Medium,Teams,HR Ops,Escalated,26.5,24,Yes,2,3.7,320,8480.0,Oct,10,Q4,Saturday
OPS-100646,2025-05-28,Finance,Gurugram,Report Request,Medium,Email,MIS,Closed,1.8,24,No,1,4.6,350,630.0,May,5,Q2,Wednesday
OPS-100457,2025-07-08,HR,Chennai,Access Request,Medium,Email,Finance Ops,Closed,17.6,24,No,1,4.4,400,7040.0,Jul,7,Q3,Tuesday
OPS-102034,2025-08-11,Procurement,Gurugram,Vendor Query,Medium,Teams,IT Support,Closed,3.1,24,No,0,4.9,350,1085.0,Aug,8,Q3,Monday
OPS-101319,2025-01-14,Sales,Pune,Report Request,Medium,Email,IT Support,Closed,33.5,24,Yes,0,3.7,400,13400.0,Jan,1,Q1,Tuesday
OPS-102645,2025-09-15,Operations,Bengaluru,Vendor Query,Medium,Email,MIS,Closed,12.3,24,No,0,4.2,320,3936.0,Sep,9,Q3,Monday
OPS-101334,2025-08-03,Customer Support,Bengaluru,Access Request,Medium,Phone,HR Ops,Closed,10.2,24,No,1,4.1,280,2856.0,Aug,8,Q3,Sunday
OPS-100813,2025-12-06,HR,Pune,Access Request,Medium,Email,MIS,Closed,15.2,24,No,1,4.8,320,4864.0,Dec,12,Q4,Saturday
OPS-100309,2025-08-26,Sales,Mumbai,Vendor Query,High,Portal,IT Support,Closed,23.6,12,Yes,0,4.4,350,8260.0,Aug,8,Q3,Tuesday
OPS-101007,2025-06-21,Operations,Chennai,Vendor Query,High,Phone,Vendor Management,Pending,0.8,12,No,0,4.9,450,360.0,Jun,6,Q2,Saturday
OPS-100065,2025-02-23,Finance,Pune,Compliance Request,Medium,Portal,Finance Ops,Closed,2.7,24,No,0,4.8,350,945.0,Feb,2,Q1,Sunday
OPS-104745,2025-04-14,Sales,Gurugram,System Issue,Low,Phone,MIS,Pending,16.2,48,No,0,4.7,350,5670.0,Apr,4,Q2,Monday
OPS-103823,2025-07-05,IT,Hyderabad,Employee Query,Low,Email,HR Ops,Pending,15.4,48,No,0,4.9,320,4928.0,Jul,7,Q3,Saturday
OPS-101218,2025-08-03,IT,Gurugram,Vendor Query,Low,Email,MIS,Closed,4.3,48,No,0,4.9,450,1935.0,Aug,8,Q3,Sunday
OPS-104394,2025-05-07,Procurement,Hyderabad,Data Correction,Low,Teams,MIS,Closed,9.2,48,No,0,4.5,320,2944.0,May,5,Q2,Wednesday
OPS-104535,2025-08-01,Procurement,Hyderabad,Report Request,Medium,Email,HR Ops,Closed,7.6,24,No,0,4.3,350,2660.0,Aug,8,Q3,Friday
OPS-101578,2025-01-03,Customer Support,Chennai,Employee Query,Medium,Email,MIS,Closed,14.2,24,No,0,4.8,280,3976.0,Jan,1,Q1,Friday
OPS-104839,2025-04-24,Customer Support,Hyderabad,System Issue,Low,Phone,MIS,Closed,29.0,48,No,0,4.7,280,8120.0,Apr,4,Q2,Thursday
OPS-102491,2025-06-22,Sales,Hyderabad,Report Request,Medium,Phone,MIS,Closed,24.1,24,Yes,0,3.9,350,8435.0,Jun,6,Q2,Sunday
OPS-104303,2025-08-06,Operations,Pune,Vendor Query,Medium,Teams,Vendor Management,Escalated,23.3,24,No,2,4.1,350,8155.0,Aug,8,Q3,Wednesday
OPS-101886,2025-07-02,Finance,Pune,Invoice Query,Medium,Email,Finance Ops,Closed,2.1,24,No,0,5.0,320,672.0,Jul,7,Q3,Wednesday
OPS-104105,2025-01-04,Operations,Chennai,Access Request,Medium,Teams,MIS,Closed,7.9,24,No,1,5.0,450,3555.0,Jan,1,Q1,Saturday
OPS-104012,2025-12-15,Customer Support,Hyderabad,Access Request,Critical,Email,HR Ops,Pending,7.0,4,Yes,1,4.5,450,3150.0,Dec,12,Q4,Monday
OPS-102355,2025-09-06,Operations,Bengaluru,Data Correction,Medium,Email,Finance Ops,Closed,4.4,24,No,1,4.2,450,1980.0,Sep,9,Q3,Saturday
OPS-101238,2025-05-12,Operations,Chennai,Invoice Query,Low,Portal,MIS,Escalated,18.9,48,No,2,4.5,400,7560.0,May,5,Q2,Monday
OPS-101226,2025-05-24,Finance,Chennai,Compliance Request,High,Email,MIS,Closed,4.6,12,No,0,5.0,350,1610.0,May,5,Q2,Saturday
OPS-103200,2025-06-06,Finance,Mumbai,System Issue,Medium,Email,MIS,Closed,28.1,24,Yes,0,4.4,280,7868.0,Jun,6,Q2,Friday
OPS-104169,2025-01-10,IT,Chennai,System Issue,Low,Email,Finance Ops,Closed,8.2,48,No,0,5.0,400,3280.0,Jan,1,Q1,Friday
OPS-102385,2025-06-12,Finance,Hyderabad,Data Correction,Medium,Email,MIS,Closed,12.6,24,No,2,4.1,320,4032.0,Jun,6,Q2,Thursday
OPS-100920,2025-03-09,HR,Gurugram,Employee Query,Medium,Email,Finance Ops,Closed,1.0,24,No,2,4.4,400,400.0,Mar,3,Q1,Sunday
OPS-101929,2025-08-31,HR,Noida,Employee Query,High,Portal,Finance Ops,Closed,8.5,12,No,0,4.9,350,2975.0,Aug,8,Q3,Sunday
OPS-101619,2025-12-15,Sales,Gurugram,Invoice Query,High,Phone,HR Ops,Escalated,11.4,12,No,1,4.6,400,4560.0,Dec,12,Q4,Monday
OPS-100085,2025-12-04,Customer Support,Hyderabad,Invoice Query,High,Email,MIS,Closed,15.0,12,Yes,1,4.0,350,5250.0,Dec,12,Q4,Thursday
OPS-103352,2025-10-04,Sales,Mumbai,Compliance Request,High,Portal,IT Support,Closed,11.0,12,No,1,4.2,280,3080.0,Oct,10,Q4,Saturday
OPS-104088,2025-04-19,Procurement,Noida,Vendor Query,Medium,Portal,Vendor Management,Closed,9.8,24,No,1,4.3,450,4410.0,Apr,4,Q2,Saturday
OPS-103035,2025-08-14,Procurement,Mumbai,Access Request,High,Phone,HR Ops,Closed,4.2,12,No,0,5.0,280,1176.0,Aug,8,Q3,Thursday
OPS-100674,2025-08-21,Finance,Hyderabad,System Issue,Medium,Phone,Finance Ops,Closed,12.7,24,No,0,4.1,450,5715.0,Aug,8,Q3,Thursday
OPS-100187,2025-11-03,Finance,Mumbai,System Issue,Medium,Email,IT Support,Closed,10.6,24,No,0,5.0,450,4770.0,Nov,11,Q4,Monday
OPS-101434,2025-01-12,Customer Support,Bengaluru,Access Request,Medium,Portal,MIS,Closed,6.4,24,No,0,5.0,350,2240.0,Jan,1,Q1,Sunday
OPS-104931,2025-03-16,Sales,Pune,Report Request,High,Email,Finance Ops,Closed,16.0,12,Yes,0,4.9,280,4480.0,Mar,3,Q1,Sunday
OPS-103251,2025-11-14,Customer Support,Mumbai,Report Request,Critical,Email,HR Ops,Closed,1.8,4,No,2,4.2,400,720.0,Nov,11,Q4,Friday
OPS-102940,2025-08-01,HR,Mumbai,Report Request,Medium,Portal,Finance Ops,Closed,21.3,24,No,0,4.5,400,8520.0,Aug,8,Q3,Friday
OPS-103739,2025-12-25,IT,Mumbai,Invoice Query,Low,Email,IT Support,Pending,12.1,48,No,0,5.0,400,4840.0,Dec,12,Q4,Thursday
OPS-104754,2025-10-27,Procurement,Bengaluru,Vendor Query,Low,Email,Finance Ops,Closed,20.1,48,No,1,3.9,400,8040.0,Oct,10,Q4,Monday
OPS-101089,2025-03-27,IT,Mumbai,Access Request,Medium,Email,Vendor Management,Closed,1.7,24,No,1,4.8,450,765.0,Mar,3,Q1,Thursday
OPS-103148,2025-08-10,HR,Noida,Compliance Request,Low,Email,HR Ops,Closed,11.6,48,No,0,4.5,400,4640.0,Aug,8,Q3,Sunday
OPS-100620,2025-11-17,IT,Mumbai,Report Request,Low,Email,Vendor Management,Closed,12.8,48,No,0,5.0,320,4096.0,Nov,11,Q4,Monday
OPS-104172,2025-11-20,IT,Pune,Data Correction,Low,Portal,MIS,Closed,8.3,48,No,0,5.0,280,2324.0,Nov,11,Q4,Thursday
OPS-104017,2025-08-16,IT,Chennai,Access Request,Low,Teams,Finance Ops,Closed,41.5,48,No,1,3.5,350,14525.0,Aug,8,Q3,Saturday
OPS-101215,2025-09-14,Finance,Mumbai,Report Request,Medium,Email,Vendor Management,Pending,14.0,24,No,1,4.2,350,4900.0,Sep,9,Q3,Sunday
OPS-101703,2025-01-22,Procurement,Pune,Vendor Query,High,Portal,Finance Ops,Closed,6.9,12,No,0,5.0,320,2208.0,Jan,1,Q1,Wednesday
OPS-103265,2025-02-28,Sales,Noida,Employee Query,High,Teams,HR Ops,Closed,3.4,12,No,2,4.2,350,1190.0,Feb,2,Q1,Friday
OPS-102066,2025-03-17,Finance,Bengaluru,Report Request,Low,Email,Finance Ops,Closed,36.3,48,No,0,4.4,320,11616.0,Mar,3,Q1,Monday
OPS-100784,2025-12-07,Procurement,Gurugram,Data Correction,Low,Phone,MIS,Closed,9.1,48,No,0,4.2,320,2912.0,Dec,12,Q4,Sunday
OPS-104261,2025-11-24,Finance,Gurugram,Invoice Query,Low,Email,HR Ops,Closed,33.0,48,No,0,4.0,450,14850.0,Nov,11,Q4,Monday
OPS-104087,2025-04-26,Sales,Hyderabad,Report Request,High,Email,Vendor Management,Escalated,40.8,12,Yes,3,3.5,320,13056.0,Apr,4,Q2,Saturday
OPS-103665,2025-07-24,IT,Mumbai,Data Correction,Medium,Portal,HR Ops,Closed,4.3,24,No,0,4.9,400,1720.0,Jul,7,Q3,Thursday
OPS-101580,2025-08-15,Sales,Pune,Access Request,Low,Email,IT Support,Closed,13.5,48,No,1,3.8,350,4725.0,Aug,8,Q3,Friday
OPS-104217,2025-09-28,HR,Mumbai,Vendor Query,Medium,Email,Finance Ops,Closed,14.1,24,No,0,4.3,280,3948.0,Sep,9,Q3,Sunday
OPS-104771,2025-08-10,Customer Support,Hyderabad,Compliance Request,Medium,Teams,Vendor Management,Closed,13.6,24,No,0,4.4,280,3808.0,Aug,8,Q3,Sunday
OPS-103462,2025-12-20,Finance,Gurugram,Compliance Request,Medium,Portal,Finance Ops,Closed,22.9,24,No,0,4.7,320,7328.0,Dec,12,Q4,Saturday
OPS-104070,2025-05-29,Operations,Noida,System Issue,High,Email,MIS,Closed,10.4,12,No,0,4.8,450,4680.0,May,5,Q2,Thursday
OPS-102396,2025-11-06,Finance,Gurugram,Compliance Request,High,Portal,Vendor Management,Closed,12.0,12,No,0,4.6,350,4200.0,Nov,11,Q4,Thursday
OPS-103270,2025-09-24,Procurement,Mumbai,Invoice Query,Low,Email,IT Support,Closed,34.7,48,No,0,4.1,320,11104.0,Sep,9,Q3,Wednesday
OPS-100625,2025-10-28,Procurement,Bengaluru,Invoice Query,Medium,Portal,Vendor Management,Closed,3.2,24,No,1,4.9,350,1120.0,Oct,10,Q4,Tuesday
OPS-103408,2025-06-03,Sales,Mumbai,Vendor Query,Medium,Email,HR Ops,Closed,11.7,24,No,0,4.7,280,3276.0,Jun,6,Q2,Tuesday
OPS-101366,2025-02-15,Sales,Hyderabad,Vendor Query,Low,Email,Vendor Management,Pending,27.0,48,No,0,4.6,320,8640.0,Feb,2,Q1,Saturday
OPS-102895,2025-03-02,IT,Gurugram,Report Request,Low,Teams,IT Support,Closed,7.2,48,No,0,4.5,350,2520.0,Mar,3,Q1,Sunday
OPS-103004,2025-03-04,HR,Mumbai,Invoice Query,High,Teams,Vendor Management,Closed,4.8,12,No,0,4.7,320,1536.0,Mar,3,Q1,Tuesday
OPS-103831,2025-06-11,Procurement,Pune,Invoice Query,High,Portal,Finance Ops,Closed,22.4,12,Yes,0,3.6,400,8960.0,Jun,6,Q2,Wednesday
OPS-102221,2025-04-10,IT,Mumbai,Access Request,Medium,Email,IT Support,Closed,8.9,24,No,0,4.6,450,4005.0,Apr,4,Q2,Thursday
OPS-102182,2025-04-18,Operations,Mumbai,Vendor Query,Critical,Portal,IT Support,Closed,1.8,4,No,1,4.9,450,810.0,Apr,4,Q2,Friday
OPS-103747,2025-08-24,Procurement,Chennai,Compliance Request,Medium,Teams,Finance Ops,Closed,7.7,24,No,1,4.5,400,3080.0,Aug,8,Q3,Sunday
OPS-101001,2025-09-16,Procurement,Hyderabad,Vendor Query,Medium,Phone,IT Support,Closed,13.6,24,No,0,4.3,450,6120.0,Sep,9,Q3,Tuesday
OPS-104590,2025-05-17,HR,Gurugram,Compliance Request,Low,Phone,HR Ops,Closed,7.6,48,No,0,5.0,400,3040.0,May,5,Q2,Saturday
OPS-104462,2025-08-18,Customer Support,Pune,Invoice Query,Medium,Email,MIS,Closed,5.1,24,No,0,5.0,400,2040.0,Aug,8,Q3,Monday
OPS-101085,2025-04-07,Customer Support,Gurugram,Employee Query,Medium,Email,Finance Ops,Closed,12.7,24,No,1,4.5,350,4445.0,Apr,4,Q2,Monday
OPS-100355,2025-08-11,Operations,Bengaluru,Report Request,Low,Portal,Finance Ops,Closed,9.9,48,No,0,4.5,350,3465.0,Aug,8,Q3,Monday
OPS-103600,2025-12-24,IT,Hyderabad,Report Request,Low,Portal,Vendor Management,Escalated,13.4,48,No,1,4.4,450,6030.0,Dec,12,Q4,Wednesday
OPS-103794,2025-01-13,Sales,Mumbai,Vendor Query,High,Portal,Finance Ops,Closed,21.0,12,Yes,1,3.9,450,9450.0,Jan,1,Q1,Monday
OPS-103486,2025-12-20,Operations,Mumbai,Data Correction,Medium,Email,Finance Ops,Closed,3.9,24,No,0,5.0,350,1365.0,Dec,12,Q4,Saturday
OPS-101268,2025-04-06,Customer Support,Hyderabad,Access Request,High,Portal,Finance Ops,Escalated,23.3,12,Yes,1,3.9,350,8155.0,Apr,4,Q2,Sunday
OPS-104184,2025-10-19,HR,Mumbai,Compliance Request,Low,Email,Finance Ops,Closed,1.3,48,No,0,5.0,400,520.0,Oct,10,Q4,Sunday
OPS-102919,2025-05-05,Operations,Mumbai,System Issue,Low,,HR Ops,Escalated,12.8,48,No,2,4.3,350,4480.0,May,5,Q2,Monday
OPS-100459,2025-03-10,Finance,Chennai,Invoice Query,Medium,Portal,Vendor Management,Closed,10.4,24,No,0,4.4,450,4680.0,Mar,3,Q1,Monday
OPS-103216,2025-03-28,Finance,Gurugram,Employee Query,Low,Email,MIS,Closed,16.4,48,No,1,4.2,450,7380.0,Mar,3,Q1,Friday
OPS-100009,2025-05-02,IT,Chennai,System Issue,Medium,Portal,MIS,Closed,12.6,24,No,0,5.0,320,4032.0,May,5,Q2,Friday
OPS-102167,2025-06-05,Procurement,Mumbai,Access Request,Medium,Portal,HR Ops,Escalated,55.9,24,Yes,2,2.8,450,25155.0,Jun,6,Q2,Thursday
OPS-101205,2025-12-27,HR,Bengaluru,Access Request,Low,Email,IT Support,Closed,6.0,48,No,0,5.0,400,2400.0,Dec,12,Q4,Saturday
OPS-103282,2025-04-19,Finance,Hyderabad,Invoice Query,Low,Portal,MIS,Closed,11.3,48,No,0,4.4,280,3164.0,Apr,4,Q2,Saturday
OPS-103746,2025-08-15,Operations,Pune,Compliance Request,Medium,Phone,Vendor Management,Closed,3.0,24,No,0,4.8,400,1200.0,Aug,8,Q3,Friday
OPS-103788,2025-02-22,Customer Support,Chennai,Compliance Request,Medium,Email,MIS,Closed,23.4,24,No,0,4.5,320,7488.0,Feb,2,Q1,Saturday
OPS-102512,2025-01-21,Finance,Mumbai,Access Request,Low,Teams,MIS,Closed,16.2,48,No,1,3.9,400,6480.0,Jan,1,Q1,Tuesday
OPS-104002,2025-08-04,Operations,Noida,Employee Query,Low,Portal,Vendor Management,Closed,15.8,48,No,2,4.4,280,4424.0,Aug,8,Q3,Monday
OPS-104534,2025-04-07,Operations,Mumbai,Report Request,High,Email,HR Ops,Closed,5.9,12,No,0,4.8,400,2360.0,Apr,4,Q2,Monday
OPS-101542,2025-08-14,Customer Support,Mumbai,Data Correction,Medium,Email,MIS,Closed,32.6,24,Yes,0,3.4,350,11410.0,Aug,8,Q3,Thursday
OPS-102431,2025-10-14,Customer Support,Pune,Vendor Query,Low,Portal,MIS,Closed,1.7,48,No,1,4.5,320,544.0,Oct,10,Q4,Tuesday
OPS-102586,2025-07-09,IT,Mumbai,Data Correction,Medium,Email,Finance Ops,Closed,3.4,24,No,0,5.0,280,952.0,Jul,7,Q3,Wednesday
OPS-100716,2025-11-08,IT,Noida,Employee Query,Critical,Portal,Finance Ops,Escalated,14.3,4,Yes,2,3.9,400,5720.0,Nov,11,Q4,Saturday
OPS-100444,2025-05-09,Sales,Chennai,Data Correction,High,Email,MIS,Closed,8.6,12,No,0,4.8,280,2408.0,May,5,Q2,Friday
OPS-102939,2025-08-20,IT,Hyderabad,Access Request,Low,Portal,HR Ops,Closed,11.7,48,No,0,5.0,280,3276.0,Aug,8,Q3,Wednesday
OPS-103848,2025-11-03,Operations,Hyderabad,Compliance Request,Medium,Teams,MIS,Closed,2.7,24,No,0,4.7,450,1215.0,Nov,11,Q4,Monday
OPS-103468,2025-04-14,Sales,Gurugram,Invoice Query,Low,Email,Finance Ops,Closed,30.1,48,No,1,4.0,450,13545.0,Apr,4,Q2,Monday
OPS-102059,2025-08-06,HR,Hyderabad,Access Request,Low,Email,HR Ops,Closed,4.7,48,No,2,3.9,280,1316.0,Aug,8,Q3,Wednesday
OPS-102063,2025-05-16,HR,Mumbai,Data Correction,Low,Portal,Vendor Management,Closed,10.0,48,No,1,4.6,280,2800.0,May,5,Q2,Friday
OPS-100192,2025-06-09,HR,Chennai,Invoice Query,Medium,Email,Vendor Management,Pending,15.8,24,No,0,4.9,320,5056.0,Jun,6,Q2,Monday
OPS-102097,2025-04-12,Finance,Bengaluru,Vendor Query,Critical,Teams,HR Ops,Pending,3.5,4,No,0,4.5,320,1120.0,Apr,4,Q2,Saturday
OPS-100425,2025-11-04,IT,Hyderabad,Vendor Query,Low,Teams,IT Support,Closed,12.7,48,No,0,4.1,450,5715.0,Nov,11,Q4,Tuesday
OPS-101073,2025-07-17,Procurement,Hyderabad,Employee Query,Critical,Email,Finance Ops,Pending,12.2,4,Yes,1,4.4,320,3904.0,Jul,7,Q3,Thursday
OPS-101644,2025-12-11,Sales,Noida,System Issue,Medium,Email,Vendor Management,Closed,16.3,24,No,0,4.4,400,6520.0,Dec,12,Q4,Thursday
OPS-102695,2025-02-23,IT,Gurugram,Employee Query,Medium,Email,IT Support,Escalated,5.3,24,No,1,4.8,450,2385.0,Feb,2,Q1,Sunday
OPS-101390,2025-04-21,Sales,Bengaluru,Employee Query,Low,Email,HR Ops,Closed,18.8,48,No,0,4.9,450,8460.0,Apr,4,Q2,Monday
OPS-100182,2025-07-17,IT,Chennai,Employee Query,Medium,Portal,IT Support,Escalated,29.8,24,Yes,1,3.9,320,9536.0,Jul,7,Q3,Thursday
OPS-101681,2025-12-10,IT,Gurugram,System Issue,Medium,Phone,Vendor Management,Escalated,14.8,24,No,2,3.8,400,5920.0,Dec,12,Q4,Wednesday
OPS-103626,2025-10-22,HR,Mumbai,Vendor Query,Low,Email,Vendor Management,Escalated,25.2,48,No,1,4.6,280,7056.0,Oct,10,Q4,Wednesday
OPS-102428,2025-05-10,Operations,Pune,Access Request,High,Portal,MIS,Closed,10.5,12,No,0,4.3,350,3675.0,May,5,Q2,Saturday
OPS-100788,2025-07-11,Operations,Chennai,Data Correction,Low,Email,Finance Ops,Closed,14.1,48,No,0,4.6,280,3948.0,Jul,7,Q3,Friday
OPS-102629,2025-12-26,Operations,Hyderabad,Vendor Query,Low,Email,Vendor Management,Closed,5.2,48,No,1,4.8,350,1820.0,Dec,12,Q4,Friday
OPS-101351,2025-12-28,IT,Hyderabad,Compliance Request,Low,Phone,HR Ops,Closed,24.2,48,No,0,4.4,280,6776.0,Dec,12,Q4,Sunday
OPS-101491,2025-01-16,IT,Noida,Vendor Query,Medium,Email,Finance Ops,Closed,10.4,24,No,1,4.5,320,3328.0,Jan,1,Q1,Thursday
OPS-104485,2025-03-29,IT,Chennai,Data Correction,High,Portal,HR Ops,Closed,10.1,12,No,0,4.8,450,4545.0,Mar,3,Q1,Saturday
OPS-104828,2025-06-12,Sales,Bengaluru,Employee Query,High,Email,Finance Ops,Closed,2.6,12,No,0,5.0,280,728.0,Jun,6,Q2,Thursday
OPS-101601,2025-09-18,Customer Support,Gurugram,Data Correction,High,Email,IT Support,Closed,26.6,12,Yes,2,3.8,350,9310.0,Sep,9,Q3,Thursday
OPS-104846,2025-01-03,Operations,Hyderabad,Invoice Query,Medium,Teams,HR Ops,Closed,16.0,24,No,1,4.4,400,6400.0,Jan,1,Q1,Friday
OPS-103474,2025-06-14,Procurement,Hyderabad,Access Request,Low,Portal,Vendor Management,Closed,16.0,48,No,0,5.0,280,4480.0,Jun,6,Q2,Saturday
OPS-104938,2025-10-23,Sales,Pune,Compliance Request,Critical,Portal,HR Ops,Closed,3.6,4,No,0,5.0,350,1260.0,Oct,10,Q4,Thursday
OPS-101869,2025-12-28,Procurement,Gurugram,System Issue,Critical,Email,Vendor Management,Closed,2.9,4,No,0,5.0,350,1015.0,Dec,12,Q4,Sunday
OPS-102432,2025-01-05,Sales,Gurugram,Employee Query,Low,Email,Vendor Management,Escalated,30.3,48,No,1,3.8,280,8484.0,Jan,1,Q1,Sunday
OPS-100059,2025-02-04,Customer Support,Noida,System Issue,Medium,Portal,IT Support,Closed,8.7,24,No,0,4.7,320,2784.0,Feb,2,Q1,Tuesday
OPS-100523,2025-08-30,Customer Support,Bengaluru,Vendor Query,Low,Email,IT Support,Closed,9.2,48,No,0,4.6,350,3220.0,Aug,8,Q3,Saturday
OPS-101901,2025-02-04,Sales,Pune,Employee Query,Low,Phone,HR Ops,Pending,6.6,48,No,0,4.9,320,2112.0,Feb,2,Q1,Tuesday
OPS-102986,2025-12-29,Operations,Hyderabad,Data Correction,Medium,Teams,HR Ops,Pending,8.0,24,No,1,4.9,280,2240.0,Dec,12,Q4,Monday
OPS-104861,2025-06-02,Finance,Bengaluru,Report Request,Low,Portal,MIS,Closed,7.7,48,No,0,4.2,320,2464.0,Jun,6,Q2,Monday
OPS-103866,2025-08-06,Procurement,Chennai,System Issue,Critical,Teams,Finance Ops,Closed,3.8,4,No,0,4.9,400,1520.0,Aug,8,Q3,Wednesday
OPS-104384,2025-09-19,HR,Pune,Vendor Query,Medium,Email,Finance Ops,Escalated,11.6,24,No,2,3.2,400,4640.0,Sep,9,Q3,Friday
OPS-102275,2025-12-19,Procurement,Bengaluru,Report Request,Medium,Email,MIS,Closed,31.9,24,Yes,0,4.3,450,14355.0,Dec,12,Q4,Friday
OPS-102602,2025-01-10,HR,Noida,Data Correction,Medium,Email,IT Support,Closed,16.7,24,No,0,4.4,320,5344.0,Jan,1,Q1,Friday
OPS-100123,2025-08-02,IT,Bengaluru,Compliance Request,Medium,Portal,Finance Ops,Escalated,5.6,24,No,3,3.5,350,1960.0,Aug,8,Q3,Saturday
OPS-101002,2025-06-10,IT,Hyderabad,Report Request,Medium,Phone,HR Ops,Closed,11.3,24,No,0,4.8,400,4520.0,Jun,6,Q2,Tuesday
OPS-101374,2025-10-19,HR,Bengaluru,Access Request,Medium,Teams,MIS,Closed,3.6,24,No,2,4.5,320,1152.0,Oct,10,Q4,Sunday
OPS-100917,2025-01-13,Operations,Hyderabad,Compliance Request,Medium,Phone,IT Support,Closed,12.0,24,No,0,4.8,400,4800.0,Jan,1,Q1,Monday
OPS-100827,2025-12-02,Procurement,Gurugram,Vendor Query,Medium,Teams,HR Ops,Closed,16.5,24,No,0,4.1,280,4620.0,Dec,12,Q4,Tuesday
OPS-100527,2025-03-31,Customer Support,Mumbai,Access Request,Low,Portal,Vendor Management,Escalated,5.4,48,No,1,4.8,450,2430.0,Mar,3,Q1,Monday
OPS-102423,2025-11-12,HR,Bengaluru,System Issue,Low,Teams,Finance Ops,Closed,7.7,48,No,1,5.0,320,2464.0,Nov,11,Q4,Wednesday
OPS-102002,2025-07-26,HR,Gurugram,Vendor Query,Low,Phone,Finance Ops,Pending,5.4,48,No,0,4.4,450,2430.0,Jul,7,Q3,Saturday
OPS-101547,2025-02-28,Operations,Pune,Employee Query,High,Portal,Vendor Management,Closed,21.2,12,Yes,0,4.3,320,6784.0,Feb,2,Q1,Friday
OPS-102945,2025-09-27,Operations,Chennai,Access Request,Medium,Portal,Finance Ops,Escalated,11.6,24,No,2,3.7,320,3712.0,Sep,9,Q3,Saturday
OPS-103648,2025-07-02,Procurement,Chennai,System Issue,Low,Email,Vendor Management,Closed,6.2,48,No,0,4.6,450,2790.0,Jul,7,Q3,Wednesday
OPS-101137,2025-04-14,Sales,Hyderabad,Compliance Request,Medium,Teams,Vendor Management,Closed,6.6,24,No,1,5.0,280,1848.0,Apr,4,Q2,Monday
OPS-103677,2025-07-23,HR,Bengaluru,Compliance Request,Medium,Email,Vendor Management,Closed,7.6,24,No,1,3.8,320,2432.0,Jul,7,Q3,Wednesday
OPS-103630,2025-01-27,HR,Noida,Compliance Request,High,Email,Vendor Management,Pending,13.2,12,Yes,0,4.2,280,3696.0,Jan,1,Q1,Monday
OPS-100279,2025-04-30,Customer Support,Gurugram,Vendor Query,High,Email,Finance Ops,Closed,23.5,12,Yes,0,4.4,320,7520.0,Apr,4,Q2,Wednesday
OPS-104936,2025-01-08,Procurement,Noida,System Issue,High,Teams,MIS,Closed,20.7,12,Yes,1,5.0,320,6624.0,Jan,1,Q1,Wednesday
OPS-100883,2025-05-07,Operations,Bengaluru,Report Request,Medium,Phone,IT Support,Closed,0.5,24,No,0,4.9,280,140.0,May,5,Q2,Wednesday
OPS-100738,2025-04-08,Operations,Bengaluru,Data Correction,Medium,Teams,Vendor Management,Closed,9.5,24,No,1,4.3,400,3800.0,Apr,4,Q2,Tuesday
OPS-102927,2025-04-09,Sales,Gurugram,Data Correction,High,Email,IT Support,Closed,1.7,12,No,0,4.9,320,544.0,Apr,4,Q2,Wednesday
OPS-103874,2025-11-27,Customer Support,Mumbai,Access Request,Medium,Email,MIS,Escalated,31.1,24,Yes,2,3.8,350,10885.0,Nov,11,Q4,Thursday
OPS-103727,2025-09-30,Customer Support,Noida,Invoice Query,Medium,Teams,HR Ops,Closed,13.8,24,No,0,4.9,400,5520.0,Sep,9,Q3,Tuesday
OPS-100295,2025-06-12,HR,Hyderabad,Vendor Query,Low,Teams,MIS,Closed,13.5,48,No,1,4.2,400,5400.0,Jun,6,Q2,Thursday
OPS-100505,2025-06-01,Procurement,Gurugram,System Issue,Low,Teams,Finance Ops,Pending,13.4,48,No,0,4.4,350,4690.0,Jun,6,Q2,Sunday
OPS-101660,2025-12-29,Sales,Mumbai,System Issue,Medium,Teams,HR Ops,Closed,37.6,24,Yes,0,3.5,280,10528.0,Dec,12,Q4,Monday
OPS-102120,2025-09-24,IT,Chennai,Report Request,Low,Portal,IT Support,Closed,8.4,48,No,4,3.9,320,2688.0,Sep,9,Q3,Wednesday
OPS-101718,2025-05-14,IT,Noida,Access Request,Low,Email,Vendor Management,Closed,13.8,48,No,1,3.9,320,4416.0,May,5,Q2,Wednesday
OPS-104743,2025-01-16,HR,Hyderabad,Vendor Query,Low,Email,MIS,Escalated,24.3,48,No,3,3.7,320,7776.0,Jan,1,Q1,Thursday
OPS-103736,2025-10-25,IT,Hyderabad,Invoice Query,Medium,Email,MIS,Closed,22.4,24,No,0,4.7,320,7168.0,Oct,10,Q4,Saturday
OPS-101183,2025-12-13,Sales,Pune,Employee Query,Low,Portal,IT Support,Pending,11.6,48,No,0,4.6,450,5220.0,Dec,12,Q4,Saturday
OPS-103202,2025-05-12,Sales,Pune,Invoice Query,High,Email,Finance Ops,Pending,1.4,12,No,0,4.5,400,560.0,May,5,Q2,Monday
OPS-104697,2025-11-27,Operations,Chennai,Vendor Query,Low,Email,IT Support,Closed,5.2,48,No,0,4.7,320,1664.0,Nov,11,Q4,Thursday
OPS-100548,2025-06-01,Sales,Bengaluru,Access Request,Medium,Email,Vendor Management,Closed,20.5,24,No,1,4.5,400,8200.0,Jun,6,Q2,Sunday
OPS-102757,2025-01-19,Operations,Chennai,Compliance Request,Low,Portal,HR Ops,Closed,3.3,48,No,0,4.3,280,924.0,Jan,1,Q1,Sunday
OPS-100004,2025-04-17,Customer Support,Bengaluru,Invoice Query,Low,Teams,IT Support,Closed,25.9,48,No,0,3.9,280,7252.0,Apr,4,Q2,Thursday
OPS-100979,2025-06-22,Finance,Mumbai,Employee Query,Low,Email,MIS,Closed,6.8,48,No,2,4.0,450,3060.0,Jun,6,Q2,Sunday
OPS-101144,2025-11-20,IT,Gurugram,Invoice Query,Medium,Teams,HR Ops,Closed,3.9,24,No,0,4.8,350,1365.0,Nov,11,Q4,Thursday
OPS-104783,2025-11-22,Sales,Chennai,Employee Query,Medium,Email,Vendor Management,Pending,12.3,24,No,0,4.8,450,5535.0,Nov,11,Q4,Saturday
OPS-101878,2025-05-27,Procurement,Mumbai,Vendor Query,High,Email,IT Support,Escalated,5.4,12,No,2,4.3,280,1512.0,May,5,Q2,Tuesday
OPS-101574,2025-12-04,IT,Hyderabad,Access Request,Medium,Teams,Finance Ops,Closed,12.0,24,No,0,4.4,450,5400.0,Dec,12,Q4,Thursday
OPS-103519,2025-08-30,IT,Bengaluru,Vendor Query,High,Phone,Finance Ops,Closed,6.1,12,No,2,4.7,350,2135.0,Aug,8,Q3,Saturday
OPS-102609,2025-05-04,Finance,Chennai,Data Correction,Low,Email,Vendor Management,Closed,10.4,48,No,0,4.4,400,4160.0,May,5,Q2,Sunday
OPS-104221,2025-05-08,Procurement,Mumbai,Invoice Query,Medium,Phone,IT Support,Closed,9.9,24,No,1,4.0,280,2772.0,May,5,Q2,Thursday
OPS-100836,2025-06-04,Customer Support,Pune,Data Correction,Low,Portal,HR Ops,Closed,9.7,48,No,1,4.7,320,3104.0,Jun,6,Q2,Wednesday
OPS-103147,2025-11-30,IT,Noida,Employee Query,Medium,Portal,Vendor Management,Closed,3.3,24,No,2,4.4,320,1056.0,Nov,11,Q4,Sunday
OPS-103255,2025-08-21,Operations,Pune,Vendor Query,Medium,Email,IT Support,Closed,15.7,24,No,2,3.9,350,5495.0,Aug,8,Q3,Thursday
OPS-102893,2025-03-22,Customer Support,Bengaluru,Invoice Query,High,Email,IT Support,Closed,7.8,12,No,0,5.0,320,2496.0,Mar,3,Q1,Saturday
OPS-103115,2025-09-27,Operations,Bengaluru,Compliance Request,High,Portal,Finance Ops,Closed,23.6,12,Yes,0,4.0,280,6608.0,Sep,9,Q3,Saturday
OPS-103019,2025-05-11,Operations,Noida,Compliance Request,Medium,Email,Vendor Management,Escalated,11.6,24,No,2,4.0,350,4060.0,May,5,Q2,Sunday
OPS-103415,2025-11-11,Sales,Hyderabad,Compliance Request,Critical,Portal,MIS,Closed,4.8,4,Yes,0,4.8,400,1920.0,Nov,11,Q4,Tuesday
OPS-100198,2025-02-21,HR,Noida ,Compliance Request,Low,Email,HR Ops,Closed,19.6,48,No,1,4.1,350,6860.0,Feb,2,Q1,Friday
OPS-100612,2025-05-02,IT,Noida,Vendor Query,Medium,Teams,IT Support,Closed,19.0,24,No,1,4.2,350,6650.0,May,5,Q2,Friday
OPS-103220,2025-07-29,Finance,Noida,Compliance Request,Medium,Email,MIS,Closed,3.5,24,No,1,4.5,450,1575.0,Jul,7,Q3,Tuesday
OPS-102525,2025-01-10,Operations,Chennai,System Issue,Medium,Email,Vendor Management,Closed,7.5,24,No,0,5.0,350,2625.0,Jan,1,Q1,Friday
OPS-103965,2025-06-03,Finance,Gurugram,Compliance Request,Medium,Email,IT Support,Closed,4.2,24,No,1,3.9,400,1680.0,Jun,6,Q2,Tuesday
OPS-101803,2025-10-28,Procurement,Chennai,Compliance Request,Low,Portal,HR Ops,Closed,12.9,48,No,0,3.8,450,5805.0,Oct,10,Q4,Tuesday
OPS-101141,2025-11-12,Sales,Hyderabad,Employee Query,Low,Email,MIS,Pending,9.1,48,No,0,5.0,450,4095.0,Nov,11,Q4,Wednesday
OPS-101022,2025-03-10,Operations,Chennai,Invoice Query,Critical,Portal,IT Support,Closed,12.3,4,Yes,1,4.5,320,3936.0,Mar,3,Q1,Monday
OPS-102476,2025-03-03,Procurement,Hyderabad,Employee Query,Medium,Email,IT Support,Closed,16.0,24,No,2,3.5,280,4480.0,Mar,3,Q1,Monday
OPS-104395,2025-09-28,Finance,Chennai,Employee Query,Medium,Email,Finance Ops,Pending,11.8,24,No,0,5.0,400,4720.0,Sep,9,Q3,Sunday
OPS-102440,2025-03-24,HR,Mumbai,System Issue,Medium,Portal,Finance Ops,Closed,27.9,24,Yes,0,4.3,280,7812.0,Mar,3,Q1,Monday
OPS-101819,2025-05-28,Finance,Hyderabad,Compliance Request,Low,Teams,HR Ops,Closed,5.8,48,No,2,3.7,400,2320.0,May,5,Q2,Wednesday
OPS-103805,2025-01-17,Customer Support,Chennai,Access Request,Low,Portal,Finance Ops,Closed,19.4,48,No,0,4.6,400,7760.0,Jan,1,Q1,Friday
OPS-100498,2025-01-16,Procurement,Hyderabad,System Issue,Low,Email,IT Support,Closed,12.1,48,No,0,4.8,280,3388.0,Jan,1,Q1,Thursday
OPS-102944,2025-04-02,Operations,Chennai,System Issue,Medium,Teams,HR Ops,Pending,10.2,24,No,0,5.0,280,2856.0,Apr,4,Q2,Wednesday
OPS-104965,2025-04-05,Customer Support,Hyderabad,Data Correction,Medium,Email,HR Ops,Closed,25.8,24,Yes,1,3.8,400,10320.0,Apr,4,Q2,Saturday
OPS-103711,2025-02-25,IT,Mumbai,Invoice Query,High,Teams,Vendor Management,Closed,26.2,12,Yes,1,3.9,400,10480.0,Feb,2,Q1,Tuesday
OPS-104397,2025-04-03,HR,Gurugram,Vendor Query,Medium,Email,Vendor Management,Closed,15.0,24,No,1,3.5,280,4200.0,Apr,4,Q2,Thursday
OPS-103602,2025-12-21,HR,Chennai,Access Request,Low,Portal,Finance Ops,Closed,6.2,48,No,0,4.4,400,2480.0,Dec,12,Q4,Sunday
OPS-104961,2025-04-29,Operations,Bengaluru,Employee Query,Medium,Teams,HR Ops,Closed,5.0,24,No,0,5.0,450,2250.0,Apr,4,Q2,Tuesday
OPS-104821,2025-05-20,Procurement,Noida,Employee Query,Low,Email,MIS,Closed,9.4,48,No,1,3.7,350,3290.0,May,5,Q2,Tuesday
OPS-101571,2025-08-29,Customer Support,Gurugram,Compliance Request,Low,,Finance Ops,Closed,47.3,48,No,0,3.1,280,13244.0,Aug,8,Q3,Friday
OPS-100063,2025-12-26,Customer Support,Bengaluru,Invoice Query,Low,Email,IT Support,Closed,8.5,48,No,0,5.0,400,3400.0,Dec,12,Q4,Friday
OPS-103689,2025-03-29,IT,Gurugram,Vendor Query,Low,Email,HR Ops,Closed,12.3,48,No,0,5.0,400,4920.0,Mar,3,Q1,Saturday
OPS-100714,2025-10-30,IT,Chennai,Vendor Query,Medium,Phone,MIS,Closed,3.8,24,No,0,4.9,350,1330.0,Oct,10,Q4,Thursday
OPS-100753,2025-05-25,Sales,Chennai,System Issue,Medium,Portal,MIS,Closed,15.4,24,No,0,4.3,350,5390.0,May,5,Q2,Sunday
OPS-101223,2025-10-12,Procurement,Noida,Employee Query,Medium,Email,Finance Ops,Closed,18.9,24,No,0,3.9,400,7560.0,Oct,10,Q4,Sunday
OPS-104052,2025-12-31,Sales,Gurugram,Vendor Query,Medium,Portal,MIS,Closed,3.1,24,No,0,5.0,280,868.0,Dec,12,Q4,Wednesday
OPS-100809,2025-05-18,Finance,Noida,Employee Query,Low,Email,MIS,Closed,9.8,48,No,0,5.0,350,3430.0,May,5,Q2,Sunday
OPS-102106,2025-11-06,Finance,Gurugram,Invoice Query,High,Email,HR Ops,Closed,10.7,12,No,0,4.4,450,4815.0,Nov,11,Q4,Thursday
OPS-103456,2025-12-25,Finance,Noida,Data Correction,Low,Phone,MIS,Closed,17.0,48,No,0,4.9,350,5950.0,Dec,12,Q4,Thursday
OPS-101928,2025-10-22,Sales,Hyderabad,Compliance Request,High,Email,MIS,Closed,2.1,12,No,1,4.7,400,840.0,Oct,10,Q4,Wednesday
OPS-101189,2025-07-01,Finance,Gurugram,Compliance Request,Medium,Portal,Finance Ops,Closed,29.2,24,Yes,0,4.3,400,11680.0,Jul,7,Q3,Tuesday
OPS-103130,2025-09-08,Finance,Gurugram,Report Request,High,Email,IT Support,Closed,43.5,12,Yes,1,3.4,320,13920.0,Sep,9,Q3,Monday
OPS-101971,2025-10-30,Sales,Noida,Invoice Query,Low,Phone,IT Support,Closed,3.9,48,No,0,4.8,400,1560.0,Oct,10,Q4,Thursday
OPS-104257,2025-09-29,Finance,Pune,Employee Query,Critical,Portal,MIS,Closed,11.5,4,Yes,1,4.8,350,4025.0,Sep,9,Q3,Monday
OPS-101447,2025-09-25,Customer Support,Bengaluru,Report Request,Low,Email,Vendor Management,Closed,16.8,48,No,0,4.4,400,6720.0,Sep,9,Q3,Thursday
OPS-100717,2025-10-13,Customer Support,Pune,System Issue,High,Portal,HR Ops,Closed,11.3,12,No,0,5.0,400,4520.0,Oct,10,Q4,Monday
OPS-101883,2025-08-09,Customer Support,Gurugram,Data Correction,Medium,Teams,MIS,Closed,20.1,24,No,1,4.6,350,7035.0,Aug,8,Q3,Saturday
OPS-101300,2025-09-13,Operations,Mumbai,Compliance Request,Low,Phone,IT Support,Closed,12.1,48,No,0,3.9,400,4840.0,Sep,9,Q3,Saturday
OPS-101676,2025-01-17,IT,Chennai,Vendor Query,Low,Teams,Vendor Management,Closed,6.6,48,No,0,4.7,280,1848.0,Jan,1,Q1,Friday
OPS-100987,2025-08-13,Finance,Gurugram,Access Request,Medium,Email,MIS,Closed,10.0,24,No,0,4.5,350,3500.0,Aug,8,Q3,Wednesday
OPS-103901,2025-02-26,Customer Support,Noida,Invoice Query,Medium,,Vendor Management,Closed,5.7,24,No,0,4.6,320,1824.0,Feb,2,Q1,Wednesday
OPS-100141,2025-08-19,Procurement,Bengaluru,Compliance Request,High,Email,Vendor Management,Pending,8.5,12,No,0,4.5,280,2380.0,Aug,8,Q3,Tuesday
OPS-103353,2025-04-17,Sales,,Report Request,High,Email,Vendor Management,Closed,10.3,12,No,0,4.3,320,3296.0,Apr,4,Q2,Thursday
OPS-101924,2025-08-16,Sales,Gurugram,Data Correction,Low,Email,HR Ops,Escalated,43.0,48,No,1,3.5,320,13760.0,Aug,8,Q3,Saturday
OPS-104533,2025-12-02,Sales,Pune,Vendor Query,Medium,Phone,HR Ops,Pending,18.3,24,No,0,4.0,320,5856.0,Dec,12,Q4,Tuesday
OPS-101112,2025-06-22,HR,Bengaluru,System Issue,Medium,Portal,Vendor Management,Closed,11.4,24,No,1,4.7,350,3990.0,Jun,6,Q2,Sunday
OPS-100378,2025-11-02,IT,Gurugram,Data Correction,High,Email,Finance Ops,Closed,7.2,12,No,0,4.4,350,2520.0,Nov,11,Q4,Sunday
OPS-101800,2025-06-15,Finance,Hyderabad,Employee Query,Medium,Portal,IT Support,Closed,12.8,24,No,1,,280,3584.0,Jun,6,Q2,Sunday
OPS-102767,2025-04-23,Procurement,Hyderabad,System Issue,High,Email,MIS,Closed,33.9,12,Yes,0,3.7,350,11865.0,Apr,4,Q2,Wednesday
OPS-101637,2025-02-28,HR,Bengaluru,Report Request,Medium,Portal,MIS,Closed,5.7,24,No,0,5.0,400,2280.0,Feb,2,Q1,Friday
OPS-104782,2025-10-06,IT,Hyderabad,Employee Query,Medium,Portal,MIS,Closed,16.3,24,No,0,4.5,280,4564.0,Oct,10,Q4,Monday
OPS-103295,2025-08-03,Operations,Chennai,Report Request,High,Portal,MIS,Closed,8.8,12,No,1,4.6,400,3520.0,Aug,8,Q3,Sunday
OPS-100500,2025-12-02,Procurement,Hyderabad,Data Correction,Low,Email,Vendor Management,Closed,1.5,48,No,0,5.0,280,420.0,Dec,12,Q4,Tuesday
OPS-102067,2025-11-24,Customer Support,Mumbai,Employee Query,High,Portal,HR Ops,Closed,19.9,12,Yes,0,4.9,350,6965.0,Nov,11,Q4,Monday
OPS-104380,2025-08-25,Operations,,Access Request,Low,Email,Vendor Management,Closed,8.8,48,No,1,4.5,280,2464.0,Aug,8,Q3,Monday
OPS-101280,2025-09-20,HR,Mumbai,Compliance Request,Medium,Phone,IT Support,Closed,11.6,24,No,0,4.9,280,3248.0,Sep,9,Q3,Saturday
OPS-100145,2025-08-10,Finance,Hyderabad,Vendor Query,Medium,Phone,Vendor Management,Closed,26.1,24,Yes,0,4.9,350,9135.0,Aug,8,Q3,Sunday
OPS-103432,2025-03-18,Finance,Noida,Report Request,Low,Portal,,Closed,2.5,48,No,2,5.0,280,700.0,Mar,3,Q1,Tuesday
OPS-101145,2025-05-13,IT,Mumbai,Access Request,Low,Email,MIS,Closed,18.3,48,No,0,4.4,280,5124.0,May,5,Q2,Tuesday
OPS-103083,2025-01-21,Operations,Bengaluru,Report Request,Medium,Phone,Vendor Management,Closed,17.6,24,No,1,4.1,280,4928.0,Jan,1,Q1,Tuesday
OPS-102335,2025-11-17,HR,,Employee Query,Medium,Portal,Vendor Management,Escalated,38.4,24,Yes,2,3.2,280,10752.0,Nov,11,Q4,Monday
OPS-100367,2025-06-04,Customer Support,Chennai,Compliance Request,Medium,Email,MIS,Closed,17.1,24,No,2,3.7,320,5472.0,Jun,6,Q2,Wednesday
OPS-104385,2025-06-25,IT,Hyderabad,Vendor Query,Low,Email,Finance Ops,Closed,8.4,48,No,1,5.0,400,3360.0,Jun,6,Q2,Wednesday
OPS-104989,2025-03-25,IT,Hyderabad,Employee Query,Low,Portal,HR Ops,Closed,14.7,48,No,0,5.0,450,6615.0,Mar,3,Q1,Tuesday
OPS-101675,2025-08-21,IT,Noida,Invoice Query,Medium,Email,Finance Ops,Closed,8.4,24,No,0,4.8,350,2940.0,Aug,8,Q3,Thursday
OPS-102430,2025-05-31,IT,Mumbai,Access Request,Critical,Portal,IT Support,Closed,5.7,4,Yes,1,4.3,350,1995.0,May,5,Q2,Saturday
OPS-103577,2025-03-06,HR,Chennai,Report Request,Medium,Email,Finance Ops,Closed,4.3,24,No,0,4.6,400,1720.0,Mar,3,Q1,Thursday
OPS-100967,2025-08-08,Operations,Bengaluru,Report Request,Low,Phone,IT Support,Closed,13.3,48,No,1,4.7,280,3724.0,Aug,8,Q3,Friday
OPS-102226,2025-05-26,Sales,Bengaluru,Report Request,Low,Phone,IT Support,Pending,1.8,48,No,2,4.1,450,810.0,May,5,Q2,Monday
OPS-103272,2025-11-29,Sales,Mumbai,Data Correction,Medium,Teams,IT Support,Closed,4.0,24,No,0,4.9,350,1400.0,Nov,11,Q4,Saturday
OPS-102599,2025-10-15,Procurement,Hyderabad,Access Request,High,Portal,Vendor Management,Escalated,23.1,12,Yes,3,3.3,450,10395.0,Oct,10,Q4,Wednesday
OPS-104799,2025-11-12,Procurement,Hyderabad,System Issue,Low,Teams,Finance Ops,Closed,11.0,48,No,0,4.5,320,3520.0,Nov,11,Q4,Wednesday
OPS-100238,2025-11-22,Procurement,Chennai,Compliance Request,Low,Email,Vendor Management,Closed,3.3,48,No,0,4.9,350,1155.0,Nov,11,Q4,Saturday
OPS-103817,2025-04-29,Finance,Hyderabad,Vendor Query,Low,Email,MIS,Closed,10.0,48,No,0,4.6,320,3200.0,Apr,4,Q2,Tuesday
OPS-103879,2025-08-21,Operations,Mumbai,Report Request,Medium,Email,Finance Ops,Closed,10.7,24,No,0,4.1,450,4815.0,Aug,8,Q3,Thursday
OPS-102334,2025-12-30,Customer Support,Noida,Invoice Query,Medium,Email,IT Support,Closed,7.9,24,No,0,4.5,280,2212.0,Dec,12,Q4,Tuesday
OPS-101019,2025-04-04,Finance,Chennai,Data Correction,Medium,Teams,Finance Ops,Closed,6.9,24,No,0,5.0,320,2208.0,Apr,4,Q2,Friday
OPS-102346,2025-05-22,Customer Support,Noida,Report Request,Low,Email,Vendor Management,Closed,14.4,48,No,0,4.4,350,5040.0,May,5,Q2,Thursday
OPS-104555,2025-02-15,Customer Support,Pune,Compliance Request,Medium,Email,MIS,Escalated,31.8,24,Yes,2,4.3,280,8904.0,Feb,2,Q1,Saturday
OPS-103989,2025-03-29,IT,Noida,Compliance Request,Medium,Phone,Finance Ops,Closed,12.5,24,No,1,3.5,350,4375.0,Mar,3,Q1,Saturday
OPS-104930,2025-01-26,Procurement,Pune,Report Request,Medium,Phone,HR Ops,Pending,39.0,24,Yes,2,3.5,280,10920.0,Jan,1,Q1,Sunday
OPS-101146,2025-10-20,Operations,Hyderabad,Data Correction,Low,Email,IT Support,Closed,29.3,48,No,0,4.5,450,13185.0,Oct,10,Q4,Monday
OPS-102818,2025-10-22,Sales,Mumbai,Vendor Query,Medium,Teams,MIS,Pending,9.4,24,No,1,4.1,320,3008.0,Oct,10,Q4,Wednesday
OPS-100640,2025-06-22,Sales,Bengaluru,System Issue,Medium,Email,IT Support,Closed,10.4,24,No,1,4.2,350,3640.0,Jun,6,Q2,Sunday
OPS-100306,2025-02-02,Customer Support,Hyderabad,Access Request,Low,Portal,HR Ops,Escalated,6.3,48,No,1,4.4,280,1764.0,Feb,2,Q1,Sunday
OPS-104549,2025-10-12,Operations,Noida,Employee Query,Medium,Email,Vendor Management,Closed,3.6,24,No,0,4.9,350,1260.0,Oct,10,Q4,Sunday
OPS-104704,2025-09-13,Operations,Mumbai,Report Request,Low,Portal,IT Support,Escalated,9.0,48,No,2,4.5,280,2520.0,Sep,9,Q3,Saturday
OPS-103580,2025-02-06,Customer Support,Noida,System Issue,High,Email,HR Ops,Closed,3.2,12,No,0,5.0,320,1024.0,Feb,2,Q1,Thursday
OPS-104274,2025-03-10,Customer Support,Pune,Access Request,Medium,Teams,HR Ops,Closed,1.1,24,No,0,5.0,280,308.0,Mar,3,Q1,Monday
OPS-102954,2025-04-07,Sales,Gurugram,Access Request,Low,Portal,Vendor Management,Closed,17.0,48,No,0,4.1,320,5440.0,Apr,4,Q2,Monday
OPS-104432,2025-10-02,HR,Gurugram,Invoice Query,Medium,Email,IT Support,Pending,8.3,24,No,0,5.0,280,2324.0,Oct,10,Q4,Thursday
OPS-101454,2025-09-23,Customer Support,Chennai,Data Correction,Low,,Vendor Management,Closed,17.1,48,No,0,4.9,280,4788.0,Sep,9,Q3,Tuesday
OPS-104028,2025-08-29,IT,Bengaluru,Access Request,Low,Email,Vendor Management,Closed,13.3,48,No,2,4.4,400,5320.0,Aug,8,Q3,Friday
OPS-104792,2025-03-04,IT,Pune,Compliance Request,Low,Email,Vendor Management,Closed,10.5,48,No,2,3.6,280,2940.0,Mar,3,Q1,Tuesday
OPS-101496,2025-02-03,Customer Support,Hyderabad,Report Request,High,Phone,Vendor Management,Closed,5.8,12,No,1,4.6,320,1856.0,Feb,2,Q1,Monday
OPS-100890,2025-12-31,Customer Support,Noida,Report Request,Low,Portal,HR Ops,Closed,6.6,48,No,1,4.9,400,2640.0,Dec,12,Q4,Wednesday
OPS-104653,2025-05-19,Procurement,Pune,Vendor Query,Low,Portal,Finance Ops,Closed,14.1,48,No,0,4.7,350,4935.0,May,5,Q2,Monday
OPS-103993,2025-03-27,HR,Bengaluru,System Issue,Low,Portal,MIS,Closed,8.2,48,No,0,4.6,280,2296.0,Mar,3,Q1,Thursday
OPS-101481,2025-10-20,Sales,Mumbai,System Issue,Medium,Email,Vendor Management,Closed,12.9,24,No,1,4.2,350,4515.0,Oct,10,Q4,Monday
OPS-101427,2025-02-13,HR,Mumbai,Vendor Query,Medium,Email,IT Support,Closed,12.3,24,No,0,4.5,320,3936.0,Feb,2,Q1,Thursday
OPS-101514,2025-09-23,Operations,Hyderabad,Invoice Query,High,Email,Finance Ops,Pending,6.2,12,No,0,5.0,450,2790.0,Sep,9,Q3,Tuesday
OPS-100654,2025-04-27,Procurement,Pune,Data Correction,Low,Email,Vendor Management,Escalated,25.3,48,No,1,4.0,450,11385.0,Apr,4,Q2,Sunday
OPS-101501,2025-10-01,Finance,Hyderabad,Access Request,Low,Teams,Finance Ops,Closed,14.9,48,No,0,4.6,450,6705.0,Oct,10,Q4,Wednesday
OPS-103407,2025-09-17,Operations,Pune,Report Request,Medium,Email,HR Ops,Closed,16.3,24,No,0,4.5,280,4564.0,Sep,9,Q3,Wednesday
OPS-103373,2025-06-09,Sales,Gurugram,Invoice Query,High,,HR Ops,Closed,28.8,12,Yes,0,4.5,350,10080.0,Jun,6,Q2,Monday
OPS-100631,2025-12-30,HR,Mumbai,Report Request,High,Portal,Vendor Management,Closed,3.1,12,No,1,4.3,320,992.0,Dec,12,Q4,Tuesday
OPS-101235,2025-08-10,IT,Bengaluru,Compliance Request,Low,Email,MIS,Closed,3.6,48,No,0,5.0,400,1440.0,Aug,8,Q3,Sunday
OPS-104393,2025-12-07,IT,Chennai,System Issue,Low,Email,IT Support,Escalated,18.0,48,No,2,4.6,400,7200.0,Dec,12,Q4,Sunday
OPS-103843,2025-07-27,IT,Noida,System Issue,Medium,Teams,MIS,Closed,13.8,24,No,1,4.2,400,5520.0,Jul,7,Q3,Sunday
OPS-104456,2025-12-07,Sales,Bengaluru,Employee Query,Medium,Portal,Finance Ops,Closed,3.4,24,No,0,5.0,350,1190.0,Dec,12,Q4,Sunday
OPS-101579,2025-06-09,Sales,Gurugram,Compliance Request,High,Email,Finance Ops,Closed,22.8,12,Yes,0,4.3,450,10260.0,Jun,6,Q2,Monday
OPS-104310,2025-02-27,Finance,Bengaluru,Employee Query,Low,Portal,Vendor Management,Closed,12.2,48,No,0,5.0,280,3416.0,Feb,2,Q1,Thursday
OPS-101804,2025-08-05,Finance,Gurugram,Invoice Query,High,Email,Finance Ops,Closed,18.6,12,Yes,1,3.5,350,6510.0,Aug,8,Q3,Tuesday
OPS-103967,2025-04-18,Operations,Noida,System Issue,Low,Portal,MIS,Closed,12.1,48,No,0,4.4,400,4840.0,Apr,4,Q2,Friday
OPS-100786,2025-03-16,Customer Support,Noida,Employee Query,Low,Teams,Finance Ops,Closed,12.6,48,No,0,4.0,400,5040.0,Mar,3,Q1,Sunday
OPS-103868,2025-03-31,IT,Bengaluru,Employee Query,Medium,Phone,Finance Ops,Escalated,21.8,24,No,2,3.6,400,8720.0,Mar,3,Q1,Monday
OPS-104750,2025-04-04,Customer Support,Noida,Vendor Query,Medium,Portal,IT Support,Closed,15.5,24,No,0,3.8,400,6200.0,Apr,4,Q2,Friday
OPS-103061,2025-12-13,HR,Hyderabad,Compliance Request,Low,Portal,Finance Ops,Closed,1.6,48,No,0,4.7,450,720.0,Dec,12,Q4,Saturday
OPS-103978,2025-01-08,HR,Noida,Data Correction,Low,Email,Finance Ops,Closed,11.7,48,No,0,5.0,320,3744.0,Jan,1,Q1,Wednesday
OPS-101104,2025-01-15,Procurement,Gurugram,Access Request,Medium,Portal,Vendor Management,Closed,7.8,24,No,0,5.0,320,2496.0,Jan,1,Q1,Wednesday
OPS-100567,2025-01-19,Sales,Hyderabad,Report Request,High,Portal,MIS,Closed,15.8,12,Yes,2,4.1,350,5530.0,Jan,1,Q1,Sunday
OPS-103514,2025-03-16,HR,Hyderabad,Invoice Query,High,Portal,Finance Ops,Closed,16.2,12,Yes,1,4.6,350,5670.0,Mar,3,Q1,Sunday
OPS-101662,2025-02-08,Operations,Chennai,Vendor Query,Medium,Portal,MIS,Closed,6.4,24,No,0,4.8,350,2240.0,Feb,2,Q1,Saturday
OPS-101165,2025-01-01,Operations,Chennai,Report Request,Medium,Email,Vendor Management,Closed,23.2,24,No,0,3.7,400,9280.0,Jan,1,Q1,Wednesday
OPS-101021,2025-11-01,Operations,Pune,System Issue,Low,,Vendor Management,Closed,13.9,48,No,0,4.8,350,4865.0,Nov,11,Q4,Saturday
OPS-102418,2025-05-21,Procurement,Chennai,Access Request,Medium,Portal,Vendor Management,Escalated,12.1,24,No,1,4.8,320,3872.0,May,5,Q2,Wednesday
OPS-102819,2025-05-09,HR,Chennai,Invoice Query,Medium,Teams,HR Ops,Closed,13.9,24,No,0,4.2,350,4865.0,May,5,Q2,Friday
OPS-101612,2025-10-11,Procurement,Noida,Compliance Request,Medium,Portal,MIS,Escalated,9.0,24,No,1,5.0,280,2520.0,Oct,10,Q4,Saturday
OPS-104554,2025-06-09,Customer Support,Chennai,Employee Query,Medium,Portal,Vendor Management,Closed,7.6,24,No,0,4.5,320,2432.0,Jun,6,Q2,Monday
OPS-100569,2025-04-10,IT,Bengaluru,Access Request,medium,Portal,Vendor Management,Closed,13.3,12,Yes,0,5.0,350,4655.0,Apr,4,Q2,Thursday
OPS-102038,2025-12-06,HR,Noida,Access Request,Low,Email,Finance Ops,Closed,23.1,48,No,0,4.2,400,9240.0,Dec,12,Q4,Saturday
OPS-101570,2025-01-20,Customer Support,Noida,System Issue,Low,Email,HR Ops,Pending,4.7,48,No,0,5.0,280,1316.0,Jan,1,Q1,Monday
OPS-103852,2025-08-13,IT,Bengaluru,Vendor Query,Low,Portal,HR Ops,Closed,18.2,48,No,0,4.9,450,8190.0,Aug,8,Q3,Wednesday
OPS-100826,2025-07-02,Procurement,Chennai,Invoice Query,Medium,Phone,Vendor Management,Closed,9.6,24,No,0,5.0,320,3072.0,Jul,7,Q3,Wednesday
OPS-101160,2025-04-11,Sales,Bengaluru,Data Correction,High,Email,HR Ops,Closed,7.0,12,No,0,4.5,280,1960.0,Apr,4,Q2,Friday
OPS-100096,2025-12-11,Sales,Hyderabad,Report Request,Low,Portal,IT Support,Closed,14.0,48,No,1,4.6,400,5600.0,Dec,12,Q4,Thursday
OPS-101352,2025-12-08,Customer Support,Chennai,Compliance Request,Medium,Email,Vendor Management,Escalated,33.5,24,Yes,3,3.0,400,13400.0,Dec,12,Q4,Monday
OPS-100223,2025-07-22,Finance,Pune,Access Request,Medium,Email,MIS,Closed,4.1,24,No,0,4.7,450,1845.0,Jul,7,Q3,Tuesday
OPS-101797,2025-11-16,HR,Bengaluru,Employee Query,Low,Phone,MIS,Closed,1.1,48,No,1,5.0,320,352.0,Nov,11,Q4,Sunday
OPS-102700,2025-01-20,Customer Support,Hyderabad,System Issue,Medium,Email,IT Support,Closed,14.9,24,No,0,5.0,350,5215.0,Jan,1,Q1,Monday
OPS-101143,2025-12-22,Sales,Pune,Vendor Query,Low,Phone,Finance Ops,Closed,9.8,48,No,0,4.7,280,2744.0,Dec,12,Q4,Monday
OPS-103245,2025-12-19,HR,Hyderabad,Report Request,Medium,Email,Finance Ops,Pending,4.7,24,No,1,4.6,280,1316.0,Dec,12,Q4,Friday
OPS-104317,2025-07-23,HR,Mumbai,Access Request,Low,Email,MIS,Closed,37.1,48,No,0,3.8,350,12985.0,Jul,7,Q3,Wednesday
OPS-102090,2025-09-02,Sales,Gurugram,System Issue,Medium,Email,HR Ops,Closed,11.8,24,No,0,4.7,350,4130.0,Sep,9,Q3,Tuesday
OPS-104570,2025-08-23,Procurement,Hyderabad,Access Request,Medium,Teams,HR Ops,Closed,10.7,24,No,0,4.8,320,3424.0,Aug,8,Q3,Saturday
OPS-100965,2025-01-06,Finance,Hyderabad,Compliance Request,Medium,Email,IT Support,Closed,10.3,24,No,0,4.4,280,2884.0,Jan,1,Q1,Monday
OPS-100900,2025-08-27,HR,Noida,Employee Query,Low,Email,MIS,Pending,2.2,48,No,2,4.6,450,990.0,Aug,8,Q3,Wednesday
OPS-100250,2025-02-08,Customer Support,Noida,Compliance Request,Medium,Email,HR Ops,Closed,12.1,24,No,0,4.1,320,3872.0,Feb,2,Q1,Saturday
OPS-101805,2025-10-16,Procurement,Gurugram,Report Request,High,Email,Vendor Management,Closed,23.1,12,Yes,0,4.6,400,9240.0,Oct,10,Q4,Thursday
OPS-102913,2025-04-22,HR,Noida,Invoice Query,Low,Email,IT Support,Escalated,19.6,48,No,2,4.1,350,6860.0,Apr,4,Q2,Tuesday
OPS-102782,2025-03-19,Procurement,Noida,Invoice Query,Medium,Portal,IT Support,Closed,12.2,24,No,2,3.9,400,4880.0,Mar,3,Q1,Wednesday
OPS-104625,2025-01-17,Sales,Bengaluru,Vendor Query,Low,Email,Finance Ops,Closed,26.4,48,No,0,4.3,400,10560.0,Jan,1,Q1,Friday
OPS-100462,2025-09-04,HR,Hyderabad,Compliance Request,High,Email,Finance Ops,Closed,5.1,12,No,0,5.0,280,1428.0,Sep,9,Q3,Thursday
OPS-103548,2025-01-22,Finance,Chennai,Report Request,Medium,Portal,IT Support,Closed,18.8,24,No,1,4.7,400,7520.0,Jan,1,Q1,Wednesday
OPS-102683,2025-12-20,Operations,Chennai,Invoice Query,Low,Teams,Vendor Management,Closed,2.6,48,No,0,4.6,400,1040.0,Dec,12,Q4,Saturday
OPS-104452,2025-05-17,Operations,Gurugram,Report Request,Medium,Email,MIS,Closed,22.2,24,No,1,4.2,450,9990.0,May,5,Q2,Saturday
OPS-104483,2025-12-29,Operations,Pune,Report Request,Low,Email,IT Support,Closed,20.9,48,No,0,4.5,320,6688.0,Dec,12,Q4,Monday
OPS-102232,2025-04-18,Sales,Mumbai,System Issue,Medium,Email,MIS,Closed,4.6,24,No,0,5.0,400,1840.0,Apr,4,Q2,Friday
OPS-104103,2025-01-24,Customer Support,Mumbai,Vendor Query,Low,Email,Finance Ops,Closed,8.3,48,No,1,4.7,280,2324.0,Jan,1,Q1,Friday
OPS-101964,2025-01-28,IT,Mumbai,Access Request,Critical,Teams,MIS,Closed,13.1,4,Yes,0,4.9,320,4192.0,Jan,1,Q1,Tuesday
OPS-103550,2025-08-02,Procurement,Mumbai,Vendor Query,High,Email,HR Ops,Escalated,8.7,12,No,1,4.4,400,3480.0,Aug,8,Q3,Saturday
OPS-100889,2025-08-04,Procurement,Bengaluru,Access Request,Low,Email,Finance Ops,Closed,8.6,48,No,0,4.7,320,2752.0,Aug,8,Q3,Monday
OPS-100712,2025-09-13,Sales,Gurugram,Access Request,Low,Phone,HR Ops,Closed,17.4,48,No,2,4.5,320,5568.0,Sep,9,Q3,Saturday
OPS-103313,2025-02-10,HR,Pune,Vendor Query,Medium,Phone,Vendor Management,Closed,3.9,24,No,0,4.3,320,1248.0,Feb,2,Q1,Monday
OPS-102246,2025-09-15,Operations,Pune,System Issue,Medium,Portal,MIS,Closed,21.8,24,No,0,3.8,320,6976.0,Sep,9,Q3,Monday
OPS-103886,2025-01-25,Customer Support,Chennai,System Issue,Low,Portal,HR Ops,Closed,23.5,48,No,2,4.2,400,9400.0,Jan,1,Q1,Saturday
OPS-102342,2025-06-10,Finance,Mumbai,Invoice Query,Medium,Portal,HR Ops,Closed,13.7,24,No,0,4.7,320,4384.0,Jun,6,Q2,Tuesday
OPS-100492,2025-09-07,Finance,Hyderabad,Vendor Query,Medium,Email,MIS,Closed,7.0,24,No,0,4.6,350,2450.0,Sep,9,Q3,Sunday
OPS-103232,2025-05-22,Finance,Bengaluru,Report Request,Medium,Phone,MIS,Closed,22.2,24,No,1,4.3,450,9990.0,May,5,Q2,Thursday
OPS-102702,2025-08-31,Sales,Bengaluru,Data Correction,Critical,Email,Finance Ops,Closed,8.8,4,Yes,0,4.8,320,2816.0,Aug,8,Q3,Sunday
OPS-102776,2025-09-17,IT,Mumbai,Employee Query,Low,Email,HR Ops,Closed,17.1,48,No,0,5.0,400,6840.0,Sep,9,Q3,Wednesday
OPS-102973,2025-02-16,HR,Pune,Compliance Request,Low,Email,HR Ops,Closed,5.7,48,No,0,4.9,280,1596.0,Feb,2,Q1,Sunday
OPS-100124,2025-02-04,Procurement,Bengaluru,Report Request,Medium,Email,Finance Ops,Closed,0.7,24,No,1,4.3,450,315.0,Feb,2,Q1,Tuesday
OPS-102333,2025-09-05,HR,Pune,Vendor Query,Low,Phone,Finance Ops,Closed,11.6,48,No,0,4.2,320,3712.0,Sep,9,Q3,Friday
OPS-102807,2025-11-16,HR,Bengaluru,Access Request,High,Email,,Pending,3.5,12,No,0,4.5,450,1575.0,Nov,11,Q4,Sunday
OPS-100618,2025-05-16,IT,Mumbai,System Issue,Low,Portal,HR Ops,Closed,2.6,48,No,1,4.3,350,910.0,May,5,Q2,Friday
OPS-101562,2025-01-05,HR,Noida,Vendor Query,Medium,Portal,Vendor Management,Closed,17.8,24,No,0,4.5,350,6230.0,Jan,1,Q1,Sunday
OPS-104658,2025-05-26,Finance,Hyderabad,Vendor Query,Low,Email,Vendor Management,Closed,8.5,48,No,2,3.5,400,3400.0,May,5,Q2,Monday
OPS-103517,2025-07-11,Finance,Gurugram,Data Correction,Medium,Portal,Vendor Management,Closed,0.6,24,No,0,5.0,350,210.0,Jul,7,Q3,Friday
OPS-101150,2025-04-02,Operations,Noida,Invoice Query,Medium,Phone,Vendor Management,Closed,25.4,24,Yes,1,4.7,320,8128.0,Apr,4,Q2,Wednesday
OPS-101977,2025-03-21,Operations,Noida,Vendor Query,Low,Email,Finance Ops,Closed,17.8,48,No,1,4.9,350,6230.0,Mar,3,Q1,Friday
OPS-102734,2025-08-17,IT,Gurugram,Vendor Query,Low,Phone,Finance Ops,Closed,9.4,48,No,1,4.8,400,3760.0,Aug,8,Q3,Sunday
OPS-100562,2025-03-03,Finance,Noida,Invoice Query,High,Email,,Escalated,23.3,12,Yes,2,3.8,280,6524.0,Mar,3,Q1,Monday
OPS-104805,2025-02-25,Procurement,Chennai,Report Request,Low,Teams,HR Ops,Closed,2.8,48,No,0,4.7,320,896.0,Feb,2,Q1,Tuesday
OPS-101698,2025-08-07,Procurement,Mumbai,,Low,Email,Vendor Management,Closed,13.7,48,No,0,4.5,280,3836.0,Aug,8,Q3,Thursday
OPS-100765,2025-03-13,Procurement,Gurugram,Compliance Request,Low,Email,Vendor Management,Closed,1.9,48,No,0,5.0,400,760.0,Mar,3,Q1,Thursday
OPS-102155,2025-02-20,Sales,Chennai,System Issue,Medium,Teams,HR Ops,Closed,12.9,24,No,0,4.7,400,5160.0,Feb,2,Q1,Thursday
OPS-100696,2025-06-27,HR,Noida,Compliance Request,Low,Portal,Vendor Management,Closed,7.3,48,No,0,4.7,320,2336.0,Jun,6,Q2,Friday
OPS-103525,2025-08-27,Operations,Bengaluru,Vendor Query,Medium,Email,IT Support,Closed,7.6,24,No,1,4.6,350,2660.0,Aug,8,Q3,Wednesday
OPS-101267,2025-10-18,Sales,Pune,Data Correction,Low,Portal,MIS,Closed,6.6,48,No,0,5.0,280,1848.0,Oct,10,Q4,Saturday
OPS-101951,2025-11-21,IT,Hyderabad,Vendor Query,Medium,Teams,HR Ops,Escalated,39.1,24,Yes,2,3.4,320,12512.0,Nov,11,Q4,Friday
OPS-103830,2025-08-21,Procurement,Gurugram,Access Request,Medium,Portal,Vendor Management,Pending,9.0,24,No,1,4.8,400,3600.0,Aug,8,Q3,Thursday
OPS-104772,2025-03-02,Customer Support,Chennai,Report Request,Low,Email,IT Support,Closed,19.4,48,No,1,4.0,400,7760.0,Mar,3,Q1,Sunday
OPS-102821,2025-11-09,IT,Pune,Vendor Query,Low,Email,HR Ops,Closed,4.5,48,No,0,4.9,450,2025.0,Nov,11,Q4,Sunday
OPS-102109,2025-05-23,Finance,Hyderabad,System Issue,Medium,Email,Vendor Management,Closed,3.4,24,No,0,4.4,350,1190.0,May,5,Q2,Friday
OPS-102299,2025-09-15,HR,Gurugram,Invoice Query,High,Email,Finance Ops,Escalated,15.8,12,Yes,3,3.5,350,5530.0,Sep,9,Q3,Monday
OPS-102203,2025-01-26,Procurement,Noida,Compliance Request,High,Portal,HR Ops,Closed,9.3,12,No,0,4.3,400,3720.0,Jan,1,Q1,Sunday
OPS-102020,2025-07-25,Customer Support,Chennai,Invoice Query,Low,Email,IT Support,Closed,15.4,48,No,0,4.0,320,4928.0,Jul,7,Q3,Friday
OPS-104035,2025-12-25,Sales,Bengaluru,Data Correction,High,Portal,Vendor Management,Closed,3.5,12,No,1,4.5,320,1120.0,Dec,12,Q4,Thursday
OPS-103735,2025-10-20,Procurement,Bengaluru,Access Request,Medium,Teams,HR Ops,Closed,5.9,24,No,1,4.5,450,2655.0,Oct,10,Q4,Monday
OPS-104166,2025-09-11,HR,Gurugram,Data Correction,High,Email,IT Support,Pending,5.8,12,No,0,4.4,320,1856.0,Sep,9,Q3,Thursday
OPS-104231,2025-08-04,Operations,Hyderabad,Report Request,High,Email,IT Support,Closed,3.6,12,No,0,4.6,320,1152.0,Aug,8,Q3,Monday
OPS-103681,2025-12-15,Operations,Mumbai,System Issue,Medium,Portal,HR Ops,Closed,18.4,24,No,0,5.0,280,5152.0,Dec,12,Q4,Monday
OPS-100358,2025-11-19,Operations,Mumbai,Access Request,Low,Email,HR Ops,Closed,15.1,48,No,0,5.0,400,6040.0,Nov,11,Q4,Wednesday
OPS-102836,2025-12-30,Procurement,Noida,Employee Query,Low,Teams,,Closed,22.4,48,No,0,4.1,320,7168.0,Dec,12,Q4,Tuesday
OPS-104010,2025-04-11,Finance,Pune,System Issue,Critical,Email,Finance Ops,Closed,2.2,4,No,0,4.6,280,616.0,Apr,4,Q2,Friday
OPS-104630,2025-07-26,HR,Pune,Vendor Query,Low,Email,IT Support,Closed,6.8,48,No,0,5.0,280,1904.0,Jul,7,Q3,Saturday
OPS-103896,2025-06-24,IT,Pune,Compliance Request,High,Teams,Finance Ops,Escalated,2.9,12,No,4,4.4,400,1160.0,Jun,6,Q2,Tuesday
OPS-103516,2025-07-22,IT,Mumbai,Report Request,Low,Portal,Finance Ops,Closed,30.6,48,No,1,3.3,400,12240.0,Jul,7,Q3,Tuesday
OPS-101559,2025-08-29,Finance,Hyderabad,Vendor Query,High,Email,,Closed,12.7,12,Yes,0,4.5,280,3556.0,Aug,8,Q3,Friday
OPS-100311,2025-02-07,Operations,Pune,Data Correction,Medium,Email,HR Ops,Closed,11.0,24,No,1,4.3,400,4400.0,Feb,2,Q1,Friday
OPS-102046,2025-12-07,IT,Pune,Access Request,Low,Email,HR Ops,Closed,11.8,48,No,1,3.4,320,3776.0,Dec,12,Q4,Sunday
OPS-104855,2025-03-02,Procurement,Mumbai,Data Correction,Low,Email,MIS,Closed,13.2,48,No,0,3.9,320,4224.0,Mar,3,Q1,Sunday
OPS-101308,2025-03-22,HR,Pune,Invoice Query,Medium,Portal,Finance Ops,Closed,10.7,24,No,0,4.5,280,2996.0,Mar,3,Q1,Saturday
OPS-103320,2025-09-23,Operations,Hyderabad,System Issue,Low,Email,IT Support,Pending,5.0,48,No,1,4.7,320,1600.0,Sep,9,Q3,Tuesday
OPS-100128,2025-09-14,Procurement,Gurugram,Access Request,Medium,Portal,IT Support,Closed,26.4,24,Yes,1,4.4,450,11880.0,Sep,9,Q3,Sunday
OPS-104374,2025-11-01,HR,Mumbai,Invoice Query,Low,Portal,Vendor Management,Closed,13.1,48,No,0,4.4,350,4585.0,Nov,11,Q4,Saturday
OPS-101831,2025-04-13,Procurement,Hyderabad,Data Correction,Medium,Email,Finance Ops,Closed,8.9,24,No,0,4.7,450,4005.0,Apr,4,Q2,Sunday
OPS-100104,2025-03-22,Operations,Pune,Employee Query,Critical,Teams,IT Support,Closed,13.1,4,Yes,1,4.4,400,5240.0,Mar,3,Q1,Saturday
OPS-100660,2025-06-22,Procurement,Mumbai,Compliance Request,Medium,Portal,,Closed,4.4,24,No,0,5.0,350,1540.0,Jun,6,Q2,Sunday
OPS-104599,2025-09-03,IT,Gurugram,Invoice Query,Medium,Email,Vendor Management,Closed,15.9,24,No,1,4.5,350,5565.0,Sep,9,Q3,Wednesday
OPS-103687,2025-07-28,Customer Support,Hyderabad,Data Correction,Low,Email,MIS,Escalated,10.5,48,No,3,3.8,400,4200.0,Jul,7,Q3,Monday
OPS-103566,2025-08-10,Finance,Hyderabad,Access Request,Low,Teams,IT Support,Closed,18.6,48,No,0,3.8,320,5952.0,Aug,8,Q3,Sunday
OPS-101674,2025-04-23,Finance,Mumbai,Access Request,Medium,Email,MIS,Escalated,38.2,24,Yes,2,3.5,320,12224.0,Apr,4,Q2,Wednesday
OPS-102725,2025-01-20,IT,Mumbai,Vendor Query,Low,Email,HR Ops,Closed,1.0,48,No,0,5.0,450,450.0,Jan,1,Q1,Monday
OPS-103780,2025-08-23,Sales,Pune,System Issue,High,Teams,Finance Ops,Closed,11.7,12,No,0,4.4,450,5265.0,Aug,8,Q3,Saturday
OPS-101531,2025-07-06,Sales,Noida,Access Request,High,Email,IT Support,Closed,4.5,12,No,0,4.7,350,1575.0,Jul,7,Q3,Sunday
OPS-102713,2025-01-24,Operations,Pune,Report Request,Medium,Phone,HR Ops,Closed,11.4,24,No,0,4.8,450,5130.0,Jan,1,Q1,Friday
OPS-104751,2025-08-10,Customer Support,Pune,Vendor Query,High,Email,HR Ops,Closed,11.2,12,No,0,5.0,320,3584.0,Aug,8,Q3,Sunday
OPS-100044,2025-05-15,Finance,Hyderabad,Data Correction,Medium,Portal,Vendor Management,Escalated,26.7,24,Yes,1,4.7,280,7476.0,May,5,Q2,Thursday
OPS-102505,2025-09-09,IT,Gurugram,,Medium,Email,Finance Ops,Closed,9.7,24,No,0,4.9,450,4365.0,Sep,9,Q3,Tuesday
OPS-104551,2025-06-14,Customer Support,Chennai,Report Request,High,Portal,Vendor Management,Escalated,9.9,12,No,2,4.5,350,3465.0,Jun,6,Q2,Saturday
OPS-102262,2025-08-06,IT,Noida,Vendor Query,Low,Teams,IT Support,Closed,6.5,48,No,1,4.9,450,2925.0,Aug,8,Q3,Wednesday
OPS-104367,2025-12-22,Operations,Noida,Data Correction,Medium,Portal,MIS,Closed,24.3,24,Yes,0,4.9,280,6804.0,Dec,12,Q4,Monday
OPS-101697,2025-11-20,Finance,Pune,Invoice Query,Medium,Teams,IT Support,Closed,1.8,24,No,0,4.8,320,576.0,Nov,11,Q4,Thursday
OPS-101793,2025-07-28,IT,Pune,Employee Query,Medium,Teams,IT Support,Closed,39.2,24,Yes,0,4.0,400,15680.0,Jul,7,Q3,Monday
OPS-101741,2025-01-21,HR,Noida,Report Request,Low,Email,HR Ops,Closed,11.6,48,No,0,3.5,400,4640.0,Jan,1,Q1,Tuesday
OPS-103401,2025-12-31,HR,Bengaluru,Report Request,Medium,Email,HR Ops,Pending,7.0,24,No,0,4.2,350,2450.0,Dec,12,Q4,Wednesday
OPS-103036,2025-05-11,Operations,Noida,Compliance Request,High,Portal,,Closed,8.7,12,No,1,4.7,280,2436.0,May,5,Q2,Sunday
OPS-104708,2025-05-04,HR,Bengaluru,Vendor Query,Medium,Email,Vendor Management,Closed,14.6,24,No,0,4.8,350,5110.0,May,5,Q2,Sunday
OPS-102250,2025-03-26,Customer Support,Noida,,Low,Teams,MIS,Closed,3.4,48,No,0,4.6,450,1530.0,Mar,3,Q1,Wednesday
OPS-101419,2025-08-17,Finance,Pune,Report Request,Low,Email,IT Support,Closed,11.9,48,No,1,4.4,350,4165.0,Aug,8,Q3,Sunday
OPS-103421,2025-02-06,Operations,Mumbai,Data Correction,Medium,Portal,MIS,Pending,5.7,24,No,0,5.0,320,1824.0,Feb,2,Q1,Thursday
OPS-101546,2025-09-17,Finance,Bengaluru,System Issue,Medium,Email,Vendor Management,Closed,8.3,24,No,1,4.5,450,3735.0,Sep,9,Q3,Wednesday
OPS-103512,2025-08-16,HR,Hyderabad,Data Correction,Medium,Email,HR Ops,Closed,27.0,24,Yes,0,4.6,400,10800.0,Aug,8,Q3,Saturday
OPS-102539,2025-12-10,Sales,Gurugram,Vendor Query,Low,Email,IT Support,Closed,15.9,48,No,0,4.5,400,6360.0,Dec,12,Q4,Wednesday
OPS-102364,2025-05-23,HR,Gurugram,Invoice Query,Medium,Email,Finance Ops,Closed,2.5,24,No,0,5.0,280,700.0,May,5,Q2,Friday
OPS-104263,2025-04-23,IT,Hyderabad,System Issue,Low, E-mail,Finance Ops,Closed,12.9,48,No,1,4.3,350,4515.0,Apr,4,Q2,Wednesday
OPS-101004,2025-01-10,Procurement,Bengaluru,System Issue,Low,Portal,HR Ops,Closed,12.8,48,No,0,3.8,450,5760.0,Jan,1,Q1,Friday
OPS-101389,2025-02-24,Finance,Mumbai,Compliance Request,Low,Email,MIS,Escalated,32.3,48,No,1,3.6,400,12920.0,Feb,2,Q1,Monday
OPS-102496,2025-11-04,Finance,Hyderabad,Invoice Query,Medium,Teams,Finance Ops,Closed,15.2,24,No,0,5.0,450,6840.0,Nov,11,Q4,Tuesday
OPS-101843,2025-05-03,Finance,Noida,Access Request,High,Email,Finance Ops,Closed,34.8,12,Yes,1,4.4,450,15660.0,May,5,Q2,Saturday
OPS-104569,2025-05-06,Operations,Chennai,Compliance Request,Low,Portal,IT Support,Closed,26.2,48,No,0,3.8,320,8384.0,May,5,Q2,Tuesday
OPS-104618,2025-11-10,IT,Bengaluru,System Issue,Low,Portal,MIS,Closed,13.0,48,No,0,4.4,320,4160.0,Nov,11,Q4,Monday
OPS-104233,2025-12-05,HR,Noida,Report Request,Low,Portal,HR Ops,Closed,12.2,48,No,2,4.2,350,4270.0,Dec,12,Q4,Friday
OPS-102042,2025-11-04,Finance,Noida,Data Correction,High,Teams,Finance Ops,Closed,5.8,12,No,1,4.7,320,1856.0,Nov,11,Q4,Tuesday
OPS-101184,2025-01-17,Sales,Noida,Access Request,Low,Email,HR Ops,Closed,7.6,48,No,0,5.0,450,3420.0,Jan,1,Q1,Friday
OPS-100366,2025-05-07,Operations,Bengaluru,Invoice Query,High,Email,IT Support,Closed,16.1,12,Yes,1,4.7,450,7245.0,May,5,Q2,Wednesday
OPS-101921,2025-09-07,HR,Pune,Invoice Query,Medium,Portal,IT Support,Closed,1.8,24,No,1,5.0,450,810.0,Sep,9,Q3,Sunday
OPS-102864,2025-03-11,Operations,Chennai,Data Correction,Critical,Email,IT Support,Closed,10.5,4,Yes,0,5.0,450,4725.0,Mar,3,Q1,Tuesday
OPS-104774,2025-06-22,Sales,Bengaluru,Report Request,Low,Phone,Finance Ops,Closed,10.1,48,No,0,4.9,350,3535.0,Jun,6,Q2,Sunday
OPS-104580,2025-06-16,Sales,Chennai,Compliance Request,Critical,Email,Vendor Management,Closed,8.2,4,Yes,0,4.8,450,3690.0,Jun,6,Q2,Monday
OPS-101029,2025-01-01,Sales,Chennai,Access Request,High,Portal,MIS,Closed,21.9,12,Yes,0,3.8,280,6132.0,Jan,1,Q1,Wednesday
OPS-103369,2025-01-23,HR,Pune,Data Correction,Medium,Portal,MIS,Closed,4.6,24,No,0,5.0,350,1610.0,Jan,1,Q1,Thursday
OPS-102692,2025-08-22,Procurement,Mumbai,System Issue,Low,Email,IT Support,Closed,4.7,48,No,0,4.9,350,1645.0,Aug,8,Q3,Friday
OPS-102324,2025-01-30,Sales,Chennai,Vendor Query,Medium,Email,IT Support,Closed,3.4,24,No,1,4.1,350,1190.0,Jan,1,Q1,Thursday
OPS-104922,2025-03-31,Operations,Bengaluru,Report Request,Medium,Phone,IT Support,Closed,6.3,24,No,0,4.3,320,2016.0,Mar,3,Q1,Monday
OPS-101839,2025-04-16,HR,Noida,System Issue,Medium,Portal,Finance Ops,Closed,5.6,24,No,0,4.7,280,1568.0,Apr,4,Q2,Wednesday
OPS-101917,2025-02-19,HR,Gurugram,Data Correction,Low,Teams,IT Support,Closed,7.6,48,No,1,4.3,400,3040.0,Feb,2,Q1,Wednesday
OPS-103066,2025-09-05,IT,Bengaluru,Compliance Request,Medium,Phone,MIS,Closed,1.9,24,No,1,4.7,450,855.0,Sep,9,Q3,Friday
OPS-101495,2025-06-19,Customer Support,Chennai,Access Request,Medium,Email,Vendor Management,Closed,15.5,24,No,3,4.1,450,6975.0,Jun,6,Q2,Thursday
OPS-101756,2025-10-01,Finance,Pune,Vendor Query,Medium,Email,HR Ops,Closed,9.7,24,No,1,4.3,450,4365.0,Oct,10,Q4,Wednesday
OPS-101151,2025-10-14,Customer Support,Pune,Vendor Query,Medium,Portal,Finance Ops,Closed,6.3,24,No,1,4.8,350,2205.0,Oct,10,Q4,Tuesday
OPS-104379,2025-03-14,Customer Support,Pune,Access Request,High,Email,Finance Ops,Closed,1.7,12,No,0,5.0,450,765.0,Mar,3,Q1,Friday
OPS-102795,2025-12-16,Sales,Gurugram,Access Request,Low,Email,MIS,Closed,37.5,48,No,0,4.3,400,15000.0,Dec,12,Q4,Tuesday
OPS-101285,2025-04-22,Finance,Chennai,Vendor Query,Low,Portal,Vendor Management,Closed,5.4,48,No,0,4.8,350,1890.0,Apr,4,Q2,Tuesday
OPS-104867,2025-04-20,Operations,Noida,Data Correction,Medium,Teams,MIS,Closed,13.6,24,No,0,4.8,320,4352.0,Apr,4,Q2,Sunday
OPS-101599,2025-02-09,HR,Gurugram,Vendor Query,High,Email,Vendor Management,Closed,12.2,12,Yes,0,4.4,450,5490.0,Feb,2,Q1,Sunday
OPS-104413,2025-08-13,Customer Support,Noida,Report Request,Low,Email,Vendor Management,Closed,4.8,48,No,0,4.8,400,1920.0,Aug,8,Q3,Wednesday
OPS-101314,2025-05-08,Operations,Noida,Vendor Query,Low,Portal,Finance Ops,Escalated,12.6,48,No,2,4.5,280,3528.0,May,5,Q2,Thursday
OPS-104662,2025-05-16,Procurement,Noida,Data Correction,Medium,Portal,IT Support,Closed,15.4,24,No,0,5.0,350,5390.0,May,5,Q2,Friday
OPS-103027,2025-09-22,HR,Chennai,Data Correction,Medium,Email,HR Ops,Closed,29.6,24,Yes,1,4.1,450,13320.0,Sep,9,Q3,Monday
OPS-101959,2025-05-10,Customer Support,Hyderabad,Compliance Request,Medium,Teams,Vendor Management,Closed,15.5,24,No,1,4.4,280,4340.0,May,5,Q2,Saturday
OPS-103171,2025-05-29,Finance,Chennai,Data Correction,Medium,Email,Vendor Management,Closed,6.8,24,No,0,4.8,280,1904.0,May,5,Q2,Thursday
OPS-100483,2025-01-23,IT,Noida,Vendor Query,Medium,Phone,Finance Ops,Closed,8.7,24,No,0,5.0,280,2436.0,Jan,1,Q1,Thursday
OPS-102595,2025-06-30,HR,Hyderabad,Compliance Request,Medium,Email,HR Ops,Pending,18.8,24,No,0,4.6,320,6016.0,Jun,6,Q2,Monday
OPS-102128,2025-11-24,IT,Pune,Vendor Query,Medium,Email,MIS,Closed,10.2,24,No,1,4.5,280,2856.0,Nov,11,Q4,Monday
OPS-104817,2025-02-07,Procurement,Bengaluru,Compliance Request,High,Email,MIS,Closed,8.2,12,No,0,4.4,280,2296.0,Feb,2,Q1,Friday
OPS-102283,2025-01-27,HR,Bengaluru,Compliance Request,Low,Portal,HR Ops,Pending,29.6,48,No,0,4.0,320,9472.0,Jan,1,Q1,Monday
OPS-104767,2025-10-21,Procurement,Hyderabad,Access Request,Medium,Email,Vendor Management,Closed,1.3,24,No,1,4.5,350,455.0,Oct,10,Q4,Tuesday
OPS-102928,2025-07-11,Procurement,Bengaluru,Access Request,Low,Portal,Finance Ops,Closed,5.1,48,No,0,4.5,400,2040.0,Jul,7,Q3,Friday
OPS-104080,2025-02-09,IT,Chennai,Compliance Request,Low,Teams,IT Support,Escalated,24.1,48,No,2,4.0,280,6748.0,Feb,2,Q1,Sunday
OPS-104406,2025-06-17,Sales,Gurugram,Access Request,Critical,Email,IT Support,Closed,12.2,4,Yes,0,4.5,400,4880.0,Jun,6,Q2,Tuesday
OPS-101955,2025-04-21,Sales,Mumbai,Employee Query,Medium,Email,IT Support,Closed,8.0,24,No,1,4.4,400,3200.0,Apr,4,Q2,Monday
OPS-100903,2025-08-15,Operations,Chennai,Data Correction,Low,Teams,MIS,Escalated,23.1,48,No,2,3.9,280,6468.0,Aug,8,Q3,Friday
OPS-104013,2025-12-30,Operations,Noida,Data Correction,Medium,Email,Vendor Management,Closed,15.5,24,No,1,4.4,350,5425.0,Dec,12,Q4,Tuesday
OPS-104699,2025-04-17,Procurement,Gurugram,Employee Query,High,Teams,HR Ops,Closed,3.9,12,No,1,4.5,450,1755.0,Apr,4,Q2,Thursday
OPS-101779,2025-07-25,Finance,Bengaluru,Access Request,High,Portal,Vendor Management,Closed,12.6,12,Yes,1,4.5,280,3528.0,Jul,7,Q3,Friday
OPS-103017,2025-11-21,Procurement,Hyderabad,Invoice Query,Medium,Email,MIS,Pending,4.4,24,No,0,4.5,320,1408.0,Nov,11,Q4,Friday
OPS-100832,2025-10-08,Operations,Pune,Employee Query,Low,Email,Vendor Management,Closed,14.8,48,No,0,4.9,450,6660.0,Oct,10,Q4,Wednesday
OPS-101364,2025-07-09,Operations,Gurugram,Invoice Query,High,Teams,Finance Ops,Closed,24.6,12,Yes,0,4.5,400,9840.0,Jul,7,Q3,Wednesday
OPS-102180,2025-09-20,Finance,Noida,Vendor Query,Medium,Portal,Finance Ops,Closed,2.0,24,No,0,4.8,320,640.0,Sep,9,Q3,Saturday
OPS-104626,2025-06-20,Sales,Gurugram,Employee Query,Low,Email,Vendor Management,Closed,27.9,48,No,0,3.6,350,9765.0,Jun,6,Q2,Friday
OPS-100650,2025-12-14,Finance,Hyderabad,Data Correction,Low,Email,Vendor Management,Closed,20.2,48,No,1,4.0,400,8080.0,Dec,12,Q4,Sunday
OPS-103754,2025-01-16,Finance,Chennai,Vendor Query,Medium,Email,Finance Ops,Pending,20.9,24,No,0,4.2,280,5852.0,Jan,1,Q1,Thursday
OPS-100328,2025-07-11,Customer Support,Noida,Employee Query,Medium,Email,Vendor Management,Escalated,41.5,24,Yes,2,3.2,280,11620.0,Jul,7,Q3,Friday
OPS-102273,2025-03-14,IT,Chennai,Data Correction,Medium,Portal,Finance Ops,Closed,16.0,24,No,1,3.7,350,5600.0,Mar,3,Q1,Friday
OPS-101865,2025-01-03,Operations,Gurugram,Vendor Query,Low,Portal,MIS,Closed,12.8,48,No,0,4.2,320,4096.0,Jan,1,Q1,Friday
OPS-104359,2025-09-23,Operations,Mumbai,System Issue,Medium,Email,HR Ops,Closed,14.6,24,No,0,4.4,320,4672.0,Sep,9,Q3,Tuesday
OPS-104714,2025-09-07,Finance,Chennai,Compliance Request,Low,Portal,MIS,Closed,18.5,48,No,1,3.8,400,7400.0,Sep,9,Q3,Sunday
OPS-104990,2025-10-20,HR,Bengaluru,System Issue,Medium,Email,IT Support,Escalated,15.5,24,No,1,4.2,320,4960.0,Oct,10,Q4,Monday
OPS-101126,2025-12-26,Sales,Bengaluru,Report Request,Medium,Portal,IT Support,Closed,2.9,24,No,1,5.0,320,928.0,Dec,12,Q4,Friday
OPS-103982,2025-12-18,Procurement,Noida,Vendor Query,Low,Email,Finance Ops,Closed,6.1,48,No,0,4.5,320,1952.0,Dec,12,Q4,Thursday
OPS-101509,2025-08-24,Finance,Gurugram,Employee Query,Medium,Teams,IT Support,Closed,8.6,24,No,0,4.7,400,3440.0,Aug,8,Q3,Sunday
OPS-103663,2025-07-10,Procurement,Gurugram,Report Request,High,Email,Finance Ops,Closed,2.4,12,No,1,4.6,400,960.0,Jul,7,Q3,Thursday
OPS-103133,2025-10-02,HR,Chennai,Data Correction,Medium,Portal,MIS,Closed,18.2,24,No,0,4.3,350,6370.0,Oct,10,Q4,Thursday
OPS-100301,2025-10-04,Operations,Bengaluru,Vendor Query,Medium,Portal,Vendor Management,Escalated,15.0,24,No,4,4.2,450,6750.0,Oct,10,Q4,Saturday
OPS-101048,2025-03-03,Operations,Noida,Invoice Query,Low,Email,Vendor Management,Closed,10.9,48,No,0,4.6,400,4360.0,Mar,3,Q1,Monday
OPS-100261,2025-12-12,Procurement,Pune,Vendor Query,Low,Email,Vendor Management,Closed,2.8,48,No,0,5.0,400,1120.0,Dec,12,Q4,Friday
OPS-102272,2025-06-13,Customer Support,Bengaluru,Access Request,Medium,Email,HR Ops,Closed,4.3,24,No,1,5.0,450,1935.0,Jun,6,Q2,Friday
OPS-102305,2025-04-26,Customer Support,Gurugram,Access Request,Medium,Phone,IT Support,Closed,9.7,24,No,0,4.3,350,3395.0,Apr,4,Q2,Saturday
OPS-101909,2025-06-08,Procurement,Mumbai,Vendor Query,Low,Portal,HR Ops,Closed,11.2,48,No,1,4.9,350,3920.0,Jun,6,Q2,Sunday
OPS-101080,2025-06-06,Finance,Gurugram,Invoice Query,High,Email,IT Support,Closed,8.3,12,No,0,4.9,400,3320.0,Jun,6,Q2,Friday
OPS-103793,2025-02-15,IT,,System Issue,Medium,Email,IT Support,Closed,0.6,24,No,1,4.8,280,168.0,Feb,2,Q1,Saturday
OPS-104092,2025-04-22,IT,Noida,System Issue,Medium,Teams,Finance Ops,Escalated,27.0,24,Yes,2,3.5,450,12150.0,Apr,4,Q2,Tuesday
OPS-100480,2025-09-11,HR,Chennai,Data Correction,Low,Email,HR Ops,Closed,6.8,48,No,1,3.7,280,1904.0,Sep,9,Q3,Thursday
OPS-103360,2025-12-30,HR,Pune,Employee Query,High,Portal,Finance Ops,Closed,8.6,12,No,2,4.5,450,3870.0,Dec,12,Q4,Tuesday
OPS-104637,2025-06-05,HR,Noida,Vendor Query,Low,Email,HR Ops,Closed,10.4,48,No,1,4.9,280,2912.0,Jun,6,Q2,Thursday
OPS-101340,2025-12-07,Procurement,Gurugram,Access Request,Low,Email,Vendor Management,Pending,2.7,48,No,0,5.0,350,945.0,Dec,12,Q4,Sunday
OPS-102424,2025-06-09,Sales,Gurugram,Employee Query,Low,Portal,HR Ops,Closed,17.2,48,No,0,4.8,350,6020.0,Jun,6,Q2,Monday
OPS-103260,2025-02-10,Customer Support,Noida,Report Request,Medium,Email,Vendor Management,Closed,25.1,24,Yes,0,4.9,400,10040.0,Feb,2,Q1,Monday
OPS-104941,2025-12-06,IT,Bengaluru,Employee Query,Medium,,Finance Ops,Closed,19.8,24,No,0,4.3,320,6336.0,Dec,12,Q4,Saturday
OPS-100513,2025-03-06,Finance,Mumbai,Data Correction,Medium,Email,Vendor Management,Closed,41.9,24,Yes,1,3.9,450,18855.0,Mar,3,Q1,Thursday
OPS-102968,2025-10-24,Sales,Noida,Vendor Query,Medium,Email,Vendor Management,Closed,16.9,24,No,1,4.3,280,4732.0,Oct,10,Q4,Friday
OPS-100871,2025-03-02,Procurement,Hyderabad,Vendor Query,Critical,Portal,IT Support,Closed,3.1,4,No,0,5.0,320,992.0,Mar,3,Q1,Sunday
OPS-104667,2025-07-04,HR,Noida,System Issue,Low,Email,IT Support,Escalated,17.0,48,No,2,4.4,280,4760.0,Jul,7,Q3,Friday
OPS-102460,2025-05-04,Sales,Mumbai,Data Correction,Low,Teams,MIS,Escalated,36.2,48,No,3,3.3,280,10136.0,May,5,Q2,Sunday
OPS-101436,2025-03-21,Customer Support,Pune,System Issue,Low,Teams,IT Support,Closed,19.0,48,No,0,4.9,280,5320.0,Mar,3,Q1,Friday
OPS-102923,2025-12-10,IT,Gurugram,Data Correction,Low,Email,IT Support,Closed,14.6,48,No,0,3.9,280,4088.0,Dec,12,Q4,Wednesday
OPS-101900,2025-08-31,Customer Support,Gurugram,Compliance Request,Medium,Portal,MIS,Closed,7.6,24,No,0,4.8,320,2432.0,Aug,8,Q3,Sunday
OPS-101401,2025-09-01,Sales,Mumbai,Invoice Query,Medium,Portal,Finance Ops,Closed,14.3,24,No,2,3.7,450,6435.0,Sep,9,Q3,Monday
OPS-102311,2025-10-14,Sales,Pune,Compliance Request,Low,Email,IT Support,Pending,14.3,48,No,0,4.6,320,4576.0,Oct,10,Q4,Tuesday
OPS-102582,2025-04-15,IT,Mumbai,Invoice Query,Low,Email,Vendor Management,Closed,5.4,48,No,1,,450,2430.0,Apr,4,Q2,Tuesday
OPS-101062,2025-12-19,Customer Support,Pune,Vendor Query,Medium,Portal,IT Support,Closed,6.1,24,No,0,4.7,400,2440.0,Dec,12,Q4,Friday
OPS-103731,2025-01-21,Finance,Mumbai,Compliance Request,Low,Portal,Finance Ops,Closed,24.8,48,No,1,4.2,400,9920.0,Jan,1,Q1,Tuesday
OPS-104404,2025-06-19,Operations,Chennai,Employee Query,Low,Email,Finance Ops,Closed,3.3,48,No,3,4.4,320,1056.0,Jun,6,Q2,Thursday
OPS-104054,2025-12-09,HR,Noida,Report Request,Medium,Phone,MIS,Closed,25.7,24,Yes,2,4.0,400,10280.0,Dec,12,Q4,Tuesday
OPS-104042,2025-04-26,Procurement,Hyderabad,Vendor Query,Low,Email,IT Support,Closed,12.6,48,No,3,4.3,450,5670.0,Apr,4,Q2,Saturday
OPS-102775,2025-07-17,HR,Chennai,Vendor Query,High,Phone,HR Ops,Closed,17.3,12,Yes,2,3.7,450,7785.0,Jul,7,Q3,Thursday
OPS-103053,2025-06-25,HR,Gurugram,Compliance Request,Critical,Email,Vendor Management,Escalated,23.9,4,Yes,3,3.2,400,9560.0,Jun,6,Q2,Wednesday
OPS-101134,2025-12-29,Finance,Pune,System Issue,Medium,Email,MIS,Closed,3.3,24,No,0,5.0,280,924.0,Dec,12,Q4,Monday
OPS-100802,2025-01-30,IT,Hyderabad,Employee Query,Medium,Portal,Finance Ops,Closed,40.0,24,Yes,1,3.8,280,11200.0,Jan,1,Q1,Thursday
OPS-103439,2025-03-10,HR,Bengaluru,Data Correction,Medium,Teams,Vendor Management,Closed,17.2,24,No,0,4.8,400,6880.0,Mar,3,Q1,Monday
OPS-103085,2025-11-09,Procurement,Mumbai,Access Request,Low,Portal,MIS,Closed,9.8,48,No,0,4.5,320,3136.0,Nov,11,Q4,Sunday
OPS-102178,2025-12-11,Procurement,Gurugram,Report Request,Low,Portal,HR Ops,Pending,7.3,48,No,1,4.4,350,2555.0,Dec,12,Q4,Thursday
OPS-101815,2025-03-21,Operations,Mumbai,Employee Query,Low,Email,Vendor Management,Closed,8.4,48,No,0,5.0,320,2688.0,Mar,3,Q1,Friday
OPS-103878,2025-10-05,HR,Bengaluru,System Issue,High,Email,HR Ops,Closed,14.5,12,Yes,1,4.3,280,4060.0,Oct,10,Q4,Sunday
OPS-100510,2025-04-11,IT,Hyderabad,Employee Query,Low,Portal,HR Ops,Closed,3.2,48,No,0,4.9,450,1440.0,Apr,4,Q2,Friday
OPS-102457,2025-11-04,Operations,Bengaluru,Access Request,Low,Teams,HR Ops,Closed,16.3,48,No,1,4.4,450,7335.0,Nov,11,Q4,Tuesday
OPS-101305,2025-12-08,Finance,Noida,Employee Query,Medium,Teams,Vendor Management,Closed,29.6,24,Yes,0,3.9,450,13320.0,Dec,12,Q4,Monday
OPS-100725,2025-05-26,HR,Hyderabad,Invoice Query,Medium,Phone,HR Ops,Closed,21.4,24,No,0,4.4,280,5992.0,May,5,Q2,Monday
OPS-102504,2025-04-22,Operations,Chennai,Compliance Request,Low,Portal,MIS,Closed,8.3,48,No,0,4.6,320,2656.0,Apr,4,Q2,Tuesday
OPS-101856,2025-03-25,Sales,Mumbai,Access Request,Medium,Email,Finance Ops,Escalated,18.5,24,No,2,3.9,450,8325.0,Mar,3,Q1,Tuesday
OPS-104595,2025-11-26,Customer Support,Chennai,Vendor Query,Low,Email,Vendor Management,Closed,13.5,48,No,1,4.7,280,3780.0,Nov,11,Q4,Wednesday
OPS-101745,2025-09-19,Operations,Chennai,Compliance Request,Medium,Email,Finance Ops,Closed,2.4,24,No,0,5.0,400,960.0,Sep,9,Q3,Friday
OPS-100067,2025-09-17,Operations,Gurugram,Access Request,Low,Portal,HR Ops,Closed,5.0,48,No,0,5.0,320,1600.0,Sep,9,Q3,Wednesday
OPS-100761,2025-10-15,Customer Support,Hyderabad,Compliance Request,High,Portal,HR Ops,Closed,11.8,12,No,0,4.7,320,3776.0,Oct,10,Q4,Wednesday
OPS-101397,2025-02-05,IT,Noida,Compliance Request,Medium,Email,Finance Ops,Closed,8.5,24,No,0,4.2,350,2975.0,Feb,2,Q1,Wednesday
OPS-101622,2025-11-19,Procurement,Hyderabad,Report Request,Medium,Email,Vendor Management,Closed,7.9,24,No,2,4.1,320,2528.0,Nov,11,Q4,Wednesday
OPS-100611,2025-10-10,IT,Gurugram,Data Correction,Medium,Email,HR Ops,Pending,4.2,24,No,1,4.5,400,1680.0,Oct,10,Q4,Friday
OPS-100679,2025-02-23,HR,Hyderabad,Employee Query,Medium,Teams,IT Support,Closed,1.5,24,No,2,4.7,320,480.0,Feb,2,Q1,Sunday
OPS-102788,2025-11-21,HR,Pune,Access Request,Low,Email,MIS,Closed,5.2,48,No,1,4.5,400,2080.0,Nov,11,Q4,Friday
OPS-100373,2025-02-08,Finance,Hyderabad,Invoice Query,Medium,Email,Vendor Management,Escalated,60.5,24,Yes,1,3.1,450,27225.0,Feb,2,Q1,Saturday
OPS-104900,2025-09-17,Finance,Pune,Access Request,Medium,Phone,HR Ops,Closed,5.0,24,No,0,5.0,320,1600.0,Sep,9,Q3,Wednesday
OPS-103729,2025-04-04,HR,Mumbai,Report Request,Medium,Email,MIS,Closed,9.2,24,No,1,3.7,280,2576.0,Apr,4,Q2,Friday
OPS-102159,2025-05-21,Procurement,Bengaluru,System Issue,Medium,Portal,Vendor Management,Closed,5.7,24,No,0,4.9,450,2565.0,May,5,Q2,Wednesday
OPS-104234,2025-06-17,Finance,Gurugram,Report Request,Low,Portal,MIS,Closed,3.2,48,No,0,5.0,350,1120.0,Jun,6,Q2,Tuesday
OPS-102125,2025-01-03,IT,Noida,Data Correction,Low,,Finance Ops,Closed,24.5,48,No,0,3.8,280,6860.0,Jan,1,Q1,Friday
OPS-102676,2025-12-30,HR,Chennai,Access Request,Medium,Portal,Vendor Management,Closed,1.7,24,No,0,4.9,450,765.0,Dec,12,Q4,Tuesday
OPS-102119,2025-04-12,Finance,Gurugram,Report Request,High,Phone,Finance Ops,Closed,28.4,12,Yes,0,4.1,450,12780.0,Apr,4,Q2,Saturday
OPS-104944,2025-11-14,Operations,Mumbai,Vendor Query,Medium,Email,HR Ops,Closed,9.3,24,No,0,4.7,400,3720.0,Nov,11,Q4,Friday
OPS-102350,2025-08-25,Operations,Pune,Data Correction,Low,Email,Finance Ops,Closed,6.3,48,No,1,4.9,400,2520.0,Aug,8,Q3,Monday
OPS-101153,2025-01-29,IT,Mumbai,Employee Query,High,Email,IT Support,Closed,28.2,12,Yes,0,4.1,350,9870.0,Jan,1,Q1,Wednesday
OPS-101716,2025-01-29,Operations,Pune,Employee Query,Medium,Portal,Finance Ops,Closed,15.9,24,No,1,4.9,280,4452.0,Jan,1,Q1,Wednesday
OPS-104690,2025-07-25,IT,Hyderabad,Compliance Request,Medium,Portal,MIS,Closed,8.2,24,No,1,4.6,320,2624.0,Jul,7,Q3,Friday
OPS-100243,2025-12-12,Operations,Hyderabad,Report Request,Medium,Email,HR Ops,Closed,25.8,24,Yes,2,3.5,350,9030.0,Dec,12,Q4,Friday
OPS-104390,2025-02-23,Operations,Pune,Employee Query,Medium,Email,Finance Ops,Closed,10.9,24,No,0,4.6,280,3052.0,Feb,2,Q1,Sunday
OPS-100215,2025-05-10,HR,Chennai,Compliance Request,Low,Email,HR Ops,Closed,16.8,48,No,1,4.1,350,5880.0,May,5,Q2,Saturday
OPS-101261,2025-08-17,Customer Support,Hyderabad,Invoice Query,Low,Email,Finance Ops,Closed,18.5,48,No,1,4.6,280,5180.0,Aug,8,Q3,Sunday
OPS-103411,2025-08-22,Procurement,Bengaluru,Vendor Query,Medium,Email,MIS,Pending,13.2,24,No,0,4.5,280,3696.0,Aug,8,Q3,Friday
OPS-103331,2025-01-02,HR,Chennai,Vendor Query,Low,Portal,HR Ops,Closed,27.6,48,No,0,4.3,280,7728.0,Jan,1,Q1,Thursday
OPS-102213,2025-02-18,Finance,Chennai,Access Request,Medium,Portal,IT Support,Escalated,3.6,24,No,2,4.0,320,1152.0,Feb,2,Q1,Tuesday
OPS-100453,2025-02-17,IT,Bengaluru,Employee Query,High,Email,Finance Ops,Escalated,22.8,12,Yes,1,3.6,320,7296.0,Feb,2,Q1,Monday
OPS-104340,2025-11-18,IT,Pune,Access Request,Critical,Email,IT Support,Escalated,7.0,4,Yes,2,4.7,280,1960.0,Nov,11,Q4,Tuesday
OPS-103931,2025-01-03,Procurement,Hyderabad,System Issue,Low,Portal,Finance Ops,Closed,4.5,48,No,0,4.8,350,1575.0,Jan,1,Q1,Friday
OPS-101380,2025-01-11,Procurement,Pune,Vendor Query,Medium,Phone,Vendor Management,Closed,21.1,24,No,0,4.9,320,6752.0,Jan,1,Q1,Saturday
OPS-103910,2025-11-04,HR,Noida,Vendor Query,Low,Teams,Finance Ops,Pending,8.6,48,No,1,4.0,400,3440.0,Nov,11,Q4,Tuesday
OPS-100424,2025-11-07,Sales,Noida,Access Request,Medium,Email,MIS,Closed,5.1,24,No,0,5.0,320,1632.0,Nov,11,Q4,Friday
OPS-101795,2025-10-04,HR,Pune,Compliance Request,Low,Email,Vendor Management,Closed,5.8,48,No,0,4.7,350,2030.0,Oct,10,Q4,Saturday
OPS-102376,2025-06-07,HR,Hyderabad,Access Request,Low,Email,MIS,Closed,9.7,48,No,0,5.0,450,4365.0,Jun,6,Q2,Saturday
OPS-102149,2025-10-30,Finance,,Access Request,Medium,Portal,Finance Ops,Escalated,17.3,24,No,2,4.1,320,5536.0,Oct,10,Q4,Thursday
OPS-101333,2025-04-08,Finance,Bengaluru,Vendor Query,Low,Phone,IT Support,Closed,33.6,48,No,2,4.0,350,11760.0,Apr,4,Q2,Tuesday
OPS-104219,2025-02-01,IT,Bengaluru,Data Correction,Low,Email,Finance Ops,Closed,1.6,48,No,1,4.8,400,640.0,Feb,2,Q1,Saturday
OPS-104049,2025-09-14,Finance,Gurugram,Compliance Request,High,Portal,Finance Ops,Pending,11.0,12,No,0,4.5,450,4950.0,Sep,9,Q3,Sunday
OPS-104979,2025-12-30,Finance,Bengaluru,Report Request,Medium,Portal,HR Ops,Escalated,31.4,24,Yes,2,3.5,350,10990.0,Dec,12,Q4,Tuesday
OPS-102677,2025-09-18,Procurement,Bengaluru,Report Request,Low,Portal,IT Support,Escalated,11.6,48,No,1,4.7,280,3248.0,Sep,9,Q3,Thursday
OPS-101720,2025-02-27,Procurement,Hyderabad,System Issue,Low,Email,HR Ops,Closed,19.3,48,No,2,4.2,400,7720.0,Feb,2,Q1,Thursday
OPS-101918,2025-06-26,Customer Support,Gurugram,Report Request,Low,Portal,Vendor Management,Closed,11.7,48,No,0,5.0,450,5265.0,Jun,6,Q2,Thursday
OPS-101679,2025-12-20,IT,Hyderabad,Vendor Query,Low,Teams,Vendor Management,Closed,12.2,48,No,0,4.6,280,3416.0,Dec,12,Q4,Saturday
OPS-100076,2025-10-31,Operations,Chennai,Compliance Request,Low,Email,Vendor Management,Closed,19.0,48,No,0,4.4,320,6080.0,Oct,10,Q4,Friday
OPS-100684,2025-08-12,Customer Support,Pune,Compliance Request,Medium,Portal,Vendor Management,Closed,6.7,24,No,0,4.7,400,2680.0,Aug,8,Q3,Tuesday
OPS-101786,2025-11-15,IT,Gurugram,Invoice Query,Critical,Email,Vendor Management,Closed,3.1,4,No,1,4.5,320,992.0,Nov,11,Q4,Saturday
OPS-104091,2025-05-27,HR,Bengaluru,Data Correction,High,Portal,Finance Ops,Escalated,23.1,12,Yes,3,3.4,400,9240.0,May,5,Q2,Tuesday
OPS-101092,2025-01-05,Finance,Gurugram,Access Request,Low,Email,Finance Ops,Escalated,2.6,48,No,4,4.2,400,1040.0,Jan,1,Q1,Sunday
OPS-102215,2025-12-13,HR,Hyderabad,Invoice Query,Low,Teams,HR Ops,Closed,4.6,48,No,0,4.6,350,1610.0,Dec,12,Q4,Saturday
OPS-100935,2025-01-06,HR,Chennai,Access Request,Low,Portal,Vendor Management,Escalated,8.3,48,No,1,4.1,350,2905.0,Jan,1,Q1,Monday
OPS-101506,2025-01-29,Sales,Chennai,Report Request,Medium,Email,HR Ops,Escalated,7.1,24,No,1,4.5,320,2272.0,Jan,1,Q1,Wednesday
OPS-101833,2025-06-15,Sales,Mumbai,Employee Query,Low,Portal,MIS,Closed,9.2,48,No,0,5.0,450,4140.0,Jun,6,Q2,Sunday
OPS-102179,2025-12-16,Customer Support,Gurugram,Data Correction,Medium,Portal,Finance Ops,Closed,5.3,24,No,0,4.9,280,1484.0,Dec,12,Q4,Tuesday
OPS-102086,2025-03-30,HR,Bengaluru,Vendor Query,Low,Portal,Vendor Management,Closed,16.2,48,No,0,4.6,350,5670.0,Mar,3,Q1,Sunday
OPS-101994,2025-06-24,Procurement,Noida,Employee Query,Medium,Portal,Finance Ops,Pending,6.6,24,No,0,4.8,400,2640.0,Jun,6,Q2,Tuesday
OPS-102640,2025-12-11,Sales,Pune,Employee Query,Low,Portal,MIS,Closed,9.9,48,No,1,4.1,280,2772.0,Dec,12,Q4,Thursday
OPS-100666,2025-07-22,Sales,Mumbai,Access Request,Low,Portal,Finance Ops,Closed,3.7,48,No,0,4.8,400,1480.0,Jul,7,Q3,Tuesday
OPS-103201,2025-06-28,Operations,Noida,System Issue,High,Email,HR Ops,Escalated,15.3,12,Yes,1,4.5,320,4896.0,Jun,6,Q2,Saturday
OPS-104988,2025-09-28,Customer Support,Bengaluru,Compliance Request,High,Email,Finance Ops,Pending,6.3,12,No,0,4.7,450,2835.0,Sep,9,Q3,Sunday
OPS-101446,2025-03-30,IT,Gurugram,Vendor Query,Medium,Email,HR Ops,Closed,11.8,24,No,0,5.0,320,3776.0,Mar,3,Q1,Sunday
OPS-101573,2025-06-27,Customer Support,Mumbai,Employee Query,Low,Portal,HR Ops,Closed,16.8,48,No,0,4.3,280,4704.0,Jun,6,Q2,Friday
OPS-102177,2025-03-31,Sales,Hyderabad,System Issue,Low,Phone,Finance Ops,Closed,4.0,48,No,0,5.0,280,1120.0,Mar,3,Q1,Monday
OPS-101727,2025-09-28,Procurement,Gurugram,Data Correction,Medium,Phone,Vendor Management,Closed,4.2,24,No,2,4.3,450,1890.0,Sep,9,Q3,Sunday
OPS-101816,2025-11-06,IT,Hyderabad,System Issue,Medium,Phone,Vendor Management,Closed,8.2,24,No,1,4.8,350,2870.0,Nov,11,Q4,Thursday
OPS-101231,2025-06-24,Operations,Noida,Employee Query,Medium,Email,Finance Ops,Pending,8.9,24,No,0,4.8,350,3115.0,Jun,6,Q2,Tuesday
OPS-103673,2025-12-20,Finance,Gurugram,Data Correction,Low,Email,HR Ops,Closed,12.4,48,No,1,4.4,450,5580.0,Dec,12,Q4,Saturday
OPS-102556,2025-11-10,HR,Pune,System Issue,Low,Portal,Finance Ops,Closed,11.0,48,No,0,4.8,450,4950.0,Nov,11,Q4,Monday
OPS-100949,2025-01-04,Finance,Hyderabad,Access Request,Medium,Teams,IT Support,Closed,11.5,24,No,0,5.0,280,3220.0,Jan,1,Q1,Saturday
OPS-103730,2025-07-20,Operations,Hyderabad,Access Request,Medium,Teams,MIS,Closed,33.2,24,Yes,0,3.9,280,9296.0,Jul,7,Q3,Sunday
OPS-103113,2025-10-08,Procurement,Hyderabad,Employee Query,Low,Portal,MIS,Closed,6.4,48,No,0,4.5,400,2560.0,Oct,10,Q4,Wednesday
OPS-104029,2025-11-19,Procurement,Mumbai,Compliance Request,Medium,Email,Finance Ops,Closed,21.0,24,No,0,4.1,350,7350.0,Nov,11,Q4,Wednesday
OPS-102219,2025-06-01,Finance,Noida,Access Request,Critical,Teams,MIS,Closed,2.0,4,No,0,4.4,350,700.0,Jun,6,Q2,Sunday
OPS-100356,2025-02-23,Finance,Mumbai,Vendor Query,Low,Email,Finance Ops,Closed,3.8,48,No,0,5.0,400,1520.0,Feb,2,Q1,Sunday
OPS-101691,2025-08-10,Operations,Mumbai,Compliance Request,Low,Email,Vendor Management,Closed,9.8,48,No,0,4.4,400,3920.0,Aug,8,Q3,Sunday
OPS-101320,2025-01-09,Procurement,Chennai,Access Request,Critical,Phone,MIS,Closed,12.4,4,Yes,0,4.8,400,4960.0,Jan,1,Q1,Thursday
OPS-101980,2025-11-28,Sales,Gurugram,System Issue,Low,Portal,HR Ops,Closed,11.1,48,No,0,4.9,350,3885.0,Nov,11,Q4,Friday
OPS-102738,2025-09-11,Sales,Hyderabad,Employee Query,Low,Portal,IT Support,Closed,16.4,48,No,0,4.4,450,7380.0,Sep,9,Q3,Thursday
OPS-100448,2025-08-27,Customer Support,Hyderabad,Employee Query,Low,Email,HR Ops,Closed,4.1,48,No,1,5.0,280,1148.0,Aug,8,Q3,Wednesday
OPS-102008,2025-01-20,Customer Support,Noida,Employee Query,Medium,Phone,HR Ops,Pending,10.0,24,No,0,4.6,320,3200.0,Jan,1,Q1,Monday
OPS-103708,2025-06-26,Operations,Pune,System Issue,Medium,Email,MIS,Closed,7.7,24,No,0,5.0,450,3465.0,Jun,6,Q2,Thursday
OPS-100815,2025-02-03,HR,Chennai,Invoice Query,Low,Portal,Finance Ops,Pending,7.2,48,No,0,4.8,320,2304.0,Feb,2,Q1,Monday
OPS-102685,2025-10-29,Customer Support,Gurugram,Employee Query,Low,Email,HR Ops,Closed,20.6,48,No,2,4.0,450,9270.0,Oct,10,Q4,Wednesday
OPS-104918,2025-06-15,Procurement,Bengaluru,Vendor Query,High,Email,Finance Ops,Escalated,2.9,12,No,2,4.1,320,928.0,Jun,6,Q2,Sunday
OPS-100057,2025-04-02,Customer Support,Chennai,Compliance Request,Low,Portal,MIS,Closed,3.7,48,No,0,4.8,450,1665.0,Apr,4,Q2,Wednesday
OPS-102964,2025-09-24,Customer Support,Bengaluru,Invoice Query,Medium,Teams,HR Ops,Pending,9.5,24,No,0,4.0,280,2660.0,Sep,9,Q3,Wednesday
OPS-100856,2025-03-19,Procurement,Hyderabad,Employee Query,Medium,Teams,HR Ops,Closed,8.1,24,No,0,4.4,280,2268.0,Mar,3,Q1,Wednesday
OPS-100932,2025-03-24,Procurement,Hyderabad,Report Request,Medium,Portal,Vendor Management,Pending,8.5,24,No,1,4.1,280,2380.0,Mar,3,Q1,Monday
OPS-104537,2025-05-17,Procurement,Gurugram,Vendor Query,High,Email,HR Ops,Closed,6.8,12,No,0,4.9,280,1904.0,May,5,Q2,Saturday
OPS-104705,2025-02-18,IT,Mumbai,Report Request,Low,Email,Vendor Management,Closed,13.4,48,No,0,4.7,350,4690.0,Feb,2,Q1,Tuesday
OPS-102016,2025-02-28,IT,Noida,Employee Query,High,Portal,MIS,Closed,5.6,12,No,0,4.7,350,1960.0,Feb,2,Q1,Friday
OPS-104813,2025-09-21,HR,Noida,Data Correction,Medium,Phone,HR Ops,Closed,9.3,24,No,1,4.1,450,4185.0,Sep,9,Q3,Sunday
OPS-102578,2025-02-18,HR,Chennai,Invoice Query,High,Email,HR Ops,Closed,1.7,12,No,1,4.8,450,765.0,Feb,2,Q1,Tuesday
OPS-103914,2025-06-10,IT,Pune,Employee Query,High,Portal,IT Support,Closed,14.3,12,Yes,0,4.6,320,4576.0,Jun,6,Q2,Tuesday
OPS-104698,2025-05-02,HR,Bengaluru,Access Request,Medium,Portal,MIS,Closed,4.1,24,No,0,5.0,320,1312.0,May,5,Q2,Friday
OPS-102080,2025-08-08,Finance,Bengaluru,Employee Query,Low,Email,Vendor Management,Closed,21.7,48,No,0,5.0,350,7595.0,Aug,8,Q3,Friday
OPS-101603,2025-05-04,Operations,Noida,System Issue,Low,Email,Vendor Management,Closed,15.5,48,No,2,3.8,320,4960.0,May,5,Q2,Sunday
OPS-102170,2025-05-24,Procurement,Gurugram,Employee Query,Low,Portal,HR Ops,Closed,7.7,48,No,0,4.6,350,2695.0,May,5,Q2,Saturday
OPS-100743,2025-07-16,Operations,Chennai,Employee Query,Medium,Email,Vendor Management,Closed,6.1,24,No,1,4.4,450,2745.0,Jul,7,Q3,Wednesday
OPS-100062,2025-02-19,Customer Support,Hyderabad,Access Request,Medium,Teams,MIS,Closed,3.1,24,No,0,5.0,450,1395.0,Feb,2,Q1,Wednesday
OPS-102886,2025-06-10,Procurement,Mumbai,Access Request,Low,Portal,Vendor Management,Closed,5.9,48,No,0,4.8,450,2655.0,Jun,6,Q2,Tuesday
OPS-100810,2025-07-03,Procurement,Noida,Employee Query,Critical,Email,HR Ops,Closed,6.6,4,Yes,0,4.8,280,1848.0,Jul,7,Q3,Thursday
OPS-100595,2025-08-03,IT,Mumbai,Vendor Query,Low,Email,HR Ops,Closed,7.2,48,No,0,5.0,320,2304.0,Aug,8,Q3,Sunday
OPS-101510,2025-07-04,HR,Chennai,Compliance Request,High,Email,HR Ops,Closed,7.8,12,No,1,4.6,320,2496.0,Jul,7,Q3,Friday
OPS-100878,2025-12-21,Sales,Hyderabad,Invoice Query,Medium,Phone,HR Ops,Closed,2.7,24,No,0,5.0,450,1215.0,Dec,12,Q4,Sunday
OPS-100381,2025-11-09,Finance,Gurugram,Compliance Request,Medium,Teams,Vendor Management,Closed,5.6,24,No,0,,280,1568.0,Nov,11,Q4,Sunday
OPS-102628,2025-10-29,Finance,Gurugram,Invoice Query,Low,Email,MIS,Closed,9.2,48,No,0,5.0,280,2576.0,Oct,10,Q4,Wednesday
OPS-104968,2025-08-19,Operations,Bengaluru,Report Request,High,Email,Finance Ops,Closed,27.5,12,Yes,0,4.1,320,8800.0,Aug,8,Q3,Tuesday
OPS-103278,2025-04-18,Procurement,Hyderabad,Compliance Request,Low,Phone,IT Support,Closed,8.6,48,No,0,4.7,450,3870.0,Apr,4,Q2,Friday
OPS-104520,2025-06-02,Customer Support,Mumbai,System Issue,Medium,Portal,Finance Ops,Closed,26.3,24,Yes,0,4.1,400,10520.0,Jun,6,Q2,Monday
OPS-102585,2025-04-29,Sales,Noida ,Access Request,Medium,Portal,HR Ops,Closed,12.3,24,No,0,4.9,320,3936.0,Apr,4,Q2,Tuesday
OPS-101884,2025-04-29,Procurement,Noida,Data Correction,Low,Email,IT Support,Closed,3.3,48,No,2,4.2,350,1155.0,Apr,4,Q2,Tuesday
OPS-103686,2025-10-21,Customer Support,Hyderabad,Report Request,Medium,Teams,Vendor Management,Closed,2.5,24,No,0,5.0,320,800.0,Oct,10,Q4,Tuesday
OPS-102534,2025-09-21,Procurement,Bengaluru,Report Request,Medium,Email,Finance Ops,Pending,8.6,24,No,0,4.0,320,2752.0,Sep,9,Q3,Sunday
OPS-101827,2025-08-21,Customer Support,Hyderabad,Data Correction,Medium,Teams,Vendor Management,Closed,7.4,24,No,0,4.6,450,3330.0,Aug,8,Q3,Thursday
OPS-100829,2025-01-08,Operations,Mumbai,Data Correction,Low,Portal,MIS,Closed,11.7,48,No,1,4.7,450,5265.0,Jan,1,Q1,Wednesday
OPS-101220,2025-11-14,Procurement,Chennai,Vendor Query,Medium,Portal,,Closed,2.9,24,No,1,4.7,400,1160.0,Nov,11,Q4,Friday
OPS-102854,2025-07-03,Sales,Noida,Data Correction,Medium,Email,Finance Ops,Pending,22.9,24,No,0,4.5,280,6412.0,Jul,7,Q3,Thursday
OPS-104174,2025-04-21,Sales,Chennai,System Issue,Low,Email,Vendor Management,Closed,3.9,48,No,1,4.6,280,1092.0,Apr,4,Q2,Monday
OPS-100307,2025-06-25,Operations,Mumbai,Invoice Query,Medium,Email,IT Support,Closed,18.3,24,No,1,3.7,450,8235.0,Jun,6,Q2,Wednesday
OPS-104454,2025-02-25,HR,Pune,Data Correction,Low,Portal,Vendor Management,Closed,5.7,48,No,1,4.4,400,2280.0,Feb,2,Q1,Tuesday
OPS-102104,2025-05-09,Sales,Gurugram,Invoice Query,Low,Phone,HR Ops,Pending,5.6,48,No,1,3.9,320,1792.0,May,5,Q2,Friday
OPS-100507,2025-06-12,IT,Hyderabad,Data Correction,Medium,Email,Finance Ops,Closed,18.3,24,No,0,4.8,400,7320.0,Jun,6,Q2,Thursday
OPS-102538,2025-12-09,Operations,Hyderabad,Access Request,Low,Email,Vendor Management,Closed,5.3,48,No,0,5.0,400,2120.0,Dec,12,Q4,Tuesday
OPS-100481,2025-08-10,Procurement,Pune,System Issue,Low,Portal,Finance Ops,Closed,12.6,48,No,0,4.7,280,3528.0,Aug,8,Q3,Sunday
OPS-100609,2025-06-17,HR,Noida,Invoice Query,Medium,Email,Vendor Management,Closed,6.4,24,No,0,4.8,320,2048.0,Jun,6,Q2,Tuesday
OPS-102905,2025-07-17,Sales,Noida,Compliance Request,Medium,,HR Ops,Closed,9.7,24,No,0,5.0,350,3395.0,Jul,7,Q3,Thursday
OPS-101411,2025-08-05,Sales,Gurugram,Access Request,Low,Phone,Finance Ops,Closed,5.1,48,No,0,4.9,280,1428.0,Aug,8,Q3,Tuesday
OPS-101282,2025-05-31,Finance,Bengaluru,Compliance Request,Medium,Phone,IT Support,Closed,10.4,24,No,2,4.5,280,2912.0,May,5,Q2,Saturday
OPS-101240,2025-02-24,Customer Support,Gurugram,System Issue,High,Portal,IT Support,Closed,3.9,12,No,1,4.7,350,1365.0,Feb,2,Q1,Monday
OPS-104683,2025-05-03,IT,Pune,Vendor Query,Low,Email,MIS,Closed,15.9,48,No,1,3.9,320,5088.0,May,5,Q2,Saturday
OPS-104860,2025-03-02,Sales,Pune,Report Request,Medium,Email,HR Ops,Escalated,19.2,24,No,3,3.8,400,7680.0,Mar,3,Q1,Sunday
OPS-102972,2025-02-24,Customer Support,Gurugram,Access Request,Medium,Email,Finance Ops,Closed,8.6,24,No,0,5.0,280,2408.0,Feb,2,Q1,Monday
OPS-104837,2025-03-27,HR,Gurugram,Report Request,High,Email,IT Support,Closed,19.2,12,Yes,1,4.7,450,8640.0,Mar,3,Q1,Thursday
OPS-104539,2025-04-19,Procurement,Hyderabad,Employee Query,Medium,Portal,Vendor Management,Closed,18.0,24,No,0,4.5,450,8100.0,Apr,4,Q2,Saturday
OPS-102352,2025-12-27,Customer Support,Noida,Data Correction,Medium,Email,MIS,Closed,7.8,24,No,0,4.8,400,3120.0,Dec,12,Q4,Saturday
OPS-101812,2025-03-17,IT,Gurugram,Report Request,Low,Portal,MIS,Escalated,18.7,48,No,2,4.5,320,5984.0,Mar,3,Q1,Monday
OPS-100037,2025-02-20,Customer Support,Pune,Report Request,Low,Email,MIS,Closed,2.3,48,No,0,4.6,400,920.0,Feb,2,Q1,Thursday
OPS-100859,2025-03-14,IT,Gurugram,System Issue,Medium,Email,Vendor Management,Escalated,14.3,24,No,1,4.5,320,4576.0,Mar,3,Q1,Friday
OPS-101796,2025-10-01,IT,Mumbai,Vendor Query,Low,Email,IT Support,Closed,23.9,48,No,0,4.2,320,7648.0,Oct,10,Q4,Wednesday
OPS-101799,2025-04-05,Customer Support,Bengaluru,Employee Query,High,Portal,Vendor Management,Pending,12.0,12,No,0,4.4,350,4200.0,Apr,4,Q2,Saturday
OPS-100454,2025-03-30,IT,Chennai,Compliance Request,Medium,Email,MIS,Closed,12.6,24,No,0,4.5,350,4410.0,Mar,3,Q1,Sunday
OPS-101617,2025-08-12,HR,Hyderabad,Vendor Query,Medium,,MIS,Closed,7.2,24,No,0,4.6,350,2520.0,Aug,8,Q3,Tuesday
OPS-103871,2025-05-13,Customer Support,Pune,System Issue,Critical,Email,HR Ops,Closed,3.7,4,No,0,4.6,280,1036.0,May,5,Q2,Tuesday
OPS-104790,2025-09-14,Procurement,Mumbai,Access Request,High,Portal,IT Support,Closed,7.5,12,No,1,4.8,320,2400.0,Sep,9,Q3,Sunday
OPS-102577,2025-11-25,Sales,Chennai,Report Request,High,Portal,Finance Ops,Escalated,15.5,12,Yes,2,4.1,320,4960.0,Nov,11,Q4,Tuesday
OPS-104429,2025-12-04,IT,Pune,Employee Query,Low,Email,MIS,Closed,2.8,48,No,1,4.2,280,784.0,Dec,12,Q4,Thursday
OPS-102129,2025-10-31,HR,Mumbai,Employee Query,Medium,Teams,HR Ops,Closed,9.2,24,No,0,4.8,280,2576.0,Oct,10,Q4,Friday
OPS-102974,2025-08-26,Finance,Noida,Employee Query,High,Portal,IT Support,Closed,21.0,12,Yes,1,3.8,280,5880.0,Aug,8,Q3,Tuesday
OPS-104165,2025-09-12,Customer Support,Chennai,Data Correction,Low,Portal,IT Support,Escalated,27.7,48,No,2,3.6,450,12465.0,Sep,9,Q3,Friday
OPS-104225,2025-11-10,HR,Gurugram,Data Correction,Medium,Email,IT Support,Closed,18.6,24,No,0,4.5,320,5952.0,Nov,11,Q4,Monday
OPS-104350,2025-02-17,IT,Mumbai,Employee Query,Low,Email,MIS,Closed,20.4,48,No,0,4.5,320,6528.0,Feb,2,Q1,Monday
OPS-101707,2025-09-27,HR,Mumbai,Access Request,Low,Email,MIS,Pending,11.5,48,No,2,4.1,320,3680.0,Sep,9,Q3,Saturday
OPS-100861,2025-09-06,HR,Chennai,Invoice Query,Medium,Email,Vendor Management,Closed,10.6,24,No,0,4.5,320,3392.0,Sep,9,Q3,Saturday
OPS-104526,2025-12-18,HR,Chennai,,High,Portal,Vendor Management,Closed,4.1,12,No,0,5.0,320,1312.0,Dec,12,Q4,Thursday
OPS-103682,2025-06-03,IT,Gurugram,Invoice Query,Low,Email,MIS,Closed,24.6,48,No,0,4.4,350,8610.0,Jun,6,Q2,Tuesday
OPS-102451,2025-09-17,Finance,Hyderabad,System Issue,Low,Portal,MIS,Closed,9.7,48,No,1,4.2,400,3880.0,Sep,9,Q3,Wednesday
OPS-102650,2025-04-05,Operations,Hyderabad,Compliance Request,Medium,Teams,Finance Ops,Closed,20.4,24,No,0,4.2,320,6528.0,Apr,4,Q2,Saturday
OPS-102492,2025-06-09,HR,Mumbai,Report Request,Medium,Teams,HR Ops,Closed,9.1,24,No,1,4.5,350,3185.0,Jun,6,Q2,Monday
OPS-100066,2025-04-16,Finance,Pune,Compliance Request,Critical,Phone,MIS,Closed,7.9,4,Yes,1,4.8,350,2765.0,Apr,4,Q2,Wednesday
OPS-102751,2025-03-17,Operations,Noida,Data Correction,Low,Email,Finance Ops,Closed,7.5,48,No,0,4.8,450,3375.0,Mar,3,Q1,Monday
OPS-104106,2025-11-19,IT,,Access Request,Medium,Phone,HR Ops,Pending,15.1,24,No,1,4.8,320,4832.0,Nov,11,Q4,Wednesday
OPS-103620,2025-07-07,IT,Chennai,Vendor Query,Critical,Email,IT Support,Closed,4.7,4,Yes,0,4.9,320,1504.0,Jul,7,Q3,Monday
OPS-101044,2025-06-14,IT,Hyderabad,,Medium,Email,Finance Ops,Closed,5.1,24,No,1,4.7,280,1428.0,Jun,6,Q2,Saturday
OPS-103939,2025-08-28,Finance,Bengaluru,Compliance Request,Low,Portal,IT Support,Closed,3.3,48,No,0,5.0,450,1485.0,Aug,8,Q3,Thursday
OPS-104924,2025-01-13,Procurement,Gurugram,Invoice Query,Medium,Email,Vendor Management,Closed,6.6,24,No,1,4.6,320,2112.0,Jan,1,Q1,Monday
OPS-102107,2025-03-30,Operations,Bengaluru,Invoice Query,Medium,Portal,HR Ops,Closed,17.0,24,No,0,5.0,450,7650.0,Mar,3,Q1,Sunday
OPS-102043,2025-12-02,Procurement,Gurugram,Invoice Query,Medium,Teams,IT Support,Closed,2.8,24,No,0,5.0,350,980.0,Dec,12,Q4,Tuesday
OPS-104622,2025-07-12,Procurement,Hyderabad,Vendor Query,Low,Portal,MIS,Closed,5.5,48,No,0,4.8,450,2475.0,Jul,7,Q3,Saturday
OPS-100451,2025-05-06,Sales,Chennai,Compliance Request,High,Email,MIS,Closed,15.6,12,Yes,0,3.9,320,4992.0,May,5,Q2,Tuesday
OPS-103410,2025-12-29,HR,Mumbai,Data Correction,Medium,Teams,Finance Ops,Closed,9.0,24,No,1,4.6,280,2520.0,Dec,12,Q4,Monday
OPS-103161,2025-07-02,HR,Chennai,Report Request,Low,Phone,Vendor Management,Escalated,61.0,48,Yes,2,3.3,280,17080.0,Jul,7,Q3,Wednesday
OPS-102614,2025-10-15,Sales,Chennai,Invoice Query,Medium,Phone,HR Ops,Closed,21.5,24,No,0,4.6,350,7525.0,Oct,10,Q4,Wednesday
OPS-104908,2025-05-22,Finance,Chennai,Data Correction,Medium,Portal,Vendor Management,Closed,38.2,24,Yes,0,4.1,450,17190.0,May,5,Q2,Thursday
OPS-100869,2025-11-15,Sales,Pune,Invoice Query,Medium,Portal,Finance Ops,Closed,7.2,24,No,0,4.8,350,2520.0,Nov,11,Q4,Saturday
OPS-101331,2025-01-29,Operations,Mumbai,Compliance Request,Low,Email,MIS,Escalated,27.9,48,No,2,3.5,280,7812.0,Jan,1,Q1,Wednesday
OPS-103523,2025-04-02,Customer Support,Pune,Report Request,Low,Email,IT Support,Closed,9.2,48,No,0,5.0,450,4140.0,Apr,4,Q2,Wednesday
OPS-100255,2025-05-31,HR,Mumbai,Report Request,Low,Email,Vendor Management,Closed,17.4,48,No,1,5.0,320,5568.0,May,5,Q2,Saturday
OPS-104616,2025-11-01,HR,Bengaluru,Employee Query,Medium,Phone,Vendor Management,Escalated,2.4,24,No,1,4.5,320,768.0,Nov,11,Q4,Saturday
OPS-102276,2025-03-11,Sales,Chennai,Compliance Request,Medium,Email,MIS,Closed,8.3,24,No,1,4.0,280,2324.0,Mar,3,Q1,Tuesday
OPS-101117,2025-10-19,HR,Bengaluru,Report Request,High,Portal,MIS,Closed,7.5,12,No,2,4.2,400,3000.0,Oct,10,Q4,Sunday
OPS-103090,2025-12-21,HR,Noida,System Issue,Medium,Phone,Finance Ops,Closed,7.0,24,No,1,5.0,450,3150.0,Dec,12,Q4,Sunday
OPS-103917,2025-08-12,Finance,Bengaluru,Access Request,Low,Email,MIS,Closed,3.4,48,No,0,4.9,400,1360.0,Aug,8,Q3,Tuesday
OPS-102053,2025-03-27,HR,Hyderabad,Data Correction,Low,Email,Vendor Management,Closed,9.3,48,No,0,5.0,280,2604.0,Mar,3,Q1,Thursday
OPS-102885,2025-12-07,HR,Hyderabad,Compliance Request,Medium,Portal,IT Support,Closed,14.3,24,No,0,4.5,450,6435.0,Dec,12,Q4,Sunday
OPS-104353,2025-04-10,Customer Support,Bengaluru,Employee Query,Low,Portal,IT Support,Closed,7.8,48,No,0,5.0,320,2496.0,Apr,4,Q2,Thursday
OPS-103341,2025-11-07,Customer Support,Noida,Data Correction,Low,Email,IT Support,Closed,8.9,48,No,0,4.8,320,2848.0,Nov,11,Q4,Friday
OPS-102498,2025-07-02,Finance,Noida,Employee Query,High,Portal,Vendor Management,Escalated,8.8,12,No,2,4.1,450,3960.0,Jul,7,Q3,Wednesday
OPS-102027,2025-10-26,Procurement,Bengaluru,System Issue,Medium,Teams,Vendor Management,Closed,34.1,24,Yes,1,4.4,400,13640.0,Oct,10,Q4,Sunday
OPS-103203,2025-11-07,Procurement,Gurugram,Compliance Request,Medium,Portal,IT Support,Closed,12.0,24,No,0,4.7,450,5400.0,Nov,11,Q4,Friday
OPS-100100,2025-05-09,HR,Mumbai,Vendor Query,Medium,Email,Vendor Management,Closed,22.1,24,No,0,4.3,400,8840.0,May,5,Q2,Friday
OPS-103422,2025-06-19,Customer Support,Pune,Invoice Query,Medium,Portal,HR Ops,Closed,19.4,24,No,0,4.8,450,8730.0,Jun,6,Q2,Thursday
OPS-102412,2025-06-22,Operations,Mumbai,Report Request,High,Email,Finance Ops,Closed,22.1,12,Yes,1,4.0,320,7072.0,Jun,6,Q2,Sunday
OPS-102054,2025-06-24,Finance,Bengaluru,Report Request,Medium,Email,HR Ops,Escalated,28.0,24,Yes,1,4.3,450,12600.0,Jun,6,Q2,Tuesday
OPS-104129,2025-03-26,Customer Support,Bengaluru,System Issue,Low,Email,HR Ops,Closed,10.7,48,No,0,5.0,280,2996.0,Mar,3,Q1,Wednesday
OPS-102085,2025-06-18,Procurement,Noida,System Issue,High,Email,IT Support,Escalated,58.1,12,Yes,1,2.5,280,16268.0,Jun,6,Q2,Wednesday
OPS-102145,2025-12-30,Customer Support,Gurugram,Compliance Request,Low,Email,IT Support,Pending,7.6,48,No,1,4.7,320,2432.0,Dec,12,Q4,Tuesday
OPS-104641,2025-11-17,Sales,Mumbai,Data Correction,Medium,Portal,Finance Ops,Closed,15.8,24,No,0,4.7,320,5056.0,Nov,11,Q4,Monday
OPS-102402,2025-04-20,IT,Mumbai,Data Correction,Medium,Portal,MIS,Escalated,2.4,24,No,2,5.0,280,672.0,Apr,4,Q2,Sunday
OPS-104758,2025-08-06,HR,Pune,Vendor Query,High,Teams,Vendor Management,Closed,15.9,12,Yes,2,3.7,350,5565.0,Aug,8,Q3,Wednesday
OPS-101159,2025-10-29,HR,Gurugram,Vendor Query,Low,Teams,MIS,Closed,8.2,48,No,1,4.6,450,3690.0,Oct,10,Q4,Wednesday
OPS-104072,2025-03-17,HR,Pune,System Issue,Medium,Portal,HR Ops,Pending,16.9,24,No,0,4.6,280,4732.0,Mar,3,Q1,Monday
OPS-102598,2025-10-15,Customer Support,Hyderabad,Invoice Query,Critical,Email,Vendor Management,Closed,15.5,4,Yes,0,4.4,350,5425.0,Oct,10,Q4,Wednesday
OPS-104939,2025-07-28,Finance,Pune,Data Correction,Medium,Email,Finance Ops,Closed,25.8,24,Yes,1,4.2,280,7224.0,Jul,7,Q3,Monday
OPS-101304,2025-12-21,Operations,Noida,Report Request,Low,Phone,Finance Ops,Closed,5.5,48,No,0,4.9,450,2475.0,Dec,12,Q4,Sunday
OPS-101932,2025-05-05,Customer Support,Chennai,Vendor Query,Low,Email,Vendor Management,Closed,11.7,48,No,2,3.9,400,4680.0,May,5,Q2,Monday
OPS-100241,2025-05-28,Sales,Gurugram,Invoice Query,Medium,Teams,MIS,Closed,3.7,24,No,0,5.0,450,1665.0,May,5,Q2,Wednesday
OPS-101976,2025-09-27,Sales,Pune,Data Correction,Low,Teams,HR Ops,Closed,2.8,48,No,0,4.4,400,1120.0,Sep,9,Q3,Saturday
OPS-103722,2025-01-13,Finance,Mumbai,Vendor Query,Critical,Portal,Vendor Management,Closed,3.6,4,No,0,4.0,280,1008.0,Jan,1,Q1,Monday
OPS-104372,2025-03-09,IT,Pune,Invoice Query,Low,Email,IT Support,Closed,16.7,48,No,0,4.1,320,5344.0,Mar,3,Q1,Sunday
OPS-101923,2025-12-20,Sales,Chennai,Compliance Request,Low,Portal,MIS,Closed,16.4,48,No,1,4.2,350,5740.0,Dec,12,Q4,Saturday
OPS-103834,2025-06-02,Customer Support,Chennai,Vendor Query,Low,Email,Finance Ops,Closed,4.3,48,No,0,5.0,450,1935.0,Jun,6,Q2,Monday
OPS-102896,2025-03-02,Sales,Mumbai,Report Request,Medium,Email,Finance Ops,Closed,18.1,24,No,1,4.3,400,7240.0,Mar,3,Q1,Sunday
OPS-104417,2025-10-23,IT,Pune,Access Request,Medium,Portal,Finance Ops,Escalated,64.1,24,Yes,1,2.5,450,28845.0,Oct,10,Q4,Thursday
OPS-101451,2025-01-26,Sales,Chennai,Report Request,Low,Email,Finance Ops,Closed,20.4,48,No,1,4.8,400,8160.0,Jan,1,Q1,Sunday
OPS-100908,2025-07-21,Operations,Pune,Data Correction,Low,Portal,MIS,Closed,7.5,48,No,0,4.7,400,3000.0,Jul,7,Q3,Monday
OPS-101523,2025-05-26,Procurement,Chennai,System Issue,Low,Email,HR Ops,Escalated,18.0,48,No,1,4.3,400,7200.0,May,5,Q2,Monday
OPS-103684,2025-04-06,IT,Noida,Compliance Request,Medium,Teams,Vendor Management,Closed,10.3,24,No,0,4.5,450,4635.0,Apr,4,Q2,Sunday
OPS-103367,2025-02-10,Sales,Gurugram,Access Request,Low,Email,Finance Ops,Closed,12.6,48,No,1,4.7,280,3528.0,Feb,2,Q1,Monday
OPS-102343,2025-09-29,Finance,Mumbai,Employee Query,Medium,Portal,HR Ops,Closed,16.4,24,No,0,5.0,350,5740.0,Sep,9,Q3,Monday
OPS-103034,2025-08-04,Procurement,Noida,Employee Query,Medium,,MIS,Closed,3.4,24,No,0,4.5,320,1088.0,Aug,8,Q3,Monday
OPS-100971,2025-05-14,Finance,Mumbai,Invoice Query,High,Email,IT Support,Pending,3.5,12,No,1,4.6,400,1400.0,May,5,Q2,Wednesday
OPS-103357,2025-05-02,Finance,Noida,Vendor Query,Critical,Teams,MIS,Closed,16.4,4,Yes,1,4.5,280,4592.0,May,5,Q2,Friday
OPS-103296,2025-06-26,Customer Support,Bengaluru,System Issue,Critical,Email,Finance Ops,Closed,6.4,4,Yes,0,5.0,400,2560.0,Jun,6,Q2,Thursday
OPS-104901,2025-07-12,Finance,Bengaluru,Vendor Query,Medium,Email,IT Support,Pending,11.4,24,No,0,5.0,280,3192.0,Jul,7,Q3,Saturday
OPS-102715,2025-06-03,HR,Mumbai,Access Request,Low,Email,MIS,Closed,9.1,48,No,1,4.1,450,4095.0,Jun,6,Q2,Tuesday
OPS-100394,2025-12-08,Procurement,Hyderabad,Report Request,High,Email,MIS,Closed,25.7,12,Yes,1,3.5,320,8224.0,Dec,12,Q4,Monday
OPS-104127,2025-06-17,HR,Noida,Invoice Query,High,Email,Finance Ops,Closed,6.8,12,No,0,4.5,320,2176.0,Jun,6,Q2,Tuesday
OPS-100706,2025-08-08,Sales,Noida,System Issue,Medium,Email,IT Support,Closed,19.4,24,No,0,4.1,400,7760.0,Aug,8,Q3,Friday
OPS-104482,2025-03-02,Finance,Bengaluru,Data Correction,High,Portal,Finance Ops,Closed,6.9,12,No,1,4.9,450,3105.0,Mar,3,Q1,Sunday
OPS-103644,2025-10-08,IT,Mumbai,Access Request,Low,Teams,Finance Ops,Pending,3.5,48,No,2,4.8,350,1225.0,Oct,10,Q4,Wednesday
OPS-101537,2025-10-29,Customer Support,Pune,System Issue,Low,Email,HR Ops,Closed,9.2,48,No,0,4.5,350,3220.0,Oct,10,Q4,Wednesday
OPS-102665,2025-04-18,Procurement,Chennai,Invoice Query,Medium,Teams,Vendor Management,Closed,2.2,24,No,1,5.0,320,704.0,Apr,4,Q2,Friday
OPS-100616,2025-06-14,Sales,Mumbai,Report Request,Medium,Email,MIS,Escalated,27.0,24,Yes,2,3.8,280,7560.0,Jun,6,Q2,Saturday
OPS-100680,2025-09-16,Sales,Mumbai,Report Request,Low,Portal,Finance Ops,Closed,2.6,48,No,0,4.4,400,1040.0,Sep,9,Q3,Tuesday
OPS-104707,2025-06-08,Finance,Pune,System Issue,Medium,Portal,Vendor Management,Pending,18.7,24,No,0,4.7,400,7480.0,Jun,6,Q2,Sunday
OPS-103096,2025-08-13,IT,Noida,Employee Query,High,Teams,Vendor Management,Closed,15.8,12,Yes,0,5.0,320,5056.0,Aug,8,Q3,Wednesday
OPS-102248,2025-10-18,Customer Support,Bengaluru,System Issue,Low,Email,Vendor Management,Escalated,10.7,48,No,1,4.9,320,3424.0,Oct,10,Q4,Saturday
OPS-102704,2025-03-11,Operations,Hyderabad,Invoice Query,Critical,Teams,MIS,Closed,7.5,4,Yes,1,4.6,280,2100.0,Mar,3,Q1,Tuesday
OPS-102952,2025-09-11,Finance,Mumbai,System Issue,Low,Phone,Vendor Management,Closed,25.4,48,No,0,4.0,350,8890.0,Sep,9,Q3,Thursday
OPS-104997,2025-12-26,Finance,,System Issue,Critical,Email,Finance Ops,Pending,10.1,4,Yes,1,4.3,320,3232.0,Dec,12,Q4,Friday
OPS-102003,2025-04-18,Operations,Bengaluru,Access Request,Medium,Email,HR Ops,Closed,7.1,24,No,1,4.2,350,2485.0,Apr,4,Q2,Friday
OPS-101402,2025-12-03,Customer Support,Gurugram,Vendor Query,Medium,Portal,Finance Ops,Closed,20.7,24,No,0,4.3,320,6624.0,Dec,12,Q4,Wednesday
OPS-102452,2025-04-13,HR,Hyderabad,Report Request,Medium,Email,Vendor Management,Closed,6.0,24,No,0,5.0,320,1920.0,Apr,4,Q2,Sunday
OPS-100226,2025-09-12,Procurement,Noida,Invoice Query,Low,Phone,Vendor Management,Pending,4.2,48,No,1,5.0,350,1470.0,Sep,9,Q3,Friday
OPS-100535,2025-04-24,HR,Bengaluru,Compliance Request,High,Portal,HR Ops,Closed,10.7,12,No,1,4.5,320,3424.0,Apr,4,Q2,Thursday
OPS-102832,2025-03-25,Customer Support,Bengaluru,Report Request,Low,Email,Finance Ops,Closed,5.5,48,No,0,3.9,350,1925.0,Mar,3,Q1,Tuesday
OPS-103249,2025-09-02,HR,Gurugram,,Low,Teams,MIS,Closed,25.0,48,No,1,3.9,450,11250.0,Sep,9,Q3,Tuesday
OPS-101642,2025-12-29,Procurement,Pune,Employee Query,High,Email,MIS,Closed,29.6,12,Yes,2,3.9,400,11840.0,Dec,12,Q4,Monday
OPS-102133,2025-06-02,Customer Support,Noida,Report Request,High,Portal,Finance Ops,Closed,0.8,12,No,0,5.0,320,256.0,Jun,6,Q2,Monday
OPS-102809,2025-03-15,Operations,Bengaluru,Data Correction,Medium,Teams,MIS,Escalated,19.4,24,No,1,3.7,350,6790.0,Mar,3,Q1,Saturday
OPS-101074,2025-05-14,Customer Support,Noida,Invoice Query,Low,Portal,Vendor Management,Closed,17.1,48,No,0,5.0,320,5472.0,May,5,Q2,Wednesday
OPS-101413,2025-04-14,HR,Bengaluru,System Issue,Medium,Email,HR Ops,Closed,12.3,24,No,0,4.9,280,3444.0,Apr,4,Q2,Monday
OPS-102866,2025-06-09,IT,Pune,Invoice Query,Medium,Email,HR Ops,Closed,12.6,24,No,2,4.6,280,3528.0,Jun,6,Q2,Monday
OPS-104844,2025-08-23,IT,Hyderabad,Data Correction,High,Teams,MIS,Closed,3.1,12,No,1,4.1,350,1085.0,Aug,8,Q3,Saturday
OPS-103065,2025-03-07,Sales,Mumbai,Employee Query,Low,Email,Vendor Management,Closed,9.3,48,No,2,4.0,280,2604.0,Mar,3,Q1,Friday
OPS-101504,2025-02-08,Finance,Bengaluru,Compliance Request,Low,Email,Vendor Management,Escalated,17.5,48,No,3,3.6,450,7875.0,Feb,2,Q1,Saturday
OPS-104438,2025-11-17,HR,Hyderabad,Access Request,Low,Portal,Vendor Management,Closed,4.4,48,No,0,4.5,350,1540.0,Nov,11,Q4,Monday
OPS-103961,2025-10-01,IT,Mumbai,Vendor Query,High,Email,HR Ops,Closed,36.2,12,Yes,0,4.1,350,12670.0,Oct,10,Q4,Wednesday
OPS-100214,2025-05-06,Operations,Mumbai,Report Request,Medium,Portal,Finance Ops,Closed,3.6,24,No,0,5.0,350,1260.0,May,5,Q2,Tuesday
OPS-101032,2025-03-01,IT,Noida,Access Request,Low,Teams,Vendor Management,Closed,15.1,48,No,0,4.0,400,6040.0,Mar,3,Q1,Saturday
OPS-103435,2025-04-19,IT,Noida,Employee Query,Medium,,HR Ops,Closed,24.7,24,Yes,1,4.4,350,8645.0,Apr,4,Q2,Saturday
OPS-102146,2025-01-21,Procurement,Chennai,Invoice Query,Medium,Email,HR Ops,Closed,5.1,24,No,0,5.0,450,2295.0,Jan,1,Q1,Tuesday
OPS-101517,2025-03-06,Procurement,Mumbai,Compliance Request,Medium,Phone,Finance Ops,Closed,24.2,24,Yes,1,4.7,280,6776.0,Mar,3,Q1,Thursday
OPS-101638,2025-02-28,IT,Chennai,Compliance Request,Medium,Email,Vendor Management,Closed,12.5,24,No,1,4.8,450,5625.0,Feb,2,Q1,Friday
OPS-104216,2025-12-03,Finance,Chennai,Compliance Request,High,Email,MIS,Closed,8.1,12,No,0,4.6,400,3240.0,Dec,12,Q4,Wednesday
OPS-102045,2025-01-08,Operations,Mumbai,Employee Query,Medium,Email,HR Ops,Closed,9.4,24,No,0,4.9,320,3008.0,Jan,1,Q1,Wednesday
OPS-102655,2025-07-08,Operations,Hyderabad,Data Correction,Low,Email,MIS,Closed,12.3,48,No,0,4.7,450,5535.0,Jul,7,Q3,Tuesday
OPS-103495,2025-01-05,Procurement,Pune,Compliance Request,Critical,Phone,Finance Ops,Closed,6.8,4,Yes,1,5.0,280,1904.0,Jan,1,Q1,Sunday
OPS-104617,2025-01-07,Customer Support,Bengaluru,Invoice Query,High,Email,HR Ops,Escalated,27.9,12,Yes,2,3.8,450,12555.0,Jan,1,Q1,Tuesday
OPS-101528,2025-11-01,HR,Gurugram,Invoice Query,Critical,Portal,MIS,Closed,22.2,4,Yes,0,4.8,280,6216.0,Nov,11,Q4,Saturday
OPS-101715,2025-01-07,Finance,Noida,Compliance Request,Low,Email,Vendor Management,Closed,9.5,48,No,0,4.4,280,2660.0,Jan,1,Q1,Tuesday
OPS-101708,2025-07-11,Sales,Noida,Access Request,Low,Portal,Vendor Management,Closed,13.7,48,No,0,4.6,400,5480.0,Jul,7,Q3,Friday
OPS-100407,2025-06-19,Customer Support,Pune,Report Request,Medium,Portal,Finance Ops,Escalated,5.6,24,No,1,5.0,320,1792.0,Jun,6,Q2,Thursday
OPS-104175,2025-06-02,Finance,Gurugram,Compliance Request,Medium,Phone,IT Support,Escalated,6.8,24,No,2,4.7,400,2720.0,Jun,6,Q2,Monday
OPS-100579,2025-03-10,Operations,Noida,Data Correction,Low,Email,Finance Ops,Closed,3.9,48,No,0,4.6,350,1365.0,Mar,3,Q1,Monday
OPS-100368,2025-09-30,Operations,Gurugram,Report Request,High,Portal,MIS,Pending,11.1,12,No,0,4.6,320,3552.0,Sep,9,Q3,Tuesday
OPS-102993,2025-04-17,Operations,Gurugram,Data Correction,Medium,Portal,HR Ops,Closed,5.8,24,No,0,4.8,350,2030.0,Apr,4,Q2,Thursday
OPS-100537,2025-08-05,Finance,,Report Request,Low,Email,Finance Ops,Closed,6.7,48,No,0,4.3,400,2680.0,Aug,8,Q3,Tuesday
OPS-100148,2025-05-23,IT,Noida,Data Correction,Medium,Teams,HR Ops,Escalated,26.7,24,Yes,1,4.0,350,9345.0,May,5,Q2,Friday
OPS-103543,2025-01-13,IT,Noida ,System Issue,Medium,Email,IT Support,Closed,9.2,24,No,0,4.8,400,3680.0,Jan,1,Q1,Monday
OPS-102001,2025-06-05,Customer Support,Noida,Access Request,Medium,Portal,Finance Ops,Closed,15.4,24,No,1,4.5,450,6930.0,Jun,6,Q2,Thursday
OPS-102427,2025-09-11,Sales,Chennai,System Issue,High,Teams,HR Ops,Closed,1.2,12,No,1,4.8,320,384.0,Sep,9,Q3,Thursday
OPS-100651,2025-07-09,Finance,Gurugram,Vendor Query,Medium,Portal,IT Support,Closed,21.6,24,No,0,4.4,450,9720.0,Jul,7,Q3,Wednesday
OPS-100194,2025-08-21,Finance,Gurugram,Employee Query,Medium,Email,HR Ops,Pending,22.2,24,No,2,3.9,320,7104.0,Aug,8,Q3,Thursday
OPS-101944,2025-08-28,Customer Support,Mumbai,System Issue,Medium,Email,Finance Ops,Closed,1.0,24,No,0,5.0,400,400.0,Aug,8,Q3,Thursday
OPS-100939,2025-08-14,Operations,Hyderabad,Report Request,High,Email,Vendor Management,Closed,14.8,12,Yes,0,4.9,400,5920.0,Aug,8,Q3,Thursday
OPS-100167,2025-02-13,Finance,Bengaluru,Report Request,High,Email,MIS,Escalated,12.6,12,Yes,1,4.0,350,4410.0,Feb,2,Q1,Thursday
OPS-100543,2025-08-15,Operations,Chennai,Invoice Query,Medium,Email,IT Support,Closed,9.7,24,No,0,5.0,320,3104.0,Aug,8,Q3,Friday
OPS-103588,2025-07-20,Sales,Chennai,Invoice Query,Low,Portal,HR Ops,Closed,10.4,48,No,0,4.7,320,3328.0,Jul,7,Q3,Sunday
OPS-103804,2025-04-12,Customer Support,Noida,Report Request,Medium,Email,Vendor Management,Closed,1.9,24,No,0,4.8,400,760.0,Apr,4,Q2,Saturday
OPS-100628,2025-03-11,IT,Bengaluru,Employee Query,High,Teams,Vendor Management,Pending,20.6,12,Yes,0,4.8,280,5768.0,Mar,3,Q1,Tuesday
OPS-102592,2025-12-13,Finance,Chennai,System Issue,Medium,Teams,Finance Ops,Pending,8.3,24,No,0,4.9,450,3735.0,Dec,12,Q4,Saturday
OPS-101102,2025-08-04,Sales,Mumbai,System Issue,High,Email,IT Support,Closed,9.9,12,No,1,4.6,280,2772.0,Aug,8,Q3,Monday
OPS-104984,2025-02-19,IT,Noida,Report Request,Medium,Email,HR Ops,Closed,25.2,24,Yes,0,4.1,280,7056.0,Feb,2,Q1,Wednesday
OPS-100586,2025-02-08,HR,Chennai,Vendor Query,Low,Portal,Finance Ops,Closed,14.9,48,No,0,4.8,350,5215.0,Feb,2,Q1,Saturday
OPS-102766,2025-04-26,IT,Chennai,System Issue,Low,Email,HR Ops,Pending,18.8,48,No,0,5.0,280,5264.0,Apr,4,Q2,Saturday
OPS-100372,2025-06-25,Procurement,Pune,Report Request,Low,Email,Finance Ops,Closed,19.7,48,No,0,4.3,450,8865.0,Jun,6,Q2,Wednesday
OPS-104309,2025-01-06,HR,Mumbai,Employee Query,High,Portal,MIS,Closed,14.7,12,Yes,0,5.0,400,5880.0,Jan,1,Q1,Monday
OPS-103618,2025-05-24,Sales,Gurugram,Report Request,Medium,Phone,Vendor Management,Closed,8.1,24,No,0,5.0,450,3645.0,May,5,Q2,Saturday
OPS-101553,2025-08-31,Procurement,Chennai,Data Correction,Low,Portal,,Closed,28.0,48,No,0,4.0,450,12600.0,Aug,8,Q3,Sunday
OPS-101272,2025-04-30,HR,Noida,Access Request,Medium,Email,Vendor Management,Closed,7.5,24,No,0,5.0,450,3375.0,Apr,4,Q2,Wednesday
OPS-104264,2025-01-12,Sales,Mumbai,System Issue,Medium,Email,IT Support,Pending,8.5,24,No,0,5.0,350,2975.0,Jan,1,Q1,Sunday
OPS-103175,2025-12-23,HR,Noida,Vendor Query,Medium,Email,HR Ops,Closed,10.3,24,No,0,4.8,400,4120.0,Dec,12,Q4,Tuesday
OPS-104228,2025-06-11,Sales,Hyderabad,Vendor Query,Medium,Email,MIS,Closed,6.2,24,No,0,5.0,400,2480.0,Jun,6,Q2,Wednesday
OPS-102661,2025-01-19,Procurement,Gurugram,Compliance Request,Low,Email,,Closed,4.2,48,No,0,4.4,320,1344.0,Jan,1,Q1,Sunday
OPS-102211,2025-06-01,Customer Support,Pune,Compliance Request,Low,Portal,Vendor Management,Closed,11.5,48,No,0,4.8,320,3680.0,Jun,6,Q2,Sunday
OPS-103186,2025-03-17,Sales,Noida,System Issue,Medium,Phone,Vendor Management,Closed,4.8,24,No,0,5.0,320,1536.0,Mar,3,Q1,Monday
OPS-102768,2025-09-08,Sales,Mumbai,Compliance Request,Low,Email,IT Support,Closed,3.3,48,No,0,4.7,350,1155.0,Sep,9,Q3,Monday
OPS-100904,2025-01-15,Customer Support,Noida,Compliance Request,Low,Email,IT Support,Closed,28.5,48,No,1,4.0,350,9975.0,Jan,1,Q1,Wednesday
OPS-101635,2025-04-02,Procurement,Chennai,Vendor Query,High,Portal,IT Support,Closed,6.6,12,No,0,4.6,320,2112.0,Apr,4,Q2,Wednesday
OPS-100556,2025-10-06,Operations,Chennai,Vendor Query,Low,Email,MIS,Closed,8.2,48,No,2,4.4,280,2296.0,Oct,10,Q4,Monday
OPS-103603,2025-03-13,HR,Pune,Access Request,Low,Email,HR Ops,Closed,2.2,48,No,1,4.2,280,616.0,Mar,3,Q1,Thursday
OPS-104396,2025-05-12,HR,Hyderabad,Report Request,Critical,Teams,Vendor Management,Closed,9.4,4,Yes,0,4.8,280,2632.0,May,5,Q2,Monday
OPS-104763,2025-05-26,IT,Pune,Report Request,High,Email,Finance Ops,Closed,6.0,12,No,0,4.7,350,2100.0,May,5,Q2,Monday
OPS-103527,2025-12-31,Sales,Bengaluru,System Issue,Medium,Teams,MIS,Closed,9.5,24,No,0,4.3,400,3800.0,Dec,12,Q4,Wednesday
OPS-102479,2025-08-18,Finance,Chennai,Employee Query,Critical,Teams,IT Support,Closed,8.1,4,Yes,0,4.9,280,2268.0,Aug,8,Q3,Monday
OPS-101650,2025-07-07,IT,Pune,Vendor Query,High,Email,Vendor Management,Closed,7.1,12,No,0,5.0,280,1988.0,Jul,7,Q3,Monday
OPS-103416,2025-05-05,Sales,Chennai,Access Request,Medium,Phone,IT Support,Closed,10.2,24,No,0,4.8,280,2856.0,May,5,Q2,Monday
OPS-100284,2025-04-14,Sales,Pune,Compliance Request,Low,Portal,IT Support,Closed,6.3,48,No,3,4.5,320,2016.0,Apr,4,Q2,Monday
OPS-104102,2025-06-13,Customer Support,Gurugram,Compliance Request,Low,Phone,HR Ops,Escalated,23.1,48,No,2,4.0,350,8085.0,Jun,6,Q2,Friday
OPS-101445,2025-01-25,Procurement,Gurugram,Report Request,Critical,Email,HR Ops,Closed,8.8,4,Yes,1,4.6,350,3080.0,Jan,1,Q1,Saturday
OPS-104769,2025-07-14,Finance,Noida,Invoice Query,Medium,Email,Finance Ops,Closed,13.0,24,No,1,4.5,450,5850.0,Jul,7,Q3,Monday
OPS-102017,2025-11-21,Finance,Gurugram,Invoice Query,Medium,Portal,Finance Ops,Closed,19.9,24,No,0,5.0,400,7960.0,Nov,11,Q4,Friday
OPS-103403,2025-12-10,IT,Chennai,Data Correction,Low,Email,HR Ops,Closed,8.9,48,No,0,5.0,320,2848.0,Dec,12,Q4,Wednesday
OPS-100676,2025-01-14,Finance,Mumbai,Access Request,Medium,Portal,MIS,Closed,25.8,24,Yes,0,4.8,280,7224.0,Jan,1,Q1,Tuesday
OPS-104388,2025-11-26,HR,Hyderabad,Invoice Query,Low,Email,MIS,Closed,5.1,48,No,2,4.4,320,1632.0,Nov,11,Q4,Wednesday
OPS-103348,2025-08-11,Sales,Hyderabad,Report Request,Low,Phone,HR Ops,Closed,10.9,48,No,1,4.9,280,3052.0,Aug,8,Q3,Monday
OPS-102849,2025-03-11,Finance,Hyderabad,System Issue,High,Portal,MIS,Escalated,7.5,12,No,1,5.0,400,3000.0,Mar,3,Q1,Tuesday
OPS-101378,2025-09-24,Operations,Bengaluru,Vendor Query,Medium,Portal,IT Support,Closed,10.0,24,No,0,4.9,350,3500.0,Sep,9,Q3,Wednesday
OPS-101350,2025-04-27,HR,Gurugram,Report Request,High,Phone,HR Ops,Closed,19.3,12,Yes,0,4.5,450,8685.0,Apr,4,Q2,Sunday
OPS-100843,2025-01-05,Customer Support,Bengaluru,Report Request,Medium,Email,HR Ops,Pending,8.2,24,No,1,4.4,350,2870.0,Jan,1,Q1,Sunday
OPS-101969,2025-06-13,IT,Hyderabad,Access Request,Low,Email,MIS,Closed,19.1,48,No,1,4.5,400,7640.0,Jun,6,Q2,Friday
OPS-100071,2025-02-13,HR,Gurugram,Compliance Request,High,Portal,HR Ops,Closed,10.7,12,No,0,5.0,320,3424.0,Feb,2,Q1,Thursday
OPS-101664,2025-12-22,Sales,Hyderabad,Invoice Query,High,Email,Finance Ops,Closed,4.8,12,No,0,5.0,450,2160.0,Dec,12,Q4,Monday
OPS-100047,2025-06-16,IT,Chennai,Employee Query,High,Portal,MIS,Closed,3.4,12,No,0,5.0,320,1088.0,Jun,6,Q2,Monday
OPS-101164,2025-11-09,IT,Pune,Report Request,Medium,Phone,Finance Ops,Closed,11.5,24,No,0,5.0,350,4025.0,Nov,11,Q4,Sunday
OPS-102874,2025-11-09,Procurement,Chennai,Data Correction,Low,Email,MIS,Closed,24.9,48,No,0,5.0,450,11205.0,Nov,11,Q4,Sunday
OPS-102932,2025-02-01,HR,Hyderabad,Vendor Query,Low,Email,MIS,Closed,22.0,48,No,0,3.6,450,9900.0,Feb,2,Q1,Saturday
OPS-100785,2025-03-07,HR,Mumbai,System Issue,Low,Phone,HR Ops,Closed,7.7,48,No,0,4.6,400,3080.0,Mar,3,Q1,Friday
OPS-100423,2025-12-21,Customer Support,Hyderabad,Report Request,Low,Portal,HR Ops,Closed,1.8,48,No,0,5.0,280,504.0,Dec,12,Q4,Sunday
OPS-100925,2025-04-21,IT,Gurugram,Invoice Query,Medium,Teams,HR Ops,Closed,4.0,24,No,0,5.0,280,1120.0,Apr,4,Q2,Monday
OPS-100926,2025-08-16,Sales,Pune,Access Request,Low,Portal,MIS,Closed,15.0,48,No,2,4.4,280,4200.0,Aug,8,Q3,Saturday
OPS-101695,2025-12-18,HR,Gurugram,Compliance Request,Medium,Teams,Vendor Management,Closed,11.4,24,No,0,4.5,400,4560.0,Dec,12,Q4,Thursday
OPS-100817,2025-02-22,Procurement,Chennai,Compliance Request,Medium,Portal,Vendor Management,Closed,5.6,24,No,0,4.6,280,1568.0,Feb,2,Q1,Saturday
OPS-100865,2025-08-27,HR,Bengaluru,Invoice Query,Medium,Portal,Finance Ops,Closed,12.1,24,No,0,4.8,450,5445.0,Aug,8,Q3,Wednesday
OPS-103605,2025-07-07,Procurement,Mumbai,Employee Query,Medium,Email,IT Support,Closed,15.1,24,No,0,3.9,350,5285.0,Jul,7,Q3,Monday
OPS-104461,2025-07-07,Procurement,Noida,Report Request,Low,Email,Vendor Management,Closed,9.9,48,No,0,4.2,400,3960.0,Jul,7,Q3,Monday
OPS-102121,2025-12-21,HR,Mumbai,Employee Query,Low,Email,HR Ops,Closed,7.3,48,No,0,5.0,280,2044.0,Dec,12,Q4,Sunday
OPS-103067,2025-06-05,Finance,Noida,Invoice Query,Low,Email,Finance Ops,Closed,13.1,48,No,1,4.6,280,3668.0,Jun,6,Q2,Thursday
OPS-102084,2025-06-10,Procurement,Pune,Employee Query,Low,Email,Vendor Management,Closed,16.5,48,No,0,4.4,450,7425.0,Jun,6,Q2,Tuesday
OPS-102407,2025-05-21,HR,Noida,System Issue,Low,Email,MIS,Closed,15.8,48,No,0,4.8,450,7110.0,May,5,Q2,Wednesday
OPS-101459,2025-09-07,Sales,Gurugram,Access Request,Low,Portal,Vendor Management,Closed,12.5,48,No,1,3.9,450,5625.0,Sep,9,Q3,Sunday
OPS-101717,2025-02-02,IT,Chennai,Vendor Query,Low,Teams,HR Ops,Closed,21.0,48,No,0,4.6,400,8400.0,Feb,2,Q1,Sunday
OPS-103968,2025-10-12,IT,Mumbai,Employee Query,Low,Email,IT Support,Closed,21.5,48,No,0,4.3,320,6880.0,Oct,10,Q4,Sunday
OPS-103928,2025-10-29,Procurement,Bengaluru,Vendor Query,Medium,Portal,HR Ops,Closed,5.0,24,No,1,4.4,280,1400.0,Oct,10,Q4,Wednesday
OPS-101379,2025-10-23,Procurement,Pune,Invoice Query,High,Email,MIS,Closed,11.6,12,No,1,4.6,280,3248.0,Oct,10,Q4,Thursday
OPS-104331,2025-10-22,Finance,Hyderabad,Report Request,Low,Teams,HR Ops,Pending,12.8,48,No,0,5.0,400,5120.0,Oct,10,Q4,Wednesday
OPS-100989,2025-04-23,HR,Pune,Data Correction,Medium,Teams,Finance Ops,Closed,10.8,24,No,0,5.0,400,4320.0,Apr,4,Q2,Wednesday
OPS-104025,2025-03-30,Customer Support,Hyderabad,Access Request,Medium,Email,MIS,Closed,3.6,24,No,1,4.1,320,1152.0,Mar,3,Q1,Sunday
OPS-102078,2025-12-27,Finance,Mumbai,Invoice Query,Medium,Portal,MIS,Closed,42.3,24,Yes,0,4.1,280,11844.0,Dec,12,Q4,Saturday
OPS-100269,2025-06-09,Finance,Noida,Employee Query,Low,Phone,IT Support,Closed,12.1,48,No,0,4.2,280,3388.0,Jun,6,Q2,Monday
OPS-101484,2025-12-30,IT,Hyderabad,Compliance Request,Low,Email,Vendor Management,Closed,16.7,48,No,0,4.3,320,5344.0,Dec,12,Q4,Tuesday
OPS-104468,2025-12-01,Operations,Mumbai,System Issue,Low,Email,Finance Ops,Closed,17.9,48,No,2,4.4,350,6265.0,Dec,12,Q4,Monday
OPS-100189,2025-06-21,Customer Support,Chennai,System Issue,Medium,Portal,HR Ops,Closed,0.7,24,No,0,4.9,320,224.0,Jun,6,Q2,Saturday
OPS-100285,2025-12-06,Procurement,Noida,Compliance Request,Medium,Email,IT Support,Closed,8.9,24,No,0,4.8,320,2848.0,Dec,12,Q4,Saturday
OPS-104556,2025-04-22,Sales,Bengaluru,Compliance Request,Low,Email,HR Ops,Closed,6.0,48,No,0,4.4,450,2700.0,Apr,4,Q2,Tuesday
OPS-103606,2025-06-22,IT,,Access Request,Medium,Phone,Finance Ops,Closed,9.9,24,No,1,4.2,350,3465.0,Jun,6,Q2,Sunday
OPS-104104,2025-01-24,HR,Noida,Access Request,Low,Email,Finance Ops,Closed,15.7,48,No,0,4.5,280,4396.0,Jan,1,Q1,Friday
OPS-100760,2025-09-17,Procurement,Gurugram,Data Correction,Medium,Email,HR Ops,Closed,19.0,24,No,1,3.8,280,5320.0,Sep,9,Q3,Wednesday
OPS-102062,2025-01-26,Customer Support,Mumbai,Report Request,High,Portal,IT Support,Escalated,26.4,12,Yes,2,4.3,450,11880.0,Jan,1,Q1,Sunday
OPS-103949,2025-03-09,HR,Bengaluru,System Issue,Medium,Phone,IT Support,Closed,7.9,24,No,0,4.6,400,3160.0,Mar,3,Q1,Sunday
OPS-104547,2025-11-09,Finance,Gurugram,Employee Query,High,Email,IT Support,Pending,13.2,12,Yes,0,4.9,320,4224.0,Nov,11,Q4,Sunday
OPS-102158,2025-10-04,HR,Pune,Access Request,Medium,Teams,IT Support,Closed,3.5,24,No,0,4.7,320,1120.0,Oct,10,Q4,Saturday
OPS-100055,2025-02-22,Operations,Chennai,Vendor Query,Critical,Email,IT Support,Closed,4.7,4,Yes,0,4.7,280,1316.0,Feb,2,Q1,Saturday
OPS-104311,2025-11-21,Sales,Noida,Compliance Request,Medium,Teams,MIS,Closed,6.5,24,No,1,4.6,350,2275.0,Nov,11,Q4,Friday
OPS-102279,2025-02-18,IT,Pune,Data Correction,Medium,Email,HR Ops,Closed,23.6,24,No,0,3.8,400,9440.0,Feb,2,Q1,Tuesday
OPS-102555,2025-08-20,Procurement,Pune,Data Correction,Medium,Email,MIS,Closed,20.3,24,No,1,4.3,450,9135.0,Aug,8,Q3,Wednesday
OPS-103125,2025-06-22,Procurement,Mumbai,Data Correction,Medium,Teams,MIS,Closed,7.0,24,No,1,4.4,400,2800.0,Jun,6,Q2,Sunday
OPS-104517,2025-11-15,Operations,Gurugram,Vendor Query,Medium,Phone,MIS,Closed,3.2,24,No,0,5.0,400,1280.0,Nov,11,Q4,Saturday
OPS-101780,2025-09-30,Customer Support,Bengaluru,Invoice Query,Medium,,MIS,Closed,21.4,24,No,1,4.0,280,5992.0,Sep,9,Q3,Tuesday
OPS-101611,2025-06-25,IT,Noida,Access Request,Low,Portal,IT Support,Closed,11.5,48,No,0,4.8,280,3220.0,Jun,6,Q2,Wednesday
OPS-102012,2025-04-29,IT,Mumbai,Report Request,High,Portal,MIS,Closed,1.4,12,No,0,4.9,350,490.0,Apr,4,Q2,Tuesday
OPS-100376,2025-01-26,Sales,Mumbai,Access Request,High,Email,MIS,Closed,14.5,12,Yes,3,3.6,280,4060.0,Jan,1,Q1,Sunday
OPS-104040,2025-10-01,Procurement,Hyderabad,Vendor Query,Medium,Portal,Vendor Management,Closed,3.7,24,No,0,5.0,450,1665.0,Oct,10,Q4,Wednesday
OPS-101583,2025-03-30,IT,Mumbai,Data Correction,Low,Email,Vendor Management,Closed,29.3,48,No,0,3.8,320,9376.0,Mar,3,Q1,Sunday
OPS-102245,2025-09-11,Customer Support,Gurugram,Invoice Query,Medium,Email,IT Support,Escalated,26.2,24,Yes,1,4.2,320,8384.0,Sep,9,Q3,Thursday
OPS-101663,2025-03-23,HR,Bengaluru,Vendor Query,Medium,Email,Finance Ops,Closed,3.4,24,No,1,5.0,350,1190.0,Mar,3,Q1,Sunday
OPS-104161,2025-10-14,Procurement,Noida,Report Request,Low,Teams,IT Support,Closed,11.1,48,No,0,4.7,450,4995.0,Oct,10,Q4,Tuesday
OPS-103672,2025-09-05,IT,Hyderabad,Invoice Query,Low,Email,HR Ops,Closed,21.2,48,No,0,4.4,320,6784.0,Sep,9,Q3,Friday
OPS-103168,2025-03-05,HR,Noida,Access Request,Low,Email,Finance Ops,Closed,17.7,48,No,2,3.7,350,6195.0,Mar,3,Q1,Wednesday
OPS-100848,2025-11-22,HR,Hyderabad,Invoice Query,Medium,Teams,Finance Ops,Closed,11.6,24,No,0,5.0,400,4640.0,Nov,11,Q4,Saturday
OPS-103340,2025-11-17,Operations,Mumbai,Report Request,High,Email,Vendor Management,Closed,8.1,12,No,0,4.8,450,3645.0,Nov,11,Q4,Monday
OPS-100846,2025-11-13,Finance,Noida,Data Correction,Low,Teams,Vendor Management,Closed,3.9,48,No,1,4.2,320,1248.0,Nov,11,Q4,Thursday
OPS-104235,2025-12-05,Sales,Noida,Invoice Query,Medium,Portal,Vendor Management,Escalated,19.7,24,No,2,3.1,280,5516.0,Dec,12,Q4,Friday
OPS-100484,2025-09-07,Customer Support,Mumbai,Access Request,Low,Portal,Finance Ops,Escalated,17.3,48,No,3,3.6,350,6055.0,Sep,9,Q3,Sunday
OPS-100236,2025-05-04,Finance,Noida,System Issue,Medium,Teams,MIS,Closed,12.8,24,No,2,4.4,400,5120.0,May,5,Q2,Sunday
OPS-103624,2025-04-21,IT,Bengaluru,Invoice Query,Low,Email,Vendor Management,Closed,36.8,48,No,0,3.8,350,12880.0,Apr,4,Q2,Monday
OPS-103705,2025-11-03,Sales,Bengaluru,System Issue,Low,Teams,IT Support,Closed,25.5,48,No,0,4.2,450,11475.0,Nov,11,Q4,Monday
OPS-103453,2025-01-21,IT,Bengaluru,Access Request,Medium,Teams,HR Ops,Closed,16.4,24,No,0,4.3,320,5248.0,Jan,1,Q1,Tuesday
OPS-104464,2025-04-24,Customer Support,Pune,Employee Query,Low,Teams,MIS,Closed,17.4,48,No,1,4.2,450,7830.0,Apr,4,Q2,Thursday
OPS-102433,2025-09-23,Customer Support,Mumbai,Employee Query,Medium,Portal,Vendor Management,Escalated,27.0,24,Yes,1,3.3,350,9450.0,Sep,9,Q3,Tuesday
OPS-101125,2025-11-26,Operations,Chennai,Vendor Query,High,Email,MIS,Escalated,32.0,12,Yes,2,3.7,450,14400.0,Nov,11,Q4,Wednesday
OPS-102639,2025-08-23,IT,Mumbai,System Issue,Low,Email,MIS,Closed,8.0,48,No,0,4.9,320,2560.0,Aug,8,Q3,Saturday
OPS-101357,2025-08-07,HR,Pune,Access Request,Medium,Email,Vendor Management,Closed,28.8,24,Yes,0,4.1,400,11520.0,Aug,8,Q3,Thursday
OPS-102224,2025-07-21,IT,Bengaluru,System Issue,Medium,Phone,IT Support,Closed,13.5,24,No,0,4.4,450,6075.0,Jul,7,Q3,Monday
OPS-102484,2025-03-06,Customer Support,Gurugram,Report Request,Medium,Phone,Vendor Management,Closed,6.6,24,No,0,5.0,350,2310.0,Mar,3,Q1,Thursday
OPS-100823,2025-04-21,HR,Hyderabad,Vendor Query,Low,Email,HR Ops,Closed,4.9,48,No,0,4.8,320,1568.0,Apr,4,Q2,Monday
OPS-100557,2025-08-05,Sales,Chennai,Compliance Request,Low,Email,Finance Ops,Closed,7.0,48,No,0,4.6,320,2240.0,Aug,8,Q3,Tuesday
OPS-101283,2025-03-26,HR,Noida,Employee Query,Low,Teams,Finance Ops,Closed,14.5,48,No,0,4.9,280,4060.0,Mar,3,Q1,Wednesday
OPS-103723,2025-04-11,Finance,Bengaluru,Employee Query,Low,Email,Finance Ops,Closed,16.3,48,No,0,4.7,320,5216.0,Apr,4,Q2,Friday
OPS-100824,2025-09-06,IT,Noida,Report Request,High,Teams,Vendor Management,Closed,15.8,12,Yes,0,4.6,280,4424.0,Sep,9,Q3,Saturday
OPS-104816,2025-09-13,IT,Mumbai,Vendor Query,Low,Email,MIS,Pending,17.5,48,No,0,4.2,350,6125.0,Sep,9,Q3,Saturday
OPS-102851,2025-11-25,Customer Support,Noida,Vendor Query,Medium,Email,IT Support,Escalated,35.2,24,Yes,3,3.1,320,11264.0,Nov,11,Q4,Tuesday
OPS-104179,2025-08-29,Finance,Pune,Access Request,Medium,Portal,Finance Ops,Closed,6.3,24,No,0,4.6,450,2835.0,Aug,8,Q3,Friday
OPS-103262,2025-12-10,HR,Gurugram,Employee Query,Medium,Teams,Vendor Management,Closed,20.7,24,No,0,4.4,450,9315.0,Dec,12,Q4,Wednesday
OPS-104917,2025-08-10,HR,Pune,Report Request,Medium,Teams,IT Support,Closed,37.5,24,Yes,2,3.0,400,15000.0,Aug,8,Q3,Sunday
OPS-101845,2025-09-19,HR,Bengaluru,Vendor Query,Low,Email,MIS,Closed,20.1,48,No,1,3.9,280,5628.0,Sep,9,Q3,Friday
OPS-101252,2025-11-17,Procurement,Mumbai,Invoice Query,Low,Phone,Finance Ops,Closed,13.4,48,No,1,4.0,320,4288.0,Nov,11,Q4,Monday
OPS-100211,2025-12-09,Operations,,Data Correction,High,Email,MIS,Closed,5.4,12,No,0,4.6,280,1512.0,Dec,12,Q4,Tuesday
OPS-101532,2025-10-20,Procurement,Pune,Data Correction,High,Portal,HR Ops,Closed,7.2,12,No,0,5.0,400,2880.0,Oct,10,Q4,Monday
OPS-101616,2025-10-28,Sales,Pune,Employee Query,Low,Portal,HR Ops,Escalated,16.0,48,No,2,4.2,280,4480.0,Oct,10,Q4,Tuesday
OPS-103776,2025-03-06,Operations,Gurugram,Data Correction,Critical,Portal,IT Support,Closed,4.1,4,Yes,0,5.0,280,1148.0,Mar,3,Q1,Thursday
OPS-104252,2025-11-09,IT,Hyderabad,Report Request,Medium,Email,IT Support,Closed,5.8,24,No,0,5.0,450,2610.0,Nov,11,Q4,Sunday
OPS-100140,2025-12-18,IT,Bengaluru,Invoice Query,Low,Teams,Vendor Management,Pending,5.6,48,No,0,4.7,450,2520.0,Dec,12,Q4,Thursday
OPS-104283,2025-02-16,Procurement,Bengaluru,Employee Query,Medium,Email,IT Support,Closed,11.3,24,No,1,5.0,450,5085.0,Feb,2,Q1,Sunday
OPS-104065,2025-03-09,Procurement,Hyderabad,Data Correction,Low,Teams,IT Support,Closed,5.8,48,No,0,4.4,320,1856.0,Mar,3,Q1,Sunday
OPS-102417,2025-04-02,Finance,Gurugram,Vendor Query,Medium,Email,Vendor Management,Closed,11.4,24,No,1,4.5,400,4560.0,Apr,4,Q2,Wednesday
OPS-102499,2025-04-27,IT,Hyderabad,Data Correction,High,Email,IT Support,Pending,26.1,12,Yes,1,4.0,280,7308.0,Apr,4,Q2,Sunday
OPS-102326,2025-10-06,Finance,Gurugram,System Issue,Medium,,HR Ops,Pending,2.5,24,No,0,4.5,400,1000.0,Oct,10,Q4,Monday
OPS-103371,2025-03-16,Sales,Mumbai,Invoice Query,High,Email,Finance Ops,Closed,2.4,12,No,0,4.7,280,672.0,Mar,3,Q1,Sunday
OPS-104614,2025-11-21,Operations,Chennai,Vendor Query,Low,Email,Finance Ops,Closed,4.2,48,No,0,5.0,350,1470.0,Nov,11,Q4,Friday
OPS-101054,2025-10-23,HR,Gurugram,Data Correction,Medium,Phone,HR Ops,Closed,44.9,24,Yes,1,3.7,350,15715.0,Oct,10,Q4,Thursday
OPS-103655,2025-05-28,Finance,Hyderabad,Invoice Query,Medium,Teams,MIS,Closed,10.4,24,No,1,4.0,400,4160.0,May,5,Q2,Wednesday
OPS-102620,2025-04-29,Customer Support,Hyderabad,Vendor Query,High,Email,HR Ops,Closed,17.9,12,Yes,0,4.1,400,7160.0,Apr,4,Q2,Tuesday
OPS-104679,2025-02-14,Operations,Noida,Employee Query,Medium,Email,IT Support,Escalated,27.5,24,Yes,4,2.7,280,7700.0,Feb,2,Q1,Friday
OPS-104232,2025-11-11,Customer Support,Chennai,Vendor Query,Low,Email,IT Support,Closed,1.6,48,No,1,4.5,450,720.0,Nov,11,Q4,Tuesday
OPS-102015,2025-09-02,Finance,Gurugram,Compliance Request,Medium,Phone,HR Ops,Closed,7.7,24,No,0,4.3,320,2464.0,Sep,9,Q3,Tuesday
OPS-104753,2025-05-18,Customer Support,Chennai,Access Request,Medium,Teams,MIS,Closed,7.9,24,No,0,4.6,350,2765.0,May,5,Q2,Sunday
OPS-100594,2025-06-12,Customer Support,Pune,Compliance Request,Medium,Email,MIS,Closed,5.5,24,No,1,4.9,320,1760.0,Jun,6,Q2,Thursday
OPS-102883,2025-11-01,HR,Noida,Report Request,High,Email,IT Support,Closed,10.4,12,No,0,5.0,400,4160.0,Nov,11,Q4,Saturday
OPS-100880,2025-06-29,IT,Pune,Employee Query,Medium,Email,HR Ops,Closed,10.4,24,No,0,4.4,320,3328.0,Jun,6,Q2,Sunday
OPS-103636,2025-11-17,IT,Chennai,System Issue,Medium,Email,MIS,Closed,7.5,24,No,1,4.4,280,2100.0,Nov,11,Q4,Monday
OPS-101033,2025-11-16,Sales,Pune,Data Correction,Medium,Email,MIS,Closed,12.3,24,No,1,4.4,320,3936.0,Nov,11,Q4,Sunday
OPS-100345,2025-07-07,HR,Gurugram,Report Request,Low,Teams,Vendor Management,Escalated,34.7,48,No,4,3.6,320,11104.0,Jul,7,Q3,Monday
OPS-100842,2025-10-04,Customer Support,Gurugram,System Issue,Medium,Teams,HR Ops,Closed,6.5,24,No,1,4.8,400,2600.0,Oct,10,Q4,Saturday
OPS-104422,2025-06-10,Finance,Noida,Invoice Query,Medium,Email,IT Support,Pending,4.1,24,No,0,5.0,400,1640.0,Jun,6,Q2,Tuesday
OPS-102474,2025-05-13,IT,Gurugram,Data Correction,Medium,Teams,IT Support,Escalated,19.4,24,No,2,3.7,400,7760.0,May,5,Q2,Tuesday
OPS-104148,2025-07-25,Customer Support,Bengaluru,Employee Query,Medium,Email,Finance Ops,Closed,19.4,24,No,1,4.2,400,7760.0,Jul,7,Q3,Friday
OPS-103253,2025-12-29,IT,Mumbai,Report Request,Low,Phone,Finance Ops,Closed,15.3,48,No,2,4.1,400,6120.0,Dec,12,Q4,Monday
OPS-101864,2025-01-22,Sales,Hyderabad,Report Request,Low,Email,HR Ops,Closed,8.3,48,No,2,4.5,350,2905.0,Jan,1,Q1,Wednesday
OPS-104021,2025-06-04,HR,Chennai,Vendor Query,High,Email,MIS,Closed,6.7,12,No,2,4.9,400,2680.0,Jun,6,Q2,Wednesday
OPS-103394,2025-11-21,Procurement,Bengaluru,System Issue,Low,Phone,HR Ops,Closed,8.0,48,No,1,4.4,320,2560.0,Nov,11,Q4,Friday
OPS-103720,2025-08-01,Procurement,Mumbai,System Issue,Medium,Phone,Vendor Management,Closed,6.8,24,No,0,5.0,280,1904.0,Aug,8,Q3,Friday
OPS-104935,2025-05-28,Customer Support,Pune,Invoice Query,Low,Portal,IT Support,Closed,16.1,48,No,0,4.7,350,5635.0,May,5,Q2,Wednesday
OPS-103179,2025-02-04,Sales,Hyderabad,Report Request,Low,Email,Finance Ops,Closed,3.8,48,No,0,5.0,450,1710.0,Feb,2,Q1,Tuesday
OPS-103789,2025-02-13,HR,Hyderabad,Compliance Request,Medium,Portal,Vendor Management,Closed,9.8,24,No,3,4.3,400,3920.0,Feb,2,Q1,Thursday
OPS-103448,2025-12-20,Sales,Chennai,Vendor Query,Medium,Email,Finance Ops,Closed,8.8,24,No,0,4.6,450,3960.0,Dec,12,Q4,Saturday
OPS-100758,2025-06-22,Customer Support,Noida,Employee Query,Low,Teams,IT Support,Closed,3.0,48,No,1,4.3,450,1350.0,Jun,6,Q2,Sunday
OPS-103208,2025-03-08,Sales,Chennai,Report Request,Medium,Portal,HR Ops,Pending,3.5,24,No,0,4.6,280,980.0,Mar,3,Q1,Saturday
OPS-103099,2025-08-07,Operations,Gurugram,Access Request,Low,Teams,Vendor Management,Pending,4.7,48,No,2,4.2,280,1316.0,Aug,8,Q3,Thursday
OPS-101810,2025-03-29,IT,Mumbai,Invoice Query,High,Email,HR Ops,Closed,9.2,12,No,0,4.7,320,2944.0,Mar,3,Q1,Saturday
OPS-104039,2025-01-17,Finance,Noida,System Issue,Medium,Email,HR Ops,Closed,6.2,24,No,0,5.0,280,1736.0,Jan,1,Q1,Friday
OPS-102910,2025-01-05,Procurement,Gurugram,Access Request,High,Portal,HR Ops,Closed,13.6,12,Yes,0,4.8,280,3808.0,Jan,1,Q1,Sunday
OPS-103356,2025-03-14,IT,Hyderabad,Report Request,Low,Email,MIS,Closed,19.2,48,No,1,4.1,400,7680.0,Mar,3,Q1,Friday
OPS-101190,2025-06-01,HR,Noida,Compliance Request,Low,Email,HR Ops,Closed,10.9,48,No,0,4.2,320,3488.0,Jun,6,Q2,Sunday
OPS-102235,2025-04-29,HR,Gurugram,Data Correction,Medium,Portal,Finance Ops,Pending,2.5,24,No,0,5.0,350,875.0,Apr,4,Q2,Tuesday
OPS-104170,2025-08-02,Finance,Pune,System Issue,Medium,Email,MIS,Pending,17.0,24,No,0,4.7,280,4760.0,Aug,8,Q3,Saturday
OPS-101359,2025-04-08,Customer Support,Bengaluru,Access Request,Medium,Portal,MIS,Pending,18.3,24,No,1,4.4,400,7320.0,Apr,4,Q2,Tuesday
OPS-101490,2025-06-10,Procurement,Pune,System Issue,Low,Portal,HR Ops,Closed,6.4,48,No,0,4.9,320,2048.0,Jun,6,Q2,Tuesday
OPS-103639,2025-09-26,Customer Support,Chennai,Vendor Query,Medium,Email,MIS,Closed,20.7,24,No,2,,400,8280.0,Sep,9,Q3,Friday
OPS-101565,2025-02-16,HR,Hyderabad,Employee Query,Low,Portal,Finance Ops,Closed,11.1,48,No,2,4.0,400,4440.0,Feb,2,Q1,Sunday
OPS-103859,2025-07-14,IT,Chennai,System Issue,Low,Phone,Vendor Management,Escalated,2.2,48,No,1,4.4,280,616.0,Jul,7,Q3,Monday
OPS-103531,2025-11-24,Sales,Pune,Data Correction,Medium,Email,IT Support,Closed,5.8,24,No,1,4.4,350,2030.0,Nov,11,Q4,Monday
OPS-102519,2025-05-09,Procurement,Bengaluru,Vendor Query,Medium,Portal,Vendor Management,Closed,3.6,24,No,1,5.0,280,1008.0,May,5,Q2,Friday
OPS-100126,2025-04-11,Procurement,Hyderabad,Invoice Query,Medium,Email,HR Ops,Closed,11.0,24,No,0,5.0,320,3520.0,Apr,4,Q2,Friday
OPS-100365,2025-05-31,Operations,Chennai,Employee Query,Critical,Email,HR Ops,Pending,13.1,4,Yes,0,5.0,280,3668.0,May,5,Q2,Saturday
OPS-100118,2025-08-04,Sales,Pune,Compliance Request,Medium,Teams,IT Support,Closed,4.8,24,No,0,,450,2160.0,Aug,8,Q3,Monday
OPS-104471,2025-12-20,IT,Hyderabad,Access Request,Low,Email,Finance Ops,Closed,10.0,48,No,0,4.8,400,4000.0,Dec,12,Q4,Saturday
OPS-100630,2025-10-02,Procurement,Chennai,Employee Query,Low,Teams,IT Support,Pending,6.3,48,No,0,4.9,320,2016.0,Oct,10,Q4,Thursday
OPS-102576,2025-12-26,Customer Support,Gurugram,Vendor Query,Low,Teams,IT Support,Escalated,5.4,48,No,2,4.3,450,2430.0,Dec,12,Q4,Friday
OPS-104791,2025-06-14,Sales,Gurugram,Access Request,Medium,Portal,MIS,Closed,1.4,24,No,0,4.5,350,490.0,Jun,6,Q2,Saturday
OPS-101686,2025-08-21,IT,Pune,Report Request,Medium,Email,IT Support,Pending,5.2,24,No,1,4.4,280,1456.0,Aug,8,Q3,Thursday
OPS-102013,2025-02-04,Procurement,Bengaluru,Employee Query,Low,Teams,Vendor Management,Closed,24.3,48,No,1,3.7,350,8505.0,Feb,2,Q1,Tuesday
OPS-101989,2025-11-09,Operations,Mumbai,Access Request,Low,Email,HR Ops,Closed,13.0,48,No,0,4.7,450,5850.0,Nov,11,Q4,Sunday
OPS-101519,2025-01-03,Operations,Pune,Data Correction,Low,Email,HR Ops,Closed,7.2,48,No,0,4.7,320,2304.0,Jan,1,Q1,Friday
OPS-104964,2025-07-26,IT,Mumbai,Employee Query,Medium,Portal,Vendor Management,Escalated,34.0,24,Yes,2,3.9,320,10880.0,Jul,7,Q3,Saturday
OPS-101513,2025-08-27,Finance,Chennai,Compliance Request,Low,Email,IT Support,Closed,5.8,48,No,1,5.0,400,2320.0,Aug,8,Q3,Wednesday
OPS-103178,2025-11-20,Operations,Chennai,Employee Query,Medium,Email,IT Support,Closed,26.7,24,Yes,0,4.1,450,12015.0,Nov,11,Q4,Thursday
OPS-100976,2025-12-01,Customer Support,Noida,Invoice Query,High, E-mail,Finance Ops,Closed,3.3,12,No,1,4.9,280,924.0,Dec,12,Q4,Monday
OPS-104685,2025-08-09,Sales,Bengaluru,System Issue,High,Email,Finance Ops,Closed,15.0,12,Yes,0,4.4,320,4800.0,Aug,8,Q3,Saturday
OPS-103750,2025-07-29,Customer Support,Gurugram,Employee Query,Medium,Teams,HR Ops,Closed,12.0,24,No,0,4.5,400,4800.0,Jul,7,Q3,Tuesday
OPS-104258,2025-03-24,Procurement,Pune,Report Request,Low,Teams,Vendor Management,Closed,15.6,48,No,1,4.5,280,4368.0,Mar,3,Q1,Monday
OPS-103059,2025-12-16,HR,Chennai,Data Correction,Medium,Portal,IT Support,Closed,17.1,24,No,0,5.0,280,4788.0,Dec,12,Q4,Tuesday
OPS-101736,2025-01-27,Finance,Noida,Vendor Query,Medium,Email,IT Support,Escalated,38.4,24,Yes,2,3.7,350,13440.0,Jan,1,Q1,Monday
OPS-100478,2025-04-10,Finance,Bengaluru,Employee Query,Medium,Email,IT Support,Closed,1.5,24,No,1,4.8,320,480.0,Apr,4,Q2,Thursday
OPS-101798,2025-12-04,IT,Hyderabad,Invoice Query,Low,Email,Finance Ops,Closed,10.5,48,No,0,4.7,400,4200.0,Dec,12,Q4,Thursday
OPS-101006,2025-05-18,HR,Gurugram,Vendor Query,Low,Portal,Finance Ops,Closed,12.6,48,No,0,5.0,320,4032.0,May,5,Q2,Sunday
OPS-100632,2025-07-01,HR,Noida,Vendor Query,High,Email,Finance Ops,Closed,12.7,12,Yes,0,4.9,400,5080.0,Jul,7,Q3,Tuesday
OPS-102641,2025-01-22,Sales,Gurugram,Access Request,Medium,Email,IT Support,Closed,17.9,24,No,0,4.5,450,8055.0,Jan,1,Q1,Wednesday
OPS-101521,2025-06-07,Customer Support,Chennai,Data Correction,Low,Email,MIS,Closed,12.0,48,No,0,4.5,450,5400.0,Jun,6,Q2,Saturday
OPS-104654,2025-06-30,Operations,Mumbai,Vendor Query,High,Email,Finance Ops,Closed,4.0,12,No,2,4.4,400,1600.0,Jun,6,Q2,Monday
OPS-101399,2025-05-28,Procurement,Hyderabad,Employee Query,High,Teams,Vendor Management,Closed,27.4,12,Yes,1,4.3,350,9590.0,May,5,Q2,Wednesday
OPS-104215,2025-03-06,IT,Chennai,Invoice Query,Critical,Email,HR Ops,Closed,12.8,4,Yes,2,3.7,280,3584.0,Mar,3,Q1,Thursday
OPS-102329,2025-04-14,Procurement,Pune,Compliance Request,Medium,Email,MIS,Escalated,19.4,24,No,3,3.5,280,5432.0,Apr,4,Q2,Monday
OPS-104408,2025-09-02,HR,Mumbai,Data Correction,Low,Email,Finance Ops,Escalated,14.3,48,No,2,4.0,400,5720.0,Sep,9,Q3,Tuesday
OPS-102938,2025-05-23,Customer Support,Pune,Report Request,Medium,Teams,HR Ops,Closed,1.9,24,No,1,4.7,400,760.0,May,5,Q2,Friday
OPS-104470,2025-01-18,Finance,Noida,Invoice Query,Low,Phone,HR Ops,Closed,12.6,48,No,0,4.6,350,4410.0,Jan,1,Q1,Saturday
OPS-102463,2025-03-04,Customer Support,Gurugram,Report Request,Low,Portal,HR Ops,Escalated,15.0,48,No,2,3.9,350,5250.0,Mar,3,Q1,Tuesday
OPS-104722,2025-07-30,Customer Support,Bengaluru,Data Correction,High,Email,MIS,Closed,18.0,12,Yes,0,4.2,450,8100.0,Jul,7,Q3,Wednesday
OPS-102997,2025-10-02,Operations,Noida,Compliance Request,Low,Email,Vendor Management,Closed,16.1,48,No,2,4.2,280,4508.0,Oct,10,Q4,Thursday
OPS-102918,2025-05-24,HR,Pune,Vendor Query,Critical,Email,Vendor Management,Closed,7.4,4,Yes,0,5.0,400,2960.0,May,5,Q2,Saturday
OPS-103324,2025-07-20,Customer Support,Gurugram,Invoice Query,Medium,Portal,Vendor Management,Pending,3.2,24,No,1,4.7,350,1120.0,Jul,7,Q3,Sunday
OPS-102621,2025-02-08,Operations,Gurugram,Invoice Query,Low,Email,Vendor Management,Closed,7.7,48,No,0,4.8,350,2695.0,Feb,2,Q1,Saturday
OPS-101998,2025-04-30,Customer Support,Noida,Invoice Query,Medium,Phone,IT Support,Closed,3.6,24,No,0,4.5,350,1260.0,Apr,4,Q2,Wednesday
OPS-104302,2025-02-26,Sales,Hyderabad,Invoice Query,Low,Email,IT Support,Closed,15.2,48,No,0,5.0,450,6840.0,Feb,2,Q1,Wednesday
OPS-103118,2025-08-03,Procurement,Noida,Report Request,Low,Email,HR Ops,Closed,7.6,48,No,0,5.0,400,3040.0,Aug,8,Q3,Sunday
OPS-101807,2025-09-24,Sales,Noida,Compliance Request,Low,Email,HR Ops,Closed,7.7,48,No,0,4.3,350,2695.0,Sep,9,Q3,Wednesday
OPS-101990,2025-03-05,Operations,Chennai,Data Correction,Low,Portal,Finance Ops,Closed,16.8,48,No,0,4.6,450,7560.0,Mar,3,Q1,Wednesday
OPS-101576,2025-05-25,Customer Support,Gurugram,Compliance Request,Medium,Teams,MIS,Closed,7.2,24,No,0,5.0,350,2520.0,May,5,Q2,Sunday
OPS-102600,2025-08-14,Customer Support,Noida,Access Request,Medium,Phone,Vendor Management,Closed,11.4,24,No,0,4.4,320,3648.0,Aug,8,Q3,Thursday
OPS-103951,2025-09-09,IT,Bengaluru,Data Correction,Medium,Teams,HR Ops,Closed,13.4,24,No,1,4.2,350,4690.0,Sep,9,Q3,Tuesday
OPS-101199,2025-05-30,Sales,Chennai,Vendor Query,Medium,Email,HR Ops,Closed,18.3,24,No,0,4.8,350,6405.0,May,5,Q2,Friday
OPS-102369,2025-01-12,Customer Support,Mumbai,Invoice Query,Low,Teams,Vendor Management,Closed,13.7,48,No,1,4.1,450,6165.0,Jan,1,Q1,Sunday
OPS-103597,2025-09-22,Operations,Hyderabad,Employee Query,Low,Phone,Vendor Management,Closed,11.6,48,No,1,4.6,450,5220.0,Sep,9,Q3,Monday
OPS-100470,2025-03-10,Operations,Chennai,Employee Query,High,Teams,HR Ops,Pending,12.9,12,Yes,1,3.9,400,5160.0,Mar,3,Q1,Monday
OPS-104578,2025-01-11,Operations,Mumbai,Report Request,Low,Phone,IT Support,Closed,9.3,48,No,0,5.0,320,2976.0,Jan,1,Q1,Saturday
OPS-104933,2025-10-26,Operations,Gurugram,Data Correction,High,Email,Vendor Management,Closed,10.4,12,No,0,4.7,350,3640.0,Oct,10,Q4,Sunday
OPS-100867,2025-12-16,Customer Support,Noida,Data Correction,Low,Email,MIS,Closed,8.3,48,No,0,4.8,450,3735.0,Dec,12,Q4,Tuesday
OPS-100080,2025-07-09,Customer Support,Hyderabad,Report Request,Low,Phone,Vendor Management,Closed,4.8,48,No,1,4.5,450,2160.0,Jul,7,Q3,Wednesday
OPS-100534,2025-11-10,HR,Mumbai,Employee Query,Medium,Phone,Vendor Management,Closed,10.8,24,No,0,4.5,450,4860.0,Nov,11,Q4,Monday
OPS-101110,2025-11-20,Finance,Chennai,Invoice Query,Low,Phone,Vendor Management,Closed,15.1,48,No,1,3.9,450,6795.0,Nov,11,Q4,Thursday
OPS-102339,2025-03-25,IT,Pune,Invoice Query,Critical,Email,HR Ops,Closed,12.8,4,Yes,0,4.9,450,5760.0,Mar,3,Q1,Tuesday
OPS-104362,2025-11-11,Customer Support,Noida,Vendor Query,Medium,Email,MIS,Closed,3.4,24,No,1,4.5,450,1530.0,Nov,11,Q4,Tuesday
OPS-100165,2025-01-28,Procurement,Noida,Data Correction,Low,Teams,IT Support,Escalated,6.6,48,No,2,3.9,350,2310.0,Jan,1,Q1,Tuesday
OPS-104015,2025-06-22,HR,Chennai,Access Request,High,Email,IT Support,Closed,2.2,12,No,0,4.2,280,616.0,Jun,6,Q2,Sunday
OPS-104529,2025-06-26,IT,Mumbai,Data Correction,High,Email,HR Ops,Closed,8.8,12,No,0,4.6,350,3080.0,Jun,6,Q2,Thursday
OPS-100876,2025-01-08,IT,Noida,Access Request,Medium,Teams,,Closed,11.6,24,No,0,4.7,350,4060.0,Jan,1,Q1,Wednesday
OPS-100186,2025-08-13,Operations,Mumbai,Employee Query,Medium,Email,HR Ops,Escalated,21.9,24,No,1,4.2,450,9855.0,Aug,8,Q3,Wednesday
OPS-102166,2025-08-27,Sales,Gurugram,Compliance Request,Medium,Email,IT Support,Closed,9.8,24,No,0,4.8,350,3430.0,Aug,8,Q3,Wednesday
OPS-102470,2025-04-02,Customer Support,Noida,,High,Teams,Finance Ops,Closed,20.6,12,Yes,0,4.3,320,6592.0,Apr,4,Q2,Wednesday
OPS-101476,2025-04-18,Customer Support,Chennai,Invoice Query,Medium,Email,Finance Ops,Closed,27.4,24,Yes,0,4.2,320,8768.0,Apr,4,Q2,Friday
OPS-100136,2025-12-12,Sales,Hyderabad,Data Correction,Low,Phone,IT Support,Closed,20.6,48,No,0,4.6,450,9270.0,Dec,12,Q4,Friday
OPS-102420,2025-11-30,IT,Noida,System Issue,High,Email,HR Ops,Closed,12.6,12,Yes,1,4.5,400,5040.0,Nov,11,Q4,Sunday
OPS-103937,2025-06-10,HR,Noida,Vendor Query,Low,Portal,MIS,Closed,14.5,48,No,0,4.8,400,5800.0,Jun,6,Q2,Tuesday
OPS-104465,2025-09-09,Sales,Noida,Access Request,Medium,Teams,Vendor Management,Pending,54.3,24,Yes,0,3.3,400,21720.0,Sep,9,Q3,Tuesday
OPS-103656,2025-06-09,Sales,Hyderabad,Data Correction,Low,Portal,MIS,Closed,8.6,48,No,0,5.0,450,3870.0,Jun,6,Q2,Monday
OPS-104415,2025-10-26,Finance,Bengaluru,Vendor Query,Medium,Email,IT Support,Closed,12.6,24,No,1,4.6,320,4032.0,Oct,10,Q4,Sunday
OPS-102892,2025-10-16,Finance,Noida,System Issue,Low,Email,MIS,Closed,18.9,48,No,0,4.2,320,6048.0,Oct,10,Q4,Thursday
OPS-102098,2025-01-19,Finance,Noida ,Invoice Query,Critical,Email,MIS,Closed,5.3,4,Yes,1,4.6,350,1855.0,Jan,1,Q1,Sunday
OPS-104702,2025-08-23,Operations,Gurugram,Invoice Query,Low,Email,MIS,Closed,1.4,48,No,1,3.9,400,560.0,Aug,8,Q3,Saturday
OPS-103870,2025-04-29,Operations,Bengaluru,Vendor Query,Critical,Phone,Vendor Management,Closed,12.7,4,Yes,1,4.7,400,5080.0,Apr,4,Q2,Tuesday
OPS-102575,2025-09-13,Sales,Noida,Compliance Request,Low,Email,Finance Ops,Pending,13.5,48,No,0,4.2,280,3780.0,Sep,9,Q3,Saturday
OPS-102501,2025-07-15,Customer Support,Bengaluru,Data Correction,Low,Phone,IT Support,Escalated,26.5,48,No,1,4.1,450,11925.0,Jul,7,Q3,Tuesday
OPS-104607,2025-10-22,HR,Pune,Invoice Query,Medium,Email,Finance Ops,Closed,10.5,24,No,0,4.9,280,2940.0,Oct,10,Q4,Wednesday
OPS-102731,2025-01-14,HR,Noida,Vendor Query,Medium,Portal,HR Ops,Escalated,6.5,24,No,2,4.3,280,1820.0,Jan,1,Q1,Tuesday
OPS-101229,2025-09-14,HR,Mumbai,Vendor Query,Low,Portal,Vendor Management,Closed,16.9,48,No,1,4.1,350,5915.0,Sep,9,Q3,Sunday
OPS-100648,2025-12-27,Customer Support,Chennai,Compliance Request,Low,Email,MIS,Pending,2.3,48,No,0,4.8,450,1035.0,Dec,12,Q4,Saturday
OPS-104652,2025-09-28,Customer Support,Gurugram,Report Request,Critical,Email,Vendor Management,Escalated,18.9,4,Yes,3,3.8,320,6048.0,Sep,9,Q3,Sunday
OPS-103106,2025-11-24,Finance,Chennai,Vendor Query,Low,Teams,IT Support,Closed,12.4,48,No,1,4.6,450,5580.0,Nov,11,Q4,Monday
OPS-102296,2025-05-10,Finance,Bengaluru,Report Request,Medium,Phone,Finance Ops,Closed,11.8,24,No,2,4.5,400,4720.0,May,5,Q2,Saturday
OPS-103039,2025-10-04,Operations,Pune,Access Request,Medium,Email,Finance Ops,Closed,7.1,24,No,1,4.3,280,1988.0,Oct,10,Q4,Saturday
OPS-104926,2025-10-20,Sales,Chennai,Report Request,Medium,Portal,Finance Ops,Closed,3.6,24,No,2,4.3,400,1440.0,Oct,10,Q4,Monday
OPS-100692,2025-03-31,Customer Support,Noida,Report Request,Low,Teams,MIS,Closed,6.1,48,No,0,4.8,400,2440.0,Mar,3,Q1,Monday
OPS-101464,2025-05-17,Operations,Gurugram,Data Correction,Medium,Email,MIS,Closed,12.3,24,No,0,4.7,450,5535.0,May,5,Q2,Saturday
OPS-104864,2025-07-30,Procurement,Hyderabad,Vendor Query,Low,Email,HR Ops,Closed,10.3,48,No,0,4.9,320,3296.0,Jul,7,Q3,Wednesday
OPS-102029,2025-08-05,IT,Mumbai,Vendor Query,Low,Phone,MIS,Closed,4.5,48,No,0,4.2,280,1260.0,Aug,8,Q3,Tuesday
OPS-104313,2025-06-18,HR,Pune,Vendor Query,Low,Email,MIS,Pending,10.8,48,No,0,5.0,350,3780.0,Jun,6,Q2,Wednesday
OPS-101277,2025-11-07,Customer Support,Chennai,System Issue,High,Email,IT Support,Closed,10.0,12,No,2,4.5,320,3200.0,Nov,11,Q4,Friday
OPS-100544,2025-06-26,Customer Support,Noida,Report Request,Low,Portal,Vendor Management,Closed,22.5,48,No,0,4.8,350,7875.0,Jun,6,Q2,Thursday
OPS-102759,2025-08-16,Customer Support,Chennai,Invoice Query,Low,Email,HR Ops,Pending,32.9,48,No,0,4.5,280,9212.0,Aug,8,Q3,Saturday
OPS-104067,2025-09-13,Sales,Gurugram,Invoice Query,Medium,Email,MIS,Closed,6.4,24,No,0,4.6,450,2880.0,Sep,9,Q3,Saturday
OPS-102487,2025-08-30,Operations,Gurugram,Invoice Query,Medium,Portal,Finance Ops,Closed,7.3,24,No,0,5.0,280,2044.0,Aug,8,Q3,Saturday
OPS-104612,2025-03-12,IT,Pune,Compliance Request,High,Email,Finance Ops,Closed,19.2,12,Yes,0,4.5,350,6720.0,Mar,3,Q1,Wednesday
OPS-101986,2025-09-21,Customer Support,Gurugram,Report Request,Low,Email,HR Ops,Closed,20.1,48,No,0,4.7,350,7035.0,Sep,9,Q3,Sunday
OPS-102909,2025-12-07,Operations,Gurugram,System Issue,Low,Phone,Vendor Management,Escalated,4.9,48,No,3,3.5,450,2205.0,Dec,12,Q4,Sunday
OPS-102999,2025-05-17,Procurement,Pune,Compliance Request,High,Portal,MIS,Closed,9.4,12,No,1,3.8,450,4230.0,May,5,Q2,Saturday
OPS-102375,2025-10-18,Sales,Pune,Compliance Request,Low,Email,IT Support,Closed,10.6,48,No,0,4.4,280,2968.0,Oct,10,Q4,Saturday
OPS-100227,2025-10-21,Customer Support,Chennai,System Issue,Medium,Email,Vendor Management,Escalated,10.5,24,No,2,4.2,320,3360.0,Oct,10,Q4,Tuesday
OPS-104788,2025-06-10,Sales,,Employee Query,Medium,Portal,Vendor Management,Closed,9.3,24,No,0,4.3,320,2976.0,Jun,6,Q2,Tuesday
OPS-100554,2025-07-02,Sales,Gurugram,Invoice Query,Medium,Teams,Vendor Management,Escalated,19.4,24,No,2,4.6,350,6790.0,Jul,7,Q3,Wednesday
OPS-104158,2025-08-29,Customer Support,Hyderabad,Employee Query,Low,Email,Finance Ops,Pending,10.8,48,No,0,4.7,320,3456.0,Aug,8,Q3,Friday
OPS-102933,2025-10-04,Finance,Chennai,Vendor Query,Medium,Email,Finance Ops,Closed,2.0,24,No,0,5.0,350,700.0,Oct,10,Q4,Saturday
OPS-101733,2025-06-24,Sales,Bengaluru,Employee Query,High,Email,HR Ops,Closed,5.9,12,No,2,4.2,320,1888.0,Jun,6,Q2,Tuesday
OPS-102060,2025-04-24,Operations,Gurugram,Data Correction,Medium,Email,MIS,Closed,13.9,24,No,0,4.3,350,4865.0,Apr,4,Q2,Thursday
OPS-102021,2025-01-12,Operations,Chennai,Access Request,Low,Phone,MIS,Pending,10.8,48,No,1,4.8,400,4320.0,Jan,1,Q1,Sunday
OPS-104004,2025-09-09,Customer Support,Pune,Data Correction,Medium,Email,Finance Ops,Closed,1.0,24,No,0,5.0,450,450.0,Sep,9,Q3,Tuesday
OPS-103869,2025-04-14,Finance,Hyderabad,Access Request,Medium,Teams,MIS,Closed,5.4,24,No,1,5.0,350,1890.0,Apr,4,Q2,Monday
OPS-104665,2025-07-23,IT,Hyderabad,Employee Query,Medium,Email,IT Support,Closed,3.1,24,No,1,4.1,320,992.0,Jul,7,Q3,Wednesday
OPS-101840,2025-11-01,Operations,Chennai,Data Correction,Critical,Email,Vendor Management,Closed,8.3,4,Yes,0,3.9,280,2324.0,Nov,11,Q4,Saturday
OPS-104776,2025-04-20,Customer Support,Bengaluru,Vendor Query,Low,Email,HR Ops,Closed,2.1,48,No,1,4.4,400,840.0,Apr,4,Q2,Sunday
OPS-102108,2025-08-01,HR,Gurugram,System Issue,Low,Portal,IT Support,Closed,6.4,48,No,0,5.0,280,1792.0,Aug,8,Q3,Friday
OPS-103942,2025-02-19,Customer Support,Noida,Data Correction,Medium,Portal,Finance Ops,Escalated,12.1,24,No,4,3.3,350,4235.0,Feb,2,Q1,Wednesday
OPS-103934,2025-01-08,Customer Support,Mumbai,Invoice Query,Low,Email,IT Support,Escalated,15.5,48,No,2,3.6,450,6975.0,Jan,1,Q1,Wednesday
OPS-100662,2025-10-30,Sales,Gurugram,System Issue,Low,Email,Vendor Management,Closed,5.9,48,No,0,5.0,350,2065.0,Oct,10,Q4,Thursday
OPS-101636,2025-12-19,IT,Gurugram,Employee Query,Low,Email,Finance Ops,Closed,1.4,48,No,0,5.0,320,448.0,Dec,12,Q4,Friday
OPS-100349,2025-06-10,Sales,Hyderabad,System Issue,Low,Email,HR Ops,Closed,20.7,48,No,0,4.6,450,9315.0,Jun,6,Q2,Tuesday
OPS-100298,2025-06-10,Operations,Gurugram,Data Correction,Medium,Email,Finance Ops,Closed,3.1,24,No,0,4.6,400,1240.0,Jun,6,Q2,Tuesday
OPS-102584,2025-08-05,Customer Support,Noida,Access Request,Low,Email,Finance Ops,Closed,7.4,48,No,0,5.0,320,2368.0,Aug,8,Q3,Tuesday
OPS-103619,2025-12-24,HR,Noida,Compliance Request,Medium,Teams,IT Support,Closed,5.4,24,No,0,5.0,280,1512.0,Dec,12,Q4,Wednesday
OPS-104301,2025-12-27,IT,Noida,Vendor Query,Low,Email,MIS,Closed,4.3,48,No,1,3.8,280,1204.0,Dec,12,Q4,Saturday
OPS-103678,2025-02-18,IT,Hyderabad,Access Request,Medium,Phone,Vendor Management,Closed,4.3,24,No,1,5.0,400,1720.0,Feb,2,Q1,Tuesday
OPS-102403,2025-12-02,IT,Pune,Vendor Query,Low,Phone,Finance Ops,Closed,1.3,48,No,0,5.0,350,455.0,Dec,12,Q4,Tuesday
OPS-104970,2025-04-29,Sales,Hyderabad,System Issue,Low,Email,MIS,Closed,9.5,48,No,0,5.0,400,3800.0,Apr,4,Q2,Tuesday
OPS-101034,2025-12-15,Procurement,Pune,Vendor Query,Medium,Portal,IT Support,Closed,7.1,24,No,0,4.5,320,2272.0,Dec,12,Q4,Monday
OPS-103703,2025-04-10,HR,Bengaluru,Compliance Request,High,Email,HR Ops,Pending,21.9,12,Yes,0,5.0,450,9855.0,Apr,4,Q2,Thursday
OPS-103818,2025-06-05,Customer Support,Bengaluru,Report Request,Medium,Email,IT Support,Closed,20.0,24,No,0,4.9,320,6400.0,Jun,6,Q2,Thursday
OPS-101234,2025-04-24,Customer Support,Mumbai,Access Request,Low,Teams,IT Support,Closed,4.9,48,No,0,4.8,350,1715.0,Apr,4,Q2,Thursday
OPS-104752,2025-07-23,IT,Hyderabad,Compliance Request,Medium,Email,MIS,Closed,5.1,24,No,1,4.1,350,1785.0,Jul,7,Q3,Wednesday
OPS-103801,2025-05-18,Finance,Noida,Vendor Query,Low,Portal,Finance Ops,Closed,12.9,48,No,1,3.7,450,5805.0,May,5,Q2,Sunday
OPS-101586,2025-12-23,Procurement,Gurugram,Access Request,Medium,Portal,IT Support,Closed,2.9,24,No,1,5.0,450,1305.0,Dec,12,Q4,Tuesday
OPS-101947,2025-01-14,Sales,Gurugram,Invoice Query,Medium,Email,Finance Ops,Closed,11.2,24,No,0,4.3,280,3136.0,Jan,1,Q1,Tuesday
OPS-101592,2025-01-29,Sales,Gurugram,Employee Query,High,Email,MIS,Closed,8.6,12,No,0,4.8,320,2752.0,Jan,1,Q1,Wednesday
OPS-104218,2025-04-10,IT,Noida,Data Correction,Medium,Phone,Vendor Management,Closed,4.3,24,No,0,4.5,400,1720.0,Apr,4,Q2,Thursday
OPS-100657,2025-02-13,Procurement,Chennai,Access Request,Medium,Phone,Vendor Management,Closed,2.9,24,No,0,5.0,450,1305.0,Feb,2,Q1,Thursday
OPS-102200,2025-10-04,Customer Support,Chennai,Compliance Request,Medium,Portal,Finance Ops,Closed,47.7,24,Yes,0,3.5,450,21465.0,Oct,10,Q4,Saturday
OPS-104830,2025-05-23,Finance,Pune,Vendor Query,Low,Phone,MIS,Closed,2.4,48,No,0,4.4,320,768.0,May,5,Q2,Friday
OPS-103185,2025-11-28,Procurement,Pune,Vendor Query,Low,Teams,Vendor Management,Pending,17.3,48,No,1,4.7,320,5536.0,Nov,11,Q4,Friday
OPS-101897,2025-02-28,Customer Support,Pune,Report Request,Low,Email,MIS,Closed,11.2,48,No,0,4.3,320,3584.0,Feb,2,Q1,Friday
OPS-103559,2025-07-13,Operations,Hyderabad,Data Correction,Critical,,Finance Ops,Closed,2.1,4,No,0,4.7,320,672.0,Jul,7,Q3,Sunday
OPS-104227,2025-09-27,IT,Noida,Vendor Query,Medium,Teams,MIS,Closed,34.6,24,Yes,0,4.1,400,13840.0,Sep,9,Q3,Saturday
OPS-101723,2025-10-12,Finance,Hyderabad,Vendor Query,Medium,Phone,HR Ops,Closed,5.8,24,No,0,4.3,280,1624.0,Oct,10,Q4,Sunday
OPS-100134,2025-07-26,Operations,Noida,System Issue,Low,Email,Vendor Management,Pending,12.8,48,No,0,5.0,400,5120.0,Jul,7,Q3,Saturday
OPS-104097,2025-07-14,Sales,Mumbai,Employee Query,Low,Email,Vendor Management,Closed,7.5,48,No,1,4.5,280,2100.0,Jul,7,Q3,Monday
OPS-104348,2025-03-14,Operations,Hyderabad,Report Request,High,Email,HR Ops,Closed,9.0,12,No,2,3.9,320,2880.0,Mar,3,Q1,Friday
OPS-101888,2025-11-03,Customer Support,Gurugram,Vendor Query,Low,Email,HR Ops,Closed,5.9,48,No,0,4.9,280,1652.0,Nov,11,Q4,Monday
OPS-104575,2025-07-20,HR,Mumbai,System Issue,Low,Portal,HR Ops,Closed,26.9,48,No,1,4.0,350,9415.0,Jul,7,Q3,Sunday
OPS-100578,2025-05-24,Sales,Hyderabad,Data Correction,High,Portal,Finance Ops,Closed,24.5,12,Yes,0,4.4,280,6860.0,May,5,Q2,Saturday
OPS-103144,2025-07-22,Operations,Gurugram,Data Correction,Low,Email,HR Ops,Closed,16.8,48,No,0,4.2,450,7560.0,Jul,7,Q3,Tuesday
OPS-100239,2025-12-15,Finance,Mumbai,Compliance Request,Medium,Email,Vendor Management,Closed,2.9,24,No,1,4.9,350,1015.0,Dec,12,Q4,Monday
OPS-102371,2025-02-18,Procurement,Noida,Invoice Query,Low,Email,Finance Ops,Escalated,8.2,48,No,1,4.7,450,3690.0,Feb,2,Q1,Tuesday
OPS-104548,2025-08-02,Customer Support,Gurugram,Vendor Query,Medium,Email,HR Ops,Closed,11.6,24,No,0,4.8,400,4640.0,Aug,8,Q3,Saturday
OPS-100957,2025-05-17,Finance,Hyderabad,Compliance Request,Low,Portal,Finance Ops,Closed,3.4,48,No,0,4.7,350,1190.0,May,5,Q2,Saturday
OPS-101954,2025-11-12,Finance,Pune,Data Correction,Low,Portal,MIS,Closed,21.4,48,No,1,3.6,350,7490.0,Nov,11,Q4,Wednesday
OPS-103290,2025-06-02,Customer Support,Gurugram,System Issue,Medium,Email,HR Ops,Escalated,16.2,24,No,3,3.6,400,6480.0,Jun,6,Q2,Monday
OPS-101879,2025-02-24,Finance,Bengaluru,System Issue,Medium,Portal,MIS,Closed,10.1,24,No,1,4.0,320,3232.0,Feb,2,Q1,Monday
OPS-100730,2025-12-07,Sales,Gurugram,Report Request,Medium,Portal,Finance Ops,Closed,6.7,24,No,0,5.0,450,3015.0,Dec,12,Q4,Sunday
OPS-104585,2025-05-27,Customer Support,Chennai,Invoice Query,Medium,Portal,HR Ops,Closed,13.2,24,No,0,4.2,280,3696.0,May,5,Q2,Tuesday
OPS-101010,2025-05-10,Operations,Gurugram,Vendor Query,Medium,Email,Vendor Management,Closed,5.8,24,No,0,4.8,280,1624.0,May,5,Q2,Saturday
OPS-100550,2025-07-09,Operations,Mumbai,System Issue,Low,Email,Vendor Management,Closed,4.7,48,No,1,4.4,320,1504.0,Jul,7,Q3,Wednesday
OPS-101360,2025-09-25,HR,Pune,Report Request,Low,Teams,HR Ops,Closed,7.6,48,No,0,5.0,450,3420.0,Sep,9,Q3,Thursday
OPS-103109,2025-05-27,Sales,Bengaluru,Employee Query,Low,Email,HR Ops,Escalated,36.2,48,No,2,3.6,280,10136.0,May,5,Q2,Tuesday
OPS-104207,2025-12-03,IT,Pune,Access Request,Low,Teams,Vendor Management,Closed,10.1,48,No,2,4.7,280,2828.0,Dec,12,Q4,Wednesday
OPS-100160,2025-06-19,Finance,Pune,Data Correction,Medium,Phone,Finance Ops,Pending,13.8,24,No,0,4.5,450,6210.0,Jun,6,Q2,Thursday
OPS-102937,2025-08-02,Finance,Bengaluru,Report Request,Low,Email,Vendor Management,Closed,16.3,48,No,0,4.3,400,6520.0,Aug,8,Q3,Saturday
OPS-100610,2025-06-19,IT,Bengaluru,Compliance Request,High,Email,IT Support,Closed,6.6,12,No,0,5.0,280,1848.0,Jun,6,Q2,Thursday
OPS-100292,2025-12-04,Operations,Mumbai,Employee Query,Low,Email,MIS,Closed,21.1,48,No,0,4.2,320,6752.0,Dec,12,Q4,Thursday
OPS-102975,2025-04-14,Customer Support,Noida,Report Request,Medium,Portal,MIS,Closed,10.5,24,No,0,4.8,320,3360.0,Apr,4,Q2,Monday
OPS-100746,2025-12-24,Operations,Mumbai,System Issue,Low,Email,HR Ops,Closed,9.2,48,No,0,5.0,320,2944.0,Dec,12,Q4,Wednesday
OPS-100776,2025-08-10,Operations,Pune,Vendor Query,High,Email,Finance Ops,Escalated,11.4,12,No,1,4.3,350,3990.0,Aug,8,Q3,Sunday
OPS-102747,2025-11-15,Operations,Noida,Invoice Query,Low,Email,IT Support,Closed,8.6,48,No,0,5.0,320,2752.0,Nov,11,Q4,Saturday
OPS-102828,2025-12-30,Customer Support,Gurugram,Report Request,High,Portal,MIS,Closed,12.7,12,Yes,0,5.0,400,5080.0,Dec,12,Q4,Tuesday
OPS-101458,2025-03-27,IT,Noida,Vendor Query,Low,Email,Finance Ops,Closed,3.2,48,No,0,5.0,450,1440.0,Mar,3,Q1,Thursday
OPS-103236,2025-11-08,Finance,Bengaluru,Access Request,Low,Email,HR Ops,Closed,18.7,48,No,0,3.9,320,5984.0,Nov,11,Q4,Saturday
OPS-100264,2025-01-02,IT,Bengaluru,Data Correction,Medium,Teams,IT Support,Escalated,25.0,24,Yes,2,3.4,450,11250.0,Jan,1,Q1,Thursday
OPS-101256,2025-09-12,Procurement,Chennai,Data Correction,Medium,Portal,HR Ops,Closed,4.3,24,No,0,5.0,320,1376.0,Sep,9,Q3,Friday
OPS-104399,2025-09-05,HR,Gurugram,Access Request,Medium,Email,Vendor Management,Closed,13.8,24,No,0,4.3,280,3864.0,Sep,9,Q3,Friday
OPS-101772,2025-06-30,Operations,Mumbai,Vendor Query,Low,Phone,Finance Ops,Closed,66.5,48,Yes,0,3.7,350,23275.0,Jun,6,Q2,Monday
OPS-104085,2025-03-25,Sales,Noida,Invoice Query,Low,Teams,MIS,Escalated,16.5,48,No,2,3.9,350,5775.0,Mar,3,Q1,Tuesday
OPS-102976,2025-07-29,Procurement,Hyderabad,Invoice Query,Medium,Email,HR Ops,Closed,15.3,24,No,0,4.1,400,6120.0,Jul,7,Q3,Tuesday
OPS-101200,2025-06-03,Customer Support,Chennai,Invoice Query,Low,Teams,IT Support,Pending,9.2,48,No,0,5.0,350,3220.0,Jun,6,Q2,Tuesday
OPS-104668,2025-12-26,Customer Support,Noida,Invoice Query,Low,Portal,HR Ops,Closed,2.3,48,No,0,5.0,320,736.0,Dec,12,Q4,Friday
OPS-104246,2025-03-30,IT,Hyderabad,Compliance Request,Medium,Portal,MIS,Closed,5.7,24,No,0,4.6,450,2565.0,Mar,3,Q1,Sunday
OPS-104168,2025-05-19,IT,Chennai,System Issue,Low,Portal,IT Support,Escalated,2.6,48,No,1,4.8,450,1170.0,May,5,Q2,Monday
OPS-100090,2025-07-07,IT,Bengaluru,Invoice Query,High,Teams,IT Support,Closed,23.0,12,Yes,2,4.0,280,6440.0,Jul,7,Q3,Monday
OPS-104214,2025-07-11,Operations,Bengaluru,Access Request,Low,Email,Vendor Management,Closed,15.4,48,No,0,4.2,280,4312.0,Jul,7,Q3,Friday
OPS-101512,2025-08-24,Finance,Pune,Vendor Query,High,Teams,Vendor Management,Closed,2.9,12,No,1,4.7,320,928.0,Aug,8,Q3,Sunday
OPS-102370,2025-08-27,Operations,Mumbai,Employee Query,High,Portal,IT Support,Pending,2.6,12,No,0,5.0,280,728.0,Aug,8,Q3,Wednesday
OPS-104727,2025-03-12,HR,Mumbai,Vendor Query,Medium,Portal,Vendor Management,Closed,19.2,24,No,1,,280,5376.0,Mar,3,Q1,Wednesday
OPS-100460,2025-10-05,Customer Support,,System Issue,Critical,Portal,HR Ops,Pending,10.8,4,Yes,0,4.6,400,4320.0,Oct,10,Q4,Sunday
OPS-102218,2025-02-19,IT,Hyderabad,Compliance Request,Medium,Portal,MIS,Closed,22.5,24,No,0,3.7,280,6300.0,Feb,2,Q1,Wednesday
OPS-104325,2025-05-04,IT,Pune,Vendor Query,Medium,Portal,HR Ops,Escalated,41.6,24,Yes,2,3.3,450,18720.0,May,5,Q2,Sunday
OPS-103646,2025-01-31,Procurement,Chennai,Employee Query,Medium,Portal,HR Ops,Escalated,2.9,24,No,3,4.3,320,928.0,Jan,1,Q1,Friday
OPS-104338,2025-04-18,Finance,Noida,Access Request,Low,Phone,IT Support,Closed,7.0,48,No,0,4.5,400,2800.0,Apr,4,Q2,Friday
OPS-101938,2025-01-21,Sales,Noida,Report Request,Low,Phone,Vendor Management,Closed,23.0,48,No,0,4.5,350,8050.0,Jan,1,Q1,Tuesday
OPS-103028,2025-05-14,IT,Noida,Employee Query,High,Email,HR Ops,Closed,11.0,12,No,0,5.0,350,3850.0,May,5,Q2,Wednesday
OPS-104095,2025-11-20,Finance,Gurugram,Report Request,Medium,Portal,MIS,Closed,13.0,24,No,0,4.4,280,3640.0,Nov,11,Q4,Thursday
OPS-102319,2025-01-12,Customer Support,Chennai,Access Request,Medium,Portal,Finance Ops,Escalated,25.7,24,Yes,2,3.3,280,7196.0,Jan,1,Q1,Sunday
OPS-103184,2025-12-09,IT,Noida,Vendor Query,Low,Email,Finance Ops,Closed,4.2,48,No,0,4.9,400,1680.0,Dec,12,Q4,Tuesday
OPS-103589,2025-05-07,Procurement,Pune,Invoice Query,High,Portal,HR Ops,Closed,15.5,12,Yes,1,4.0,320,4960.0,May,5,Q2,Wednesday
OPS-100497,2025-01-04,Finance,Chennai,Employee Query,High,Email,IT Support,Closed,9.7,12,No,2,4.5,280,2716.0,Jan,1,Q1,Saturday
OPS-100221,2025-09-04,Procurement,Chennai,Employee Query,Medium,Email,HR Ops,Closed,11.5,24,No,0,5.0,400,4600.0,Sep,9,Q3,Thursday
OPS-104501,2025-04-19,HR,Noida,Access Request,Critical,Phone,HR Ops,Closed,3.0,4,No,0,5.0,280,840.0,Apr,4,Q2,Saturday
OPS-102926,2025-05-18,Sales,Pune,Report Request,Low,Email,HR Ops,Pending,7.4,48,No,0,4.3,350,2590.0,May,5,Q2,Sunday
OPS-100921,2025-03-08,Sales,Hyderabad,System Issue,High,Teams,HR Ops,Closed,9.0,12,No,0,5.0,320,2880.0,Mar,3,Q1,Saturday
OPS-104661,2025-08-12,Sales,Pune,System Issue,High,Phone,HR Ops,Pending,1.7,12,No,0,4.9,450,765.0,Aug,8,Q3,Tuesday
OPS-100985,2025-10-02,HR,Hyderabad,Data Correction,Low,Email,MIS,Closed,5.4,48,No,1,5.0,280,1512.0,Oct,10,Q4,Thursday
OPS-104680,2025-12-01,Operations,Pune,Data Correction,Low,Email,Finance Ops,Pending,21.1,48,No,2,3.8,320,6752.0,Dec,12,Q4,Monday
OPS-101916,2025-06-01,Sales,Chennai,Invoice Query,High,Portal,MIS,Closed,4.9,12,No,1,4.9,280,1372.0,Jun,6,Q2,Sunday
OPS-100313,2025-12-31,Procurement,Gurugram,Data Correction,Medium,Email,IT Support,Closed,10.4,24,No,0,4.2,280,2912.0,Dec,12,Q4,Wednesday
OPS-103214,2025-09-14,Sales,Hyderabad,Access Request,High,Teams,IT Support,Escalated,10.9,12,No,2,4.1,280,3052.0,Sep,9,Q3,Sunday
OPS-102442,2025-05-29,HR,Pune,Vendor Query,Medium,Portal,Finance Ops,Pending,7.8,24,No,0,5.0,320,2496.0,May,5,Q2,Thursday
OPS-103455,2025-05-19,Procurement,Gurugram,Data Correction,Medium,Phone,Vendor Management,Closed,10.7,24,No,0,5.0,350,3745.0,May,5,Q2,Monday
OPS-103829,2025-08-10,Sales,Hyderabad,Invoice Query,Medium,Portal,HR Ops,Closed,23.1,24,No,0,4.2,320,7392.0,Aug,8,Q3,Sunday
OPS-100678,2025-01-01,Customer Support,Noida,Employee Query,High,Email,MIS,Closed,3.1,12,No,2,4.7,450,1395.0,Jan,1,Q1,Wednesday
OPS-100166,2025-04-18,Operations,Mumbai,Vendor Query,Medium,Portal,Vendor Management,Escalated,26.4,24,Yes,2,3.6,450,11880.0,Apr,4,Q2,Friday
OPS-104425,2025-12-04,IT,Chennai,Invoice Query,High,Teams,Vendor Management,Closed,28.9,12,Yes,0,4.3,280,8092.0,Dec,12,Q4,Thursday
OPS-102134,2025-01-12,Procurement,Mumbai,Access Request,Low,,Finance Ops,Closed,5.2,48,No,0,4.6,350,1820.0,Jan,1,Q1,Sunday
OPS-102132,2025-06-03,HR,Gurugram,Invoice Query,Low,Email,Finance Ops,Closed,7.0,48,No,0,4.9,320,2240.0,Jun,6,Q2,Tuesday
OPS-102255,2025-06-16,Procurement,Mumbai,System Issue,Low,Teams,Finance Ops,Closed,5.2,48,No,0,,350,1820.0,Jun,6,Q2,Monday
OPS-104200,2025-05-21,Operations,Mumbai,Invoice Query,Low,Portal,Vendor Management,Escalated,4.2,48,No,2,3.8,400,1680.0,May,5,Q2,Wednesday
OPS-103267,2025-02-10,Finance,Pune,Data Correction,Medium,Portal,Vendor Management,Closed,5.6,24,No,0,5.0,280,1568.0,Feb,2,Q1,Monday
OPS-100735,2025-11-11,HR,Bengaluru,Employee Query,Medium,Email,Vendor Management,Closed,15.1,24,No,3,3.8,350,5285.0,Nov,11,Q4,Tuesday
OPS-103738,2025-10-31,Procurement,Mumbai,Employee Query,Medium,Email,Vendor Management,Closed,9.0,24,No,0,4.9,450,4050.0,Oct,10,Q4,Friday
OPS-100695,2025-11-12,Procurement,Chennai,System Issue,Low,Phone,IT Support,Closed,7.0,48,No,1,4.6,280,1960.0,Nov,11,Q4,Wednesday
OPS-103238,2025-05-21,Customer Support,Noida,Access Request,Medium,Portal,HR Ops,Closed,7.8,24,No,1,4.5,450,3510.0,May,5,Q2,Wednesday
OPS-103916,2025-01-15,Finance,Noida,System Issue,Medium,Phone,MIS,Closed,14.7,24,No,1,4.3,280,4116.0,Jan,1,Q1,Wednesday
OPS-104057,2025-07-22,IT,Noida,Vendor Query,Medium,Email,Vendor Management,Pending,5.6,24,No,2,4.7,350,1960.0,Jul,7,Q3,Tuesday
OPS-101349,2025-03-28,HR,Bengaluru,Vendor Query,High,Teams,IT Support,Closed,7.9,12,No,0,5.0,450,3555.0,Mar,3,Q1,Friday
OPS-104443,2025-07-28,Finance,Gurugram,Employee Query,Low,Email,MIS,Closed,2.4,48,No,0,4.9,450,1080.0,Jul,7,Q3,Monday
OPS-104000,2025-09-12,IT,Bengaluru,Data Correction,Medium,Teams,Vendor Management,Closed,15.1,24,No,1,4.6,400,6040.0,Sep,9,Q3,Friday
OPS-102259,2025-10-29,HR,Bengaluru,Invoice Query,Medium,Email,Vendor Management,Closed,14.4,24,No,2,4.8,450,6480.0,Oct,10,Q4,Wednesday
OPS-102616,2025-04-23,Customer Support,Mumbai,System Issue,Low,Email,Vendor Management,Closed,6.0,48,No,1,5.0,320,1920.0,Apr,4,Q2,Wednesday
OPS-100515,2025-11-26,IT,Pune,System Issue,Low,Email,HR Ops,Closed,14.5,48,No,0,4.6,350,5075.0,Nov,11,Q4,Wednesday
OPS-102863,2025-01-07,Operations,Pune,Invoice Query,Low,Phone,IT Support,Closed,5.6,48,No,0,5.0,320,1792.0,Jan,1,Q1,Tuesday
OPS-103950,2025-12-21,Procurement,Bengaluru,Vendor Query,Low,Portal,Finance Ops,Escalated,24.1,48,No,3,3.4,350,8435.0,Dec,12,Q4,Sunday
OPS-103431,2025-10-12,HR,Gurugram,Report Request,High,Portal,MIS,Escalated,6.5,12,No,2,4.2,350,2275.0,Oct,10,Q4,Sunday
OPS-104651,2025-05-27,Finance,Noida,System Issue,Low,Phone,IT Support,Closed,3.2,48,No,1,5.0,400,1280.0,May,5,Q2,Tuesday
OPS-101012,2025-11-17,Operations,Pune,Employee Query,Medium,Email,IT Support,Closed,4.3,24,No,0,4.7,280,1204.0,Nov,11,Q4,Monday
OPS-100891,2025-06-03,IT,Bengaluru,Compliance Request,Low,Email,Finance Ops,Closed,2.5,48,No,0,5.0,450,1125.0,Jun,6,Q2,Tuesday
OPS-102792,2025-09-16,Customer Support,Bengaluru,Access Request,Medium,Email,Finance Ops,Closed,9.8,24,No,1,5.0,320,3136.0,Sep,9,Q3,Tuesday
OPS-104962,2025-11-09,Finance,Hyderabad,Vendor Query,Medium,Teams,HR Ops,Escalated,27.5,24,Yes,2,3.7,400,11000.0,Nov,11,Q4,Sunday
OPS-103461,2025-04-21,HR,Bengaluru,Report Request,Low,Portal,IT Support,Closed,4.5,48,No,2,4.5,450,2025.0,Apr,4,Q2,Monday
OPS-103966,2025-09-17,Operations,Gurugram,Data Correction,High,Email,Finance Ops,Closed,9.4,12,No,0,4.8,320,3008.0,Sep,9,Q3,Wednesday
OPS-100195,2025-06-29,Procurement,Mumbai,Data Correction,High,Portal,HR Ops,Closed,9.3,12,No,0,5.0,400,3720.0,Jun,6,Q2,Sunday
OPS-100514,2025-06-17,Customer Support,Mumbai,Report Request,High,Portal,Finance Ops,Closed,10.1,12,No,0,4.5,280,2828.0,Jun,6,Q2,Tuesday
OPS-101639,2025-10-31,Finance,Hyderabad,Data Correction,Low,Portal,HR Ops,Closed,51.8,48,Yes,0,3.1,280,14504.0,Oct,10,Q4,Friday
OPS-101456,2025-07-18,Customer Support,Noida,Report Request,Low,Email,HR Ops,Escalated,20.4,48,No,1,3.8,400,8160.0,Jul,7,Q3,Friday
OPS-104306,2025-07-21,Sales,Noida,Data Correction,Critical,Email,MIS,Closed,5.4,4,Yes,1,4.3,350,1890.0,Jul,7,Q3,Monday
OPS-104045,2025-04-01,HR,Chennai,Employee Query,Low,Email,MIS,Pending,4.5,48,No,0,4.9,280,1260.0,Apr,4,Q2,Tuesday
OPS-100636,2025-12-12,IT,Gurugram,Vendor Query,Low,Email,IT Support,Pending,1.9,48,No,0,4.6,400,760.0,Dec,12,Q4,Friday
OPS-104677,2025-11-18,Finance,Gurugram,Vendor Query,High,Email,Vendor Management,Closed,27.5,12,Yes,1,4.5,450,12375.0,Nov,11,Q4,Tuesday
OPS-100088,2025-08-05,Finance,Gurugram,Report Request,Medium,Teams,Finance Ops,Closed,6.9,24,No,0,4.4,350,2415.0,Aug,8,Q3,Tuesday
OPS-101370,2025-12-29,Procurement,Noida,Vendor Query,Medium,Phone,MIS,Closed,3.9,24,No,0,4.5,400,1560.0,Dec,12,Q4,Monday
OPS-104567,2025-10-16,Customer Support,Chennai,Compliance Request,High,Teams,Finance Ops,Closed,19.0,12,Yes,1,4.0,280,5320.0,Oct,10,Q4,Thursday
OPS-100191,2025-11-11,Procurement,Chennai,Data Correction,Low,Email,IT Support,Closed,9.7,48,No,1,4.9,350,3395.0,Nov,11,Q4,Tuesday
OPS-103825,2025-06-30,Operations,Mumbai,Vendor Query,Medium,Email,IT Support,Closed,14.6,24,No,1,4.0,280,4088.0,Jun,6,Q2,Monday
OPS-100179,2025-08-21,HR,Noida,Compliance Request,Low,Email,IT Support,Closed,14.0,48,No,0,5.0,320,4480.0,Aug,8,Q3,Thursday
OPS-103925,2025-07-29,IT,Bengaluru,Compliance Request,Medium,Portal,IT Support,Closed,1.4,24,No,2,4.6,280,392.0,Jul,7,Q3,Tuesday
OPS-103841,2025-01-12,Procurement,Bengaluru,System Issue,Critical,Teams,Vendor Management,Closed,4.9,4,Yes,0,4.9,320,1568.0,Jan,1,Q1,Sunday
OPS-102589,2025-05-29,HR,Bengaluru,Vendor Query,Medium,Portal,Finance Ops,Closed,10.5,24,No,2,4.3,350,3675.0,May,5,Q2,Thursday
OPS-103465,2025-04-09,Customer Support,Pune,Data Correction,Medium,Portal,Finance Ops,Closed,18.7,24,No,1,4.4,450,8415.0,Apr,4,Q2,Wednesday
OPS-101688,2025-11-15,IT,Chennai,Data Correction,High,Email,MIS,Pending,15.4,12,Yes,0,5.0,400,6160.0,Nov,11,Q4,Saturday
OPS-103322,2025-02-20,Procurement,Bengaluru,Employee Query,Medium,Email,Vendor Management,Closed,4.6,24,No,0,5.0,400,1840.0,Feb,2,Q1,Thursday
OPS-101129,2025-07-19,Operations,Chennai,Report Request,Low,Email,Finance Ops,Escalated,10.7,48,No,2,4.4,280,2996.0,Jul,7,Q3,Saturday
OPS-103068,2025-02-16,Operations,Gurugram,Employee Query,Low,Portal,HR Ops,Escalated,14.1,48,No,2,4.4,450,6345.0,Feb,2,Q1,Sunday
OPS-103146,2025-08-15,Operations,Hyderabad,Employee Query,Low,Email,HR Ops,Escalated,30.3,48,No,3,3.1,450,13635.0,Aug,8,Q3,Friday
OPS-102560,2025-01-28,Procurement,Noida,Compliance Request,Medium,Portal,Vendor Management,Closed,10.9,24,No,0,5.0,280,3052.0,Jan,1,Q1,Tuesday
OPS-101024,2025-08-24,Procurement,Pune,Report Request,Low,Email,MIS,Escalated,57.3,48,Yes,1,3.1,400,22920.0,Aug,8,Q3,Sunday
OPS-104568,2025-07-28,Operations,Hyderabad,Vendor Query,High,Phone,MIS,Closed,10.6,12,No,0,4.8,280,2968.0,Jul,7,Q3,Monday
OPS-100399,2025-07-09,IT,Noida,System Issue,Medium,Email,MIS,Escalated,6.3,24,No,2,4.5,400,2520.0,Jul,7,Q3,Wednesday
OPS-100036,2025-06-24,Procurement,Pune,Data Correction,Low,Email,IT Support,Closed,15.6,48,No,1,4.1,320,4992.0,Jun,6,Q2,Tuesday
OPS-102254,2025-05-05,Operations,Mumbai,Access Request,Low,Portal,IT Support,Closed,29.9,48,No,0,4.6,400,11960.0,May,5,Q2,Monday
OPS-102657,2025-07-03,IT,Mumbai,Report Request,Low,Email,IT Support,Closed,19.4,48,No,2,3.9,280,5432.0,Jul,7,Q3,Thursday
OPS-100253,2025-05-09,Finance,Bengaluru,Vendor Query,Critical,Phone,Vendor Management,Escalated,10.5,4,Yes,1,4.7,450,4725.0,May,5,Q2,Friday
OPS-102941,2025-03-20,Customer Support,Gurugram,Compliance Request,High,Phone,HR Ops,Closed,6.9,12,No,0,5.0,400,2760.0,Mar,3,Q1,Thursday
OPS-101876,2025-08-31,Sales,Hyderabad,Invoice Query,Low,Email,Finance Ops,Closed,12.8,48,No,1,4.4,320,4096.0,Aug,8,Q3,Sunday
OPS-100229,2025-11-21,Operations,Gurugram,Report Request,Low,Portal,HR Ops,Closed,9.3,48,No,0,4.3,320,2976.0,Nov,11,Q4,Friday
OPS-103052,2025-10-06,Customer Support,Pune,Access Request,Low,Portal,Vendor Management,Closed,13.3,48,No,0,5.0,350,4655.0,Oct,10,Q4,Monday
OPS-101749,2025-01-15,Finance,Mumbai,Employee Query,Medium,Email,HR Ops,Closed,5.5,24,No,1,5.0,320,1760.0,Jan,1,Q1,Wednesday
OPS-101645,2025-06-30,Customer Support,Gurugram,Invoice Query,Medium,Portal,Vendor Management,Closed,14.6,24,No,0,4.2,350,5110.0,Jun,6,Q2,Monday
OPS-104156,2025-11-06,Procurement,Gurugram,Employee Query,Low,Portal,HR Ops,Closed,2.9,48,No,0,4.7,400,1160.0,Nov,11,Q4,Thursday
OPS-101610,2025-11-12,Operations,Mumbai,Invoice Query,Low,Email,MIS,Escalated,4.8,48,No,4,3.6,400,1920.0,Nov,11,Q4,Wednesday
OPS-102367,2025-04-11,Customer Support,Chennai,Vendor Query,Medium,Teams,MIS,Closed,7.6,24,No,1,4.3,350,2660.0,Apr,4,Q2,Friday
OPS-101020,2025-04-05,IT,Hyderabad,Invoice Query,Medium,Portal,Finance Ops,Closed,4.9,24,No,0,4.4,450,2205.0,Apr,4,Q2,Saturday
OPS-104903,2025-04-14,Sales,Mumbai,Employee Query,Low,Email,HR Ops,Closed,5.5,48,No,0,4.4,350,1925.0,Apr,4,Q2,Monday
OPS-102083,2025-03-14,Procurement,Hyderabad,Compliance Request,Low,Email,IT Support,Closed,16.7,48,No,0,4.3,280,4676.0,Mar,3,Q1,Friday
OPS-103995,2025-05-17,Sales,Pune,,High,Email,Finance Ops,Closed,18.6,12,Yes,0,4.7,280,5208.0,May,5,Q2,Saturday
OPS-101787,2025-08-02,Operations,Gurugram,System Issue,Medium,Phone,MIS,Closed,3.8,24,No,2,4.6,350,1330.0,Aug,8,Q3,Saturday
OPS-102124,2025-09-22,Finance,Gurugram,Report Request,High,Email,Finance Ops,Escalated,10.0,12,No,2,4.1,400,4000.0,Sep,9,Q3,Monday
OPS-102222,2025-03-01,IT,Bengaluru,Data Correction,Low,Email,HR Ops,Pending,9.1,48,No,0,4.9,320,2912.0,Mar,3,Q1,Saturday
OPS-104894,2025-12-11,Finance,Gurugram,Compliance Request,High,Portal,IT Support,Pending,14.2,12,Yes,2,4.2,350,4970.0,Dec,12,Q4,Thursday
OPS-101076,2025-06-28,Sales,Gurugram,Report Request,Medium,Email,HR Ops,Closed,19.2,24,No,1,4.4,450,8640.0,Jun,6,Q2,Saturday
OPS-102950,2025-03-07,Customer Support,Chennai,Compliance Request,High,Phone,Vendor Management,Closed,7.4,12,No,1,4.8,280,2072.0,Mar,3,Q1,Friday
OPS-103861,2025-04-08,Operations,Noida,Report Request,Medium,Email,HR Ops,Escalated,44.2,24,Yes,4,1.9,350,15470.0,Apr,4,Q2,Tuesday
OPS-104862,2025-10-03,Procurement,Pune,System Issue,Medium,Phone,HR Ops,Escalated,28.4,24,Yes,2,3.7,400,11360.0,Oct,10,Q4,Friday
OPS-103904,2025-06-23,Operations,Gurgaon,Invoice Query,Medium,Email,Vendor Management,Closed,4.9,24,No,0,5.0,450,2205.0,Jun,6,Q2,Monday
OPS-101850,2025-07-23,Operations,Hyderabad,System Issue,Low,Portal,MIS,Closed,9.1,48,No,0,5.0,350,3185.0,Jul,7,Q3,Wednesday
OPS-104950,2025-06-30,Procurement,Bengaluru,Invoice Query,Low,Email,HR Ops,Pending,6.4,48,No,1,4.7,280,1792.0,Jun,6,Q2,Monday
OPS-102796,2025-09-11,Operations,Gurugram,Compliance Request,High,Email,Finance Ops,Closed,11.6,12,No,0,5.0,450,5220.0,Sep,9,Q3,Thursday
OPS-104905,2025-08-30,Operations,Mumbai,Data Correction,Low,Portal,Vendor Management,Escalated,17.3,48,No,1,4.4,350,6055.0,Aug,8,Q3,Saturday
OPS-104605,2025-11-16,Finance,Pune,Employee Query,Low,Portal,IT Support,Closed,7.6,48,No,0,4.2,350,2660.0,Nov,11,Q4,Sunday
OPS-100608,2025-05-21,HR,Hyderabad,Report Request,Low,Portal,Vendor Management,Closed,29.9,48,No,0,4.1,450,13455.0,May,5,Q2,Wednesday
OPS-104484,2025-11-06,IT,Mumbai,Invoice Query,Medium,Email,MIS,Closed,6.1,24,No,1,4.0,320,1952.0,Nov,11,Q4,Thursday
OPS-100868,2025-04-17,Operations,Pune,Vendor Query,Low,Portal,Vendor Management,Closed,19.6,48,No,1,4.9,450,8820.0,Apr,4,Q2,Thursday
OPS-102800,2025-12-31,IT,Noida,Invoice Query,High,Email,Vendor Management,Closed,6.3,12,No,1,4.1,320,2016.0,Dec,12,Q4,Wednesday
OPS-104245,2025-02-12,HR,Pune,System Issue,Medium,Email,Vendor Management,Closed,7.8,24,No,1,4.5,450,3510.0,Feb,2,Q1,Wednesday
OPS-103555,2025-11-16,Operations,Bengaluru,Invoice Query,Low,Email,IT Support,Pending,8.1,48,No,1,4.2,320,2592.0,Nov,11,Q4,Sunday
OPS-101274,2025-06-14,Customer Support,Noida,Report Request,Low,Email,MIS,Closed,13.4,48,No,1,4.8,450,6030.0,Jun,6,Q2,Saturday
OPS-104437,2025-12-24,Customer Support,Bengaluru,,Medium,Portal,IT Support,Closed,11.8,24,No,0,5.0,400,4720.0,Dec,12,Q4,Wednesday
OPS-101116,2025-08-31,Finance,Hyderabad,Invoice Query,High,Phone,IT Support,Closed,4.3,12,No,0,4.3,400,1720.0,Aug,8,Q3,Sunday
OPS-100541,2025-12-23,IT,Pune,Employee Query,Low,Portal,IT Support,Escalated,6.6,48,No,4,3.4,450,2970.0,Dec,12,Q4,Tuesday
OPS-102740,2025-06-11,IT,Pune,Data Correction,Medium,Email,HR Ops,Closed,12.1,24,No,0,3.8,280,3388.0,Jun,6,Q2,Wednesday
OPS-103657,2025-01-14,Finance,Mumbai,Report Request,Low,Teams,IT Support,Closed,7.1,48,No,2,4.8,450,3195.0,Jan,1,Q1,Tuesday
OPS-101467,2025-11-11,Sales,Bengaluru,System Issue,Low,Portal,MIS,Closed,8.9,48,No,1,5.0,320,2848.0,Nov,11,Q4,Tuesday
OPS-102658,2025-01-03,HR,Hyderabad,Compliance Request,High,Portal,Vendor Management,Closed,13.2,12,Yes,1,4.4,280,3696.0,Jan,1,Q1,Friday
OPS-100281,2025-04-26,Sales,Chennai,Vendor Query,Medium,Email,MIS,Escalated,9.9,24,No,1,4.3,350,3465.0,Apr,4,Q2,Saturday
OPS-102459,2025-11-04,Customer Support,Pune,System Issue,Critical,Teams,MIS,Closed,10.3,4,Yes,2,4.1,350,3605.0,Nov,11,Q4,Tuesday
OPS-100511,2025-09-25,Sales,Chennai,Compliance Request,Medium,Portal,Finance Ops,Closed,14.3,24,No,1,4.6,400,5720.0,Sep,9,Q3,Thursday
OPS-104066,2025-07-16,HR,Bengaluru,Vendor Query,Medium,Email,Finance Ops,Closed,27.6,24,Yes,1,4.1,350,9660.0,Jul,7,Q3,Wednesday
OPS-104998,2025-04-20,Sales,Pune,Data Correction,Low,Email,HR Ops,Closed,2.0,48,No,0,4.5,400,800.0,Apr,4,Q2,Sunday
OPS-102606,2025-06-02,Customer Support,Chennai,Vendor Query,Medium,Portal,HR Ops,Pending,5.3,24,No,0,5.0,320,1696.0,Jun,6,Q2,Monday
OPS-103767,2025-09-20,Procurement,Chennai,,Low,Portal,Vendor Management,Closed,33.2,48,No,2,3.4,320,10624.0,Sep,9,Q3,Saturday
OPS-101515,2025-12-25,HR,Noida,Report Request,Low,Portal,IT Support,Pending,8.1,48,No,0,5.0,350,2835.0,Dec,12,Q4,Thursday
OPS-100688,2025-01-08,Finance,Noida,System Issue,Low,Email,Vendor Management,Closed,10.7,48,No,0,4.7,320,3424.0,Jan,1,Q1,Wednesday
OPS-100336,2025-04-09,HR,Mumbai,Access Request,Low,Email,HR Ops,Escalated,27.7,48,No,1,4.1,350,9695.0,Apr,4,Q2,Wednesday
OPS-102363,2025-09-19,Operations,Bengaluru,Employee Query,Low,Email,IT Support,Pending,5.0,48,No,1,3.7,280,1400.0,Sep,9,Q3,Friday
OPS-102028,2025-05-06,Customer Support,Gurugram,Data Correction,High,Teams,IT Support,Closed,31.6,12,Yes,1,4.3,320,10112.0,May,5,Q2,Tuesday
OPS-100783,2025-08-17,Customer Support,Hyderabad,Employee Query,Critical,Portal,IT Support,Closed,13.0,4,Yes,0,4.8,450,5850.0,Aug,8,Q3,Sunday
OPS-104712,2025-05-16,Customer Support,Chennai,Compliance Request,High,Email,IT Support,Closed,15.1,12,Yes,1,4.2,350,5285.0,May,5,Q2,Friday
OPS-104953,2025-09-13,Finance,Bengaluru,Report Request,Low,Email,Vendor Management,Closed,7.1,48,No,0,4.6,350,2485.0,Sep,9,Q3,Saturday
OPS-103579,2025-01-25,Finance,Bengaluru,Invoice Query,Low,Portal,IT Support,Pending,6.8,48,No,0,4.9,450,3060.0,Jan,1,Q1,Saturday
OPS-101158,2025-09-14,HR,Mumbai,Compliance Request,High,Portal,Vendor Management,Closed,10.0,12,No,1,4.0,320,3200.0,Sep,9,Q3,Sunday
OPS-100835,2025-07-14,Finance,Bengaluru,Invoice Query,Low,Phone,MIS,Closed,30.9,48,No,0,3.8,350,10815.0,Jul,7,Q3,Monday
OPS-102044,2025-08-22,IT,Noida,Vendor Query,High,Email,MIS,Closed,7.3,12,No,0,5.0,400,2920.0,Aug,8,Q3,Friday
OPS-104491,2025-08-30,Finance,Pune,Report Request,Low,Teams,Vendor Management,Closed,5.7,48,No,0,4.8,280,1596.0,Aug,8,Q3,Saturday
OPS-102624,2025-01-18,HR,Pune,Data Correction,Medium,Teams,HR Ops,Closed,12.8,24,No,0,,400,5120.0,Jan,1,Q1,Saturday
OPS-104033,2025-04-09,Procurement,Mumbai,Compliance Request,Low,Email,Finance Ops,Closed,9.4,48,No,2,3.7,350,3290.0,Apr,4,Q2,Wednesday
OPS-102622,2025-09-25,HR,Hyderabad,Invoice Query,Low,Email,,Closed,4.8,48,No,0,5.0,320,1536.0,Sep,9,Q3,Thursday
OPS-103351,2025-10-11,HR,Hyderabad,Vendor Query,Low,Email,MIS,Closed,17.0,48,No,0,4.6,400,6800.0,Oct,10,Q4,Saturday
OPS-102784,2025-03-16,IT,Bengaluru,Access Request,Medium,Teams,HR Ops,Closed,6.1,24,No,1,5.0,280,1708.0,Mar,3,Q1,Sunday
OPS-100950,2025-12-16,Procurement,Hyderabad,Data Correction,Medium,Teams,Finance Ops,Closed,8.4,24,No,1,4.4,280,2352.0,Dec,12,Q4,Tuesday
OPS-101762,2025-05-25,Procurement,Noida,Employee Query,Medium,Email,Finance Ops,Escalated,16.3,24,No,3,4.1,350,5705.0,May,5,Q2,Sunday
OPS-104079,2025-06-03,Sales,Bengaluru,Employee Query,High,Email,IT Support,Closed,8.3,12,No,1,4.4,400,3320.0,Jun,6,Q2,Tuesday
OPS-102328,2025-04-25,IT,Mumbai,Report Request,High,Portal,Finance Ops,Closed,14.3,12,Yes,0,5.0,350,5005.0,Apr,4,Q2,Friday
OPS-103712,2025-06-28,IT,Bengaluru,System Issue,Low,Teams,IT Support,Closed,8.4,48,No,1,4.0,350,2940.0,Jun,6,Q2,Saturday
OPS-100338,2025-02-06,HR,Pune,Report Request,Medium,Phone,Vendor Management,Closed,8.4,24,No,0,4.4,450,3780.0,Feb,2,Q1,Thursday
OPS-103771,2025-01-28,IT,Hyderabad,Access Request,Medium,Portal,Vendor Management,Closed,15.8,24,No,0,4.4,280,4424.0,Jan,1,Q1,Tuesday
OPS-102057,2025-11-07,HR,Noida,Report Request,High,Portal,MIS,Closed,10.4,12,No,0,4.6,280,2912.0,Nov,11,Q4,Friday
OPS-104966,2025-08-10,IT,Pune,Vendor Query,Low,Portal,Finance Ops,Escalated,21.9,48,No,2,3.8,400,8760.0,Aug,8,Q3,Sunday
OPS-100294,2025-11-06,Procurement,Gurugram,Employee Query,Medium,Portal,MIS,Closed,14.2,24,No,1,4.6,320,4544.0,Nov,11,Q4,Thursday
OPS-102206,2025-01-10,Finance,Gurugram,Report Request,High,Email,Finance Ops,Closed,8.1,12,No,1,5.0,320,2592.0,Jan,1,Q1,Friday
OPS-103414,2025-09-19,Customer Support,Mumbai,Invoice Query,Medium,Portal,Finance Ops,Closed,3.4,24,No,1,4.4,400,1360.0,Sep,9,Q3,Friday
OPS-103194,2025-04-03,Finance,Bengaluru,Access Request,Medium,Email,HR Ops,Closed,29.0,24,Yes,1,4.3,320,9280.0,Apr,4,Q2,Thursday
OPS-102594,2025-09-26,Procurement,Mumbai,Data Correction,Low,Email,MIS,Closed,12.0,48,No,0,4.9,400,4800.0,Sep,9,Q3,Friday
OPS-102073,2025-10-14,Finance,Mumbai,,Low,Email,Vendor Management,Escalated,4.9,48,No,2,4.0,320,1568.0,Oct,10,Q4,Tuesday
OPS-100471,2025-02-16,Finance,Noida,Report Request,Medium,Email,HR Ops,Escalated,25.8,24,Yes,1,3.6,280,7224.0,Feb,2,Q1,Sunday
OPS-100558,2025-12-21,HR,Hyderabad,Data Correction,Low,Email,MIS,Closed,4.2,48,No,0,4.7,450,1890.0,Dec,12,Q4,Sunday
OPS-101263,2025-02-20,Finance,Pune,Vendor Query,High,Email,Vendor Management,Closed,26.2,12,Yes,0,4.4,350,9170.0,Feb,2,Q1,Thursday
OPS-104937,2025-01-29,IT,Bengaluru,Report Request,Medium,Email,MIS,Closed,7.6,24,No,1,4.7,320,2432.0,Jan,1,Q1,Wednesday
OPS-103237,2025-06-26,HR,Gurugram,Compliance Request,Medium,Portal,MIS,Closed,2.0,24,No,0,4.3,350,700.0,Jun,6,Q2,Thursday
OPS-101023,2025-11-14,HR,Pune,Data Correction,Low,Phone,IT Support,Closed,13.6,48,No,0,5.0,400,5440.0,Nov,11,Q4,Friday
OPS-100121,2025-06-21,HR,Gurugram,System Issue,Critical,Teams,MIS,Closed,15.7,4,Yes,1,4.3,400,6280.0,Jun,6,Q2,Saturday
OPS-100906,2025-04-29,Finance,Noida,Invoice Query,Medium,Teams,MIS,Pending,1.7,24,No,1,4.8,350,595.0,Apr,4,Q2,Tuesday
OPS-103769,2025-10-01,IT,Mumbai,System Issue,Medium,Email,Vendor Management,Escalated,23.6,24,No,1,4.0,450,10620.0,Oct,10,Q4,Wednesday
OPS-101307,2025-10-07,Procurement,Gurugram,Report Request,High,Portal,IT Support,Escalated,19.4,12,Yes,1,4.6,450,8730.0,Oct,10,Q4,Tuesday
OPS-103819,2025-09-29,Customer Support,Bengaluru,Data Correction,Low,Portal,MIS,Closed,19.9,48,No,1,4.5,350,6965.0,Sep,9,Q3,Monday
OPS-102559,2025-07-30,Sales,Bengaluru,Employee Query,Medium,Email,MIS,Closed,6.7,24,No,1,4.4,280,1876.0,Jul,7,Q3,Wednesday
OPS-101936,2025-01-18,Operations,Noida,Compliance Request,Medium,Portal,HR Ops,Closed,12.6,24,No,2,4.2,400,5040.0,Jan,1,Q1,Saturday
OPS-103882,2025-03-31,Sales,Gurugram,Compliance Request,Medium,Email,HR Ops,Closed,9.5,24,No,0,4.7,400,3800.0,Mar,3,Q1,Monday
OPS-103893,2025-12-17,Finance,Noida,System Issue,Medium,Email,MIS,Closed,10.3,24,No,0,5.0,320,3296.0,Dec,12,Q4,Wednesday
OPS-101094,2025-11-26,Finance,Chennai,Employee Query,High,Email,HR Ops,Closed,15.2,12,Yes,0,4.4,350,5320.0,Nov,11,Q4,Wednesday
OPS-103856,2025-02-28,HR,Gurugram,Vendor Query,Medium,Teams,IT Support,Escalated,1.9,24,No,3,4.4,350,665.0,Feb,2,Q1,Friday
OPS-104037,2025-12-12,Sales,Gurugram,Data Correction,Low,Phone,,Closed,15.1,48,No,0,4.4,280,4228.0,Dec,12,Q4,Friday
OPS-100816,2025-09-19,IT,Noida,System Issue,Medium,Portal,Vendor Management,Closed,13.0,24,No,0,4.4,320,4160.0,Sep,9,Q3,Friday
OPS-104972,2025-09-30,Customer Support,Pune,Report Request,Medium,Teams,MIS,Closed,9.7,24,No,0,4.8,350,3395.0,Sep,9,Q3,Tuesday
OPS-101083,2025-06-06,Customer Support,Gurugram,Access Request,Low,Phone,Vendor Management,Closed,18.8,48,No,0,4.3,450,8460.0,Jun,6,Q2,Friday
OPS-101209,2025-12-08,Sales,Gurugram,Access Request,Low,Portal,Vendor Management,Closed,2.1,48,No,0,5.0,280,588.0,Dec,12,Q4,Monday
OPS-101290,2025-01-02,Sales,Hyderabad,Vendor Query,Low,Portal,Vendor Management,Closed,9.5,48,No,0,4.6,400,3800.0,Jan,1,Q1,Thursday
OPS-104192,2025-01-01,Customer Support,Bengaluru,Report Request,Critical,Teams,Finance Ops,Closed,13.3,4,Yes,0,3.7,350,4655.0,Jan,1,Q1,Wednesday
OPS-102429,2025-03-01,Finance,Pune,Employee Query,Medium,Email,Vendor Management,Closed,8.1,24,No,1,4.6,450,3645.0,Mar,3,Q1,Saturday
OPS-100605,2025-08-18,Procurement,Pune,Vendor Query,Low,Portal,Vendor Management,Closed,4.6,48,No,0,4.7,280,1288.0,Aug,8,Q3,Monday
OPS-102115,2025-04-03,HR,Gurugram,Vendor Query,medium,,IT Support,Escalated,14.4,24,No,2,3.2,400,5760.0,Apr,4,Q2,Thursday
OPS-100551,2025-08-12,Sales,Noida,Invoice Query,Critical,Portal,Vendor Management,Closed,9.9,4,Yes,0,4.1,320,3168.0,Aug,8,Q3,Tuesday
OPS-102300,2025-04-12,Customer Support,Bengaluru,Invoice Query,High,Teams,IT Support,Closed,4.0,12,No,1,4.6,350,1400.0,Apr,4,Q2,Saturday
OPS-100476,2025-12-07,Finance,Hyderabad,Report Request,Low,Email,Vendor Management,Closed,8.8,48,No,0,4.5,450,3960.0,Dec,12,Q4,Sunday
OPS-100213,2025-08-13,Finance,Noida,Data Correction,Low,Portal,Vendor Management,Pending,9.0,48,No,0,5.0,450,4050.0,Aug,8,Q3,Wednesday
OPS-103513,2025-04-12,Operations,Pune,Access Request,Low,Teams,IT Support,Closed,5.9,48,No,0,4.9,450,2655.0,Apr,4,Q2,Saturday
OPS-104819,2025-01-27,Finance,Hyderabad,Employee Query,Low,Email,Finance Ops,Closed,7.2,48,No,0,5.0,320,2304.0,Jan,1,Q1,Monday
OPS-102025,2025-08-04,HR,Chennai,,Medium,Email,HR Ops,Closed,23.0,24,No,1,4.6,280,6440.0,Aug,8,Q3,Monday
OPS-102481,2025-05-29,Procurement,Hyderabad,Access Request,High,Email,IT Support,Closed,15.0,12,Yes,2,4.8,320,4800.0,May,5,Q2,Thursday
OPS-100277,2025-06-01,Customer Support,Chennai,Vendor Query,Medium,Portal,Finance Ops,Closed,4.6,24,No,3,3.9,350,1610.0,Jun,6,Q2,Sunday
OPS-104602,2025-07-24,Operations,Gurugram,Report Request,Medium,Portal,IT Support,Closed,5.8,24,No,0,4.8,400,2320.0,Jul,7,Q3,Thursday
OPS-104756,2025-12-02,HR,Noida,Invoice Query,Low,Email,Finance Ops,Closed,9.7,48,No,0,5.0,450,4365.0,Dec,12,Q4,Tuesday
OPS-102340,2025-08-19,Procurement,Noida,Compliance Request,Medium,Email,Finance Ops,Closed,1.2,24,No,1,4.5,320,384.0,Aug,8,Q3,Tuesday
OPS-100902,2025-10-21,HR,Pune,Data Correction,Medium,Email,Finance Ops,Closed,12.7,24,No,2,4.0,400,5080.0,Oct,10,Q4,Tuesday
OPS-104545,2025-03-28,Sales,Mumbai,Vendor Query,Medium,Email,Vendor Management,Closed,8.0,24,No,0,5.0,280,2240.0,Mar,3,Q1,Friday
OPS-101410,2025-05-09,Operations,Noida,Report Request,Low,Email,HR Ops,Closed,7.9,48,No,2,4.4,280,2212.0,May,5,Q2,Friday
OPS-100990,2025-05-20,IT,Pune,System Issue,Critical,Email,HR Ops,Escalated,21.9,4,Yes,4,3.6,280,6132.0,May,5,Q2,Tuesday
OPS-100304,2025-07-14,Finance,Pune,Data Correction,Medium,Email,Vendor Management,Pending,6.1,24,No,2,3.9,320,1952.0,Jul,7,Q3,Monday
OPS-103560,2025-06-18,Sales,Chennai,Employee Query,High,Teams,Vendor Management,Closed,12.0,12,No,1,4.4,320,3840.0,Jun,6,Q2,Wednesday
OPS-104492,2025-05-01,Customer Support,Mumbai,Employee Query,Low,Email,Vendor Management,Closed,5.3,48,No,0,4.5,320,1696.0,May,5,Q2,Thursday
OPS-101997,2025-11-01,Customer Support,Hyderabad,Data Correction,Medium,,HR Ops,Closed,11.6,24,No,1,4.4,450,5220.0,Nov,11,Q4,Saturday
OPS-102116,2025-11-01,Customer Support,Gurugram,Data Correction,High,Portal,MIS,Closed,2.1,12,No,1,4.4,280,588.0,Nov,11,Q4,Saturday
OPS-101902,2025-04-03,HR,Pune,Data Correction,Low,Email,MIS,Closed,9.1,48,No,0,4.9,350,3185.0,Apr,4,Q2,Thursday
OPS-100325,2025-05-27,Operations,Mumbai,Access Request,Medium,Email,IT Support,Closed,5.4,24,No,2,4.6,320,1728.0,May,5,Q2,Tuesday
OPS-103333,2025-06-15,HR,Chennai,Employee Query,Low,Email,IT Support,Closed,5.9,48,No,1,4.9,400,2360.0,Jun,6,Q2,Sunday
OPS-101155,2025-10-24,Sales,Hyderabad,Employee Query,Low,Teams,HR Ops,Pending,7.6,48,No,0,4.5,350,2660.0,Oct,10,Q4,Friday
OPS-103473,2025-10-02,Procurement,Mumbai,System Issue,Low,Email,Finance Ops,Closed,4.4,48,No,1,4.9,280,1232.0,Oct,10,Q4,Thursday
OPS-101474,2025-06-08,Sales,Chennai,Invoice Query,High,Email,Finance Ops,Closed,12.2,12,Yes,0,4.7,320,3904.0,Jun,6,Q2,Sunday
OPS-103012,2025-08-11,Customer Support,Mumbai,System Issue,Low,Portal,MIS,Closed,10.3,48,No,0,5.0,450,4635.0,Aug,8,Q3,Monday
OPS-104927,2025-08-18,IT,Chennai,Compliance Request,Medium,Portal,MIS,Closed,13.5,24,No,3,3.9,400,5400.0,Aug,8,Q3,Monday
OPS-100151,2025-02-05,Customer Support,Pune,Invoice Query,Low,Portal,IT Support,Pending,29.1,48,No,0,4.6,280,8148.0,Feb,2,Q1,Wednesday
OPS-101122,2025-05-28,Sales,Hyderabad,Report Request,Medium,Teams,Finance Ops,Closed,12.2,24,No,0,5.0,350,4270.0,May,5,Q2,Wednesday
OPS-104557,2025-02-14,IT,Hyderabad,Vendor Query,Medium,Email,HR Ops,Closed,37.0,24,Yes,1,4.7,450,16650.0,Feb,2,Q1,Friday
OPS-104075,2025-07-07,Finance,Pune,System Issue,Low,Portal,IT Support,Closed,8.1,48,No,1,3.9,450,3645.0,Jul,7,Q3,Monday
OPS-101131,2025-10-30,Operations,,Access Request,Medium,Email,IT Support,Escalated,19.4,24,No,2,3.7,320,6208.0,Oct,10,Q4,Thursday
OPS-103955,2025-07-06,Customer Support,Chennai,Report Request,Low,Email,HR Ops,Closed,16.1,48,No,3,3.9,400,6440.0,Jul,7,Q3,Sunday
OPS-102798,2025-07-17,HR,Mumbai,Compliance Request,Low,Portal,HR Ops,Closed,9.8,48,No,0,5.0,350,3430.0,Jul,7,Q3,Thursday
OPS-102804,2025-10-29,Customer Support,Chennai,Access Request,Medium,Email,Vendor Management,Closed,9.0,24,No,2,4.4,450,4050.0,Oct,10,Q4,Wednesday
OPS-101049,2025-05-12,Finance,Pune,Vendor Query,Medium,Phone,IT Support,Closed,15.3,24,No,2,4.4,400,6120.0,May,5,Q2,Monday
OPS-100812,2025-09-30,Operations,Gurugram,Vendor Query,Medium,Teams,Vendor Management,Closed,4.8,24,No,0,4.7,320,1536.0,Sep,9,Q3,Tuesday
OPS-102710,2025-04-21,HR,Chennai,Invoice Query,High,Email,Finance Ops,Pending,15.5,12,Yes,0,4.5,350,5425.0,Apr,4,Q2,Monday
OPS-103911,2025-12-27,Sales,Bengaluru,Report Request,Low,Email,MIS,Escalated,14.4,48,No,2,4.6,320,4608.0,Dec,12,Q4,Saturday
OPS-101558,2025-08-06,IT,Noida,Compliance Request,Medium,Portal,IT Support,Pending,15.9,24,No,0,4.3,400,6360.0,Aug,8,Q3,Wednesday
OPS-101064,2025-03-04,Finance,Hyderabad,Compliance Request,Low,Email,Vendor Management,Closed,21.4,48,No,0,4.4,280,5992.0,Mar,3,Q1,Tuesday
OPS-103155,2025-05-05,IT,Gurugram,Data Correction,High,Email,HR Ops,Closed,7.1,12,No,0,4.7,450,3195.0,May,5,Q2,Monday
OPS-102304,2025-10-13,Procurement,Hyderabad,Access Request,Medium,Phone,IT Support,Closed,8.8,24,No,1,4.8,400,3520.0,Oct,10,Q4,Monday
OPS-102983,2025-09-16,HR,Chennai,Employee Query,Low,Email,IT Support,Closed,9.4,48,No,0,5.0,400,3760.0,Sep,9,Q3,Tuesday
OPS-104906,2025-07-28,HR,Gurugram,Invoice Query,High,Email,IT Support,Closed,4.8,12,No,0,5.0,350,1680.0,Jul,7,Q3,Monday
OPS-100893,2025-07-06,Sales,Gurugram,Data Correction,High,Email,Finance Ops,Closed,8.2,12,No,0,4.2,400,3280.0,Jul,7,Q3,Sunday
OPS-102922,2025-03-17,Finance,Bengaluru,Employee Query,Low,Portal,Vendor Management,Closed,3.3,48,No,1,4.3,450,1485.0,Mar,3,Q1,Monday
OPS-101101,2025-12-31,Procurement,Hyderabad,Invoice Query,Medium,Email,Vendor Management,Closed,12.4,24,No,0,5.0,320,3968.0,Dec,12,Q4,Wednesday
OPS-102437,2025-06-27,Sales,Chennai,Compliance Request,Medium,Teams,IT Support,Closed,26.4,24,Yes,1,3.3,400,10560.0,Jun,6,Q2,Friday
OPS-102985,2025-04-24,Finance,Gurugram,Compliance Request,Medium,Email,HR Ops,Escalated,1.5,24,No,2,4.6,450,675.0,Apr,4,Q2,Thursday
OPS-101316,2025-07-28,Operations,Noida,Data Correction,Medium,Email,IT Support,Pending,5.4,24,No,0,4.6,280,1512.0,Jul,7,Q3,Monday
OPS-101649,2025-06-04,Procurement,Gurugram,Data Correction,Medium,Portal,HR Ops,Closed,3.5,24,No,0,4.6,400,1400.0,Jun,6,Q2,Wednesday
OPS-103104,2025-05-22,Procurement,Bengaluru,System Issue,Low,Phone,MIS,Closed,8.3,48,No,0,4.5,400,3320.0,May,5,Q2,Thursday
OPS-104981,2025-10-17,Procurement,Hyderabad,Data Correction,Low,Phone,Vendor Management,Pending,3.7,48,No,0,5.0,400,1480.0,Oct,10,Q4,Friday
OPS-104343,2025-11-19,Operations,Bengaluru,Data Correction,Medium,Email,HR Ops,Closed,14.4,24,No,0,4.7,450,6480.0,Nov,11,Q4,Wednesday
OPS-104242,2025-05-27,Procurement,Chennai,Vendor Query,Low,Email,Finance Ops,Closed,11.1,48,No,0,4.6,450,4995.0,May,5,Q2,Tuesday
OPS-100796,2025-12-01,Customer Support,Chennai,Report Request,High,Email,MIS,Closed,7.1,12,No,0,5.0,400,2840.0,Dec,12,Q4,Monday
OPS-100590,2025-07-05,Customer Support,Bengaluru,Data Correction,Low,Email,HR Ops,Closed,2.2,48,No,0,4.7,450,990.0,Jul,7,Q3,Saturday
OPS-100074,2025-09-27,Customer Support,Hyderabad,System Issue,Medium,Portal,Finance Ops,Escalated,2.0,24,No,4,3.8,400,800.0,Sep,9,Q3,Saturday
OPS-100461,2025-12-15,Customer Support,Hyderabad,Data Correction,High,Phone,Vendor Management,Escalated,19.6,12,Yes,2,4.0,350,6860.0,Dec,12,Q4,Monday
OPS-100487,2025-11-21,Procurement,Noida,Invoice Query,Low,Teams,MIS,Pending,15.9,48,No,0,4.7,450,7155.0,Nov,11,Q4,Friday
OPS-104543,2025-04-28,Sales,Chennai,Data Correction,Critical,Email,MIS,Closed,8.6,4,Yes,0,4.3,320,2752.0,Apr,4,Q2,Monday
OPS-102139,2025-08-16,HR,Mumbai,Employee Query,Medium,Email,MIS,Closed,6.9,24,No,0,5.0,400,2760.0,Aug,8,Q3,Saturday
OPS-101230,2025-03-19,Sales,Hyderabad,System Issue,Medium,Email,HR Ops,Closed,5.2,24,No,0,5.0,450,2340.0,Mar,3,Q1,Wednesday
OPS-100493,2025-05-27,Finance,Mumbai,Invoice Query,Medium,Email,HR Ops,Closed,7.7,24,No,2,4.5,400,3080.0,May,5,Q2,Tuesday
OPS-104267,2025-11-27,Procurement,Chennai,Invoice Query,Medium,Email,Finance Ops,Closed,6.7,24,No,0,4.9,350,2345.0,Nov,11,Q4,Thursday
OPS-103694,2025-06-06,Procurement,Gurugram,Access Request,High,Email,MIS,Closed,28.2,12,Yes,0,4.3,280,7896.0,Jun,6,Q2,Friday
OPS-103528,2025-06-12,Procurement,Gurugram,Data Correction,High,Portal,HR Ops,Closed,5.9,12,No,2,4.3,450,2655.0,Jun,6,Q2,Thursday
OPS-102105,2025-12-10,Sales,Gurugram,Access Request,High,Email,Finance Ops,Closed,33.1,12,Yes,1,4.0,350,11585.0,Dec,12,Q4,Wednesday
OPS-101266,2025-09-21,HR,Noida,Report Request,Medium,Portal,Vendor Management,Closed,19.0,24,No,1,3.9,350,6650.0,Sep,9,Q3,Sunday
OPS-103419,2025-05-02,Operations,Pune,Access Request,Low,Portal,HR Ops,Closed,26.2,48,No,0,4.4,320,8384.0,May,5,Q2,Friday
OPS-100098,2025-01-09,Finance,Pune,Employee Query,Medium,Phone,Finance Ops,Closed,23.2,24,No,0,4.3,350,8120.0,Jan,1,Q1,Thursday
OPS-103274,2025-02-15,HR,Mumbai,Employee Query,Medium,Email,MIS,Closed,7.3,24,No,0,4.8,350,2555.0,Feb,2,Q1,Saturday
OPS-104925,2025-11-18,Operations,Noida,Invoice Query,Medium,Teams,IT Support,Closed,4.9,24,No,0,4.7,320,1568.0,Nov,11,Q4,Tuesday
OPS-102528,2025-08-20,Finance,Pune,Compliance Request,Medium,Email,MIS,Closed,13.6,24,No,1,4.5,320,4352.0,Aug,8,Q3,Wednesday
OPS-101773,2025-01-24,Customer Support,Pune,Report Request,High,Email,IT Support,Closed,10.5,12,No,1,4.1,450,4725.0,Jan,1,Q1,Friday
OPS-101468,2025-08-03,Procurement,Mumbai,Vendor Query,High,Portal,IT Support,Closed,10.8,12,No,1,5.0,400,4320.0,Aug,8,Q3,Sunday
OPS-101750,2025-06-11,IT,Bengaluru,Compliance Request,High,Email,IT Support,Closed,9.2,12,No,0,3.6,450,4140.0,Jun,6,Q2,Wednesday
OPS-101479,2025-04-08,Customer Support,Bengaluru,Access Request,High,Email,Finance Ops,Closed,17.3,12,Yes,0,5.0,320,5536.0,Apr,4,Q2,Tuesday
OPS-101891,2025-07-30,HR,Chennai,Employee Query,Medium,Email,MIS,Closed,38.2,24,Yes,0,3.5,400,15280.0,Jul,7,Q3,Wednesday
OPS-104195,2025-11-09,Sales,Hyderabad,Invoice Query,Medium,Phone,Vendor Management,Closed,25.5,24,Yes,1,4.7,400,10200.0,Nov,11,Q4,Sunday
OPS-103141,2025-11-04,Procurement,Bengaluru,Vendor Query,Medium,Email,Finance Ops,Closed,11.4,24,No,1,5.0,350,3990.0,Nov,11,Q4,Tuesday
OPS-102345,2025-08-14,Sales,Bengaluru,Invoice Query,Low,Email,Vendor Management,Closed,7.3,48,No,3,4.2,450,3285.0,Aug,8,Q3,Thursday
OPS-104444,2025-03-14,Sales,Gurugram,Vendor Query,Medium,Phone,MIS,Closed,9.1,24,No,0,4.5,450,4095.0,Mar,3,Q1,Friday
OPS-102951,2025-09-05,HR,Bengaluru,Report Request,Medium,Email,HR Ops,Closed,13.9,24,No,2,3.6,280,3892.0,Sep,9,Q3,Friday
OPS-100602,2025-01-09,IT,Mumbai,Vendor Query,Medium,Email,Vendor Management,Closed,4.8,24,No,0,4.6,400,1920.0,Jan,1,Q1,Thursday
OPS-103943,2025-01-11,Sales,Pune,Access Request,Low,Teams,Vendor Management,Closed,4.9,48,No,0,4.7,280,1372.0,Jan,1,Q1,Saturday
OPS-103222,2025-09-25,Operations,Hyderabad,Data Correction,Medium,Portal,Vendor Management,Closed,7.4,24,No,0,4.6,320,2368.0,Sep,9,Q3,Thursday
OPS-100396,2025-06-02,Customer Support,Chennai,System Issue,Low,Teams,Finance Ops,Escalated,73.6,48,Yes,2,2.3,320,23552.0,Jun,6,Q2,Monday
OPS-100427,2025-09-26,HR,Bengaluru,Data Correction,Low,Email,MIS,Closed,19.1,48,No,1,3.9,400,7640.0,Sep,9,Q3,Friday
OPS-100022,2025-07-11,HR,Pune,Data Correction,Medium,Email,Vendor Management,Escalated,6.0,24,No,2,4.2,320,1920.0,Jul,7,Q3,Friday
OPS-101039,2025-09-27,Operations,Bengaluru,Vendor Query,Low,Phone,HR Ops,Closed,7.5,48,No,0,5.0,280,2100.0,Sep,9,Q3,Saturday
OPS-102301,2025-07-28,HR,Bengaluru,Report Request,Low,Portal,MIS,Closed,8.0,48,No,1,5.0,400,3200.0,Jul,7,Q3,Monday
OPS-100845,2025-06-19,Operations,Noida,Invoice Query,Medium,Phone,MIS,Escalated,4.2,24,No,2,4.4,350,1470.0,Jun,6,Q2,Thursday
OPS-103358,2025-01-30,Customer Support,Bengaluru,Invoice Query,Medium,Portal,MIS,Pending,19.7,24,No,0,4.3,350,6895.0,Jan,1,Q1,Thursday
OPS-102894,2025-06-01,Finance,Noida,Report Request,Low,Phone,HR Ops,Closed,6.0,48,No,0,4.7,350,2100.0,Jun,6,Q2,Sunday
OPS-102603,2025-09-28,Operations,Hyderabad,Vendor Query,Medium,Portal,Finance Ops,Closed,16.0,24,No,0,5.0,280,4480.0,Sep,9,Q3,Sunday
OPS-103418,2025-01-30,HR,Pune,Invoice Query,Medium,Email,Finance Ops,Closed,31.7,24,Yes,0,3.8,320,10144.0,Jan,1,Q1,Thursday
OPS-104347,2025-09-23,Sales,Bengaluru,Data Correction,High,Portal,MIS,Closed,13.0,12,Yes,1,4.3,400,5200.0,Sep,9,Q3,Tuesday
OPS-101670,2025-08-12,Operations,Bengaluru,,Low,Email,IT Support,Pending,16.5,48,No,0,4.1,450,7425.0,Aug,8,Q3,Tuesday
OPS-103485,2025-04-27,Finance,Gurugram,Vendor Query,Medium,Email,MIS,Closed,5.7,24,No,1,4.9,350,1995.0,Apr,4,Q2,Sunday
OPS-103503,2025-06-03,HR,Noida,Compliance Request,High,Portal,MIS,Closed,5.0,12,No,0,5.0,320,1600.0,Jun,6,Q2,Tuesday
OPS-104843,2025-09-13,Customer Support,Gurugram,System Issue,Medium,Email,Vendor Management,Closed,3.5,24,No,0,4.6,400,1400.0,Sep,9,Q3,Saturday
OPS-101315,2025-08-12,HR,Chennai,System Issue,Medium,Portal,Finance Ops,Closed,7.5,24,No,0,4.8,450,3375.0,Aug,8,Q3,Tuesday
OPS-101847,2025-12-25,IT,Noida,Report Request,High,Phone,MIS,Closed,12.7,12,Yes,0,4.6,280,3556.0,Dec,12,Q4,Thursday
OPS-103089,2025-02-08,Operations,Bengaluru,Report Request,Low,Teams,Finance Ops,Closed,3.0,48,No,0,4.3,280,840.0,Feb,2,Q1,Saturday
OPS-100244,2025-05-27,Finance,Hyderabad,Vendor Query,Medium,Email,HR Ops,Closed,20.4,24,No,0,4.0,280,5712.0,May,5,Q2,Tuesday
OPS-104163,2025-02-01,Sales,Hyderabad,Data Correction,Medium,Portal,Finance Ops,Closed,36.6,24,Yes,1,3.8,280,10248.0,Feb,2,Q1,Saturday
OPS-104755,2025-07-26,HR,Chennai,Access Request,Medium,Email,HR Ops,Closed,9.6,24,No,0,4.4,350,3360.0,Jul,7,Q3,Saturday
OPS-100934,2025-04-11,Finance,Mumbai,Access Request,High,Email,Vendor Management,Closed,16.9,12,Yes,1,4.1,350,5915.0,Apr,4,Q2,Friday
OPS-102408,2025-04-27,IT,Pune,Access Request,Low,Portal,HR Ops,Closed,21.8,48,No,1,4.4,320,6976.0,Apr,4,Q2,Sunday
OPS-102144,2025-10-29,HR,Mumbai,Report Request,Low,Email,MIS,Closed,28.7,48,No,0,3.8,280,8036.0,Oct,10,Q4,Wednesday
OPS-101529,2025-12-10,Procurement,Gurugram,Invoice Query,Low,Teams,MIS,Closed,15.1,48,No,1,4.0,450,6795.0,Dec,12,Q4,Wednesday
OPS-101497,2025-09-08,Procurement,Noida,Vendor Query,Medium,Email,MIS,Closed,17.3,24,No,1,4.5,350,6055.0,Sep,9,Q3,Monday
OPS-104991,2025-05-06,Sales,Mumbai,Vendor Query,Low,Email,Vendor Management,Escalated,49.5,48,Yes,1,3.7,350,17325.0,May,5,Q2,Tuesday
OPS-102570,2025-04-21,Sales,Chennai,Employee Query,Medium,Teams,Vendor Management,Closed,11.7,24,No,0,4.5,350,4095.0,Apr,4,Q2,Monday
OPS-101555,2025-04-17,Procurement,Mumbai,Vendor Query,Low,Portal,MIS,Closed,5.3,48,No,1,4.5,450,2385.0,Apr,4,Q2,Thursday
OPS-103023,2025-06-03,IT,Gurugram,Report Request,Medium,Portal,Finance Ops,Closed,4.0,24,No,1,4.9,320,1280.0,Jun,6,Q2,Tuesday
OPS-104458,2025-02-27,HR,Mumbai,Vendor Query,Low,Email,Vendor Management,Closed,6.6,48,No,0,4.4,350,2310.0,Feb,2,Q1,Thursday
OPS-104581,2025-09-04,IT,Hyderabad,Data Correction,Low,Portal,Vendor Management,Escalated,18.4,48,No,1,4.5,450,8280.0,Sep,9,Q3,Thursday
OPS-103224,2025-08-06,IT,Noida,Access Request,Medium,Email,Finance Ops,Escalated,17.0,24,No,2,3.8,350,5950.0,Aug,8,Q3,Wednesday
OPS-103400,2025-04-23,Finance,Chennai,Access Request,Low,Teams,HR Ops,Closed,2.9,48,No,0,4.9,400,1160.0,Apr,4,Q2,Wednesday
OPS-103329,2025-06-04,Customer Support,Mumbai,Employee Query,Medium,Email,MIS,Closed,20.4,24,No,1,4.4,320,6528.0,Jun,6,Q2,Wednesday
OPS-102360,2025-06-03,HR,Hyderabad,Access Request,Low,Portal,Vendor Management,Closed,21.0,48,No,0,4.6,320,6720.0,Jun,6,Q2,Tuesday
OPS-101809,2025-06-28,IT,Chennai,Invoice Query,Medium,Email,Finance Ops,Closed,19.4,24,No,1,4.7,280,5432.0,Jun,6,Q2,Saturday
OPS-102891,2025-03-27,IT,Hyderabad,Invoice Query,Medium,Email,MIS,Closed,6.0,24,No,1,4.6,350,2100.0,Mar,3,Q1,Thursday
OPS-102462,2025-06-27,Finance,Mumbai,Data Correction,Low,Email,Vendor Management,Closed,9.4,48,No,1,5.0,450,4230.0,Jun,6,Q2,Friday
OPS-102507,2025-08-20,Sales,Hyderabad,System Issue,High,Portal,HR Ops,Closed,27.1,12,Yes,2,3.8,320,8672.0,Aug,8,Q3,Wednesday
OPS-101186,2025-12-30,Procurement,Noida,Vendor Query,Medium,Email,Vendor Management,Closed,19.5,24,No,0,4.2,280,5460.0,Dec,12,Q4,Tuesday
OPS-102388,2025-05-10,Finance,Noida,Data Correction,Low,Phone,HR Ops,Closed,7.8,48,No,0,4.8,350,2730.0,May,5,Q2,Saturday
OPS-104383,2025-10-15,Customer Support,Pune,Compliance Request,Medium,Email,Finance Ops,Pending,2.2,24,No,0,5.0,280,616.0,Oct,10,Q4,Wednesday
OPS-103321,2025-07-29,Customer Support,Noida,Invoice Query,High,Phone,IT Support,Closed,10.8,12,No,1,4.2,400,4320.0,Jul,7,Q3,Tuesday
OPS-102554,2025-10-04,Operations,Gurugram,System Issue,Medium,Teams,IT Support,Escalated,11.4,24,No,3,3.6,450,5130.0,Oct,10,Q4,Saturday
OPS-104236,2025-07-12,HR,Mumbai,Vendor Query,High,Email,Finance Ops,Closed,10.0,12,No,1,4.5,400,4000.0,Jul,7,Q3,Saturday
OPS-103926,2025-03-19,IT,Hyderabad,Access Request,High,Email,Finance Ops,Closed,0.7,12,No,0,5.0,280,196.0,Mar,3,Q1,Wednesday
OPS-101761,2025-03-01,HR,Noida,Vendor Query,Medium,Email,HR Ops,Closed,1.9,24,No,0,5.0,450,855.0,Mar,3,Q1,Saturday
OPS-103280,2025-11-28,Customer Support,Hyderabad,Compliance Request,Low,Email,IT Support,Closed,7.9,48,No,0,4.4,350,2765.0,Nov,11,Q4,Friday
OPS-101966,2025-06-12,HR,Hyderabad,Data Correction,High,Teams,MIS,Closed,3.1,12,No,1,4.4,450,1395.0,Jun,6,Q2,Thursday
OPS-102949,2025-01-26,Finance,Pune,Vendor Query,High,Phone,IT Support,Closed,19.9,12,Yes,1,3.8,280,5572.0,Jan,1,Q1,Sunday
OPS-103143,2025-05-22,Customer Support,Bengaluru,Compliance Request,High,Email,Finance Ops,Closed,30.0,12,Yes,0,3.9,350,10500.0,May,5,Q2,Thursday
OPS-100445,2025-02-27,Operations,Mumbai,Employee Query,Low,Email,Vendor Management,Closed,21.9,48,No,1,3.7,450,9855.0,Feb,2,Q1,Thursday
OPS-102088,2025-09-26,IT,Hyderabad,System Issue,Medium,Portal,MIS,Closed,18.1,24,No,1,4.1,350,6335.0,Sep,9,Q3,Friday
OPS-101265,2025-04-02,Procurement,Chennai,Invoice Query,Critical,Email,Vendor Management,Closed,2.5,4,No,1,4.7,280,700.0,Apr,4,Q2,Wednesday
OPS-102754,2025-04-27,HR,Pune,Vendor Query,Medium,Email,HR Ops,Closed,2.7,24,No,0,4.8,450,1215.0,Apr,4,Q2,Sunday
OPS-102566,2025-01-08,Procurement,Mumbai,Invoice Query,Medium,Email,Finance Ops,Closed,13.6,24,No,0,4.2,400,5440.0,Jan,1,Q1,Wednesday
OPS-104451,2025-02-06,Finance,Pune,Data Correction,High,Phone,IT Support,Closed,5.2,12,No,0,5.0,280,1456.0,Feb,2,Q1,Thursday
OPS-103930,2025-08-10,Customer Support,Noida,Compliance Request,Medium,Portal,HR Ops,Closed,14.0,24,No,1,4.0,450,6300.0,Aug,8,Q3,Sunday
OPS-101077,2025-02-11,Operations,Noida,Invoice Query,Medium,Portal,HR Ops,Escalated,10.2,24,No,2,4.2,350,3570.0,Feb,2,Q1,Tuesday
OPS-102888,2025-04-27,HR,Chennai,Report Request,Medium,Phone,Finance Ops,Closed,7.1,24,No,1,4.8,280,1988.0,Apr,4,Q2,Sunday
OPS-103271,2025-05-27,Customer Support,Bengaluru,Employee Query,Low,Teams,Finance Ops,Pending,3.5,48,No,0,4.6,280,980.0,May,5,Q2,Tuesday
OPS-101228,2025-01-18,Procurement,Chennai,Employee Query,High,Email,HR Ops,Closed,5.2,12,No,1,4.4,450,2340.0,Jan,1,Q1,Saturday
OPS-101152,2025-02-20,IT,Hyderabad,Compliance Request,Medium,Phone,Vendor Management,Closed,18.0,24,No,0,4.7,350,6300.0,Feb,2,Q1,Thursday
OPS-103728,2025-10-08,HR,Chennai,Report Request,Low,Phone,MIS,Escalated,2.7,48,No,1,4.1,400,1080.0,Oct,10,Q4,Wednesday
OPS-104031,2025-04-04,Customer Support,Hyderabad,System Issue,Low,Email,IT Support,Escalated,29.9,48,No,2,3.8,280,8372.0,Apr,4,Q2,Friday
OPS-103935,2025-08-23,IT,Gurugram,Report Request,High,Email,Vendor Management,Closed,13.9,12,Yes,0,4.8,320,4448.0,Aug,8,Q3,Saturday
OPS-100418,2025-07-15,HR,Bengaluru,Data Correction,High,Email,HR Ops,Closed,32.7,12,Yes,0,4.5,350,11445.0,Jul,7,Q3,Tuesday
OPS-101243,2025-10-15,Finance,Gurugram,Employee Query,High,Email,IT Support,Pending,1.4,12,No,0,4.9,350,490.0,Oct,10,Q4,Wednesday
OPS-101867,2025-10-24,Procurement,Noida,Data Correction,Low,Portal,MIS,Closed,16.2,48,No,0,4.3,280,4536.0,Oct,10,Q4,Friday
OPS-104254,2025-01-07,Procurement,Chennai,System Issue,High,Portal,,Escalated,45.4,12,Yes,2,3.7,320,14528.0,Jan,1,Q1,Tuesday
OPS-103167,2025-09-24,HR,Mumbai,Employee Query,High,Phone,Finance Ops,Closed,24.2,12,Yes,0,4.8,320,7744.0,Sep,9,Q3,Wednesday
OPS-103664,2025-09-17,Customer Support,Noida,Invoice Query,Low,Email,Vendor Management,Escalated,8.3,48,No,1,4.8,280,2324.0,Sep,9,Q3,Wednesday
OPS-103716,2025-08-05,Operations,Gurugram,System Issue,Medium,Portal,Vendor Management,Closed,2.8,24,No,0,5.0,280,784.0,Aug,8,Q3,Tuesday
OPS-101279,2025-11-26,Finance,Pune,Compliance Request,Medium,Email,HR Ops,Closed,28.1,24,Yes,1,4.2,400,11240.0,Nov,11,Q4,Wednesday
OPS-102638,2025-05-30,Procurement,Chennai,System Issue,Medium,Teams,HR Ops,Closed,7.7,24,No,0,5.0,450,3465.0,May,5,Q2,Friday
OPS-104857,2025-01-19,Sales,Gurugram,Access Request,Low,Portal,IT Support,Closed,18.7,48,No,1,4.2,320,5984.0,Jan,1,Q1,Sunday
OPS-103111,2025-11-30,Operations,Noida,System Issue,Medium,,MIS,Closed,8.0,24,No,0,4.6,450,3600.0,Nov,11,Q4,Sunday
OPS-104339,2025-03-25,Sales,,Access Request,High,Portal,IT Support,Closed,7.0,12,No,1,4.5,450,3150.0,Mar,3,Q1,Tuesday
OPS-100885,2025-08-02,HR,Pune,Compliance Request,Low,Email,Vendor Management,Closed,23.0,48,No,2,3.6,450,10350.0,Aug,8,Q3,Saturday
OPS-100621,2025-12-08,Procurement,Bengaluru,Employee Query,Medium,Email,Vendor Management,Closed,26.2,24,Yes,0,4.5,400,10480.0,Dec,12,Q4,Monday
OPS-102552,2025-05-13,Procurement,Pune,Compliance Request,Low,Email,HR Ops,Pending,17.3,48,No,0,5.0,450,7785.0,May,5,Q2,Tuesday
OPS-102971,2025-03-13,Customer Support,Chennai,Vendor Query,Critical,Portal,Finance Ops,Escalated,2.3,4,No,2,4.5,350,805.0,Mar,3,Q1,Thursday
OPS-102208,2025-05-05,Procurement,Chennai,System Issue,Low,Email,Finance Ops,Closed,14.3,48,No,1,4.4,450,6435.0,May,5,Q2,Monday
OPS-103467,2025-12-04,IT,Gurugram,Invoice Query,High,Email,MIS,Pending,4.1,12,No,1,4.3,280,1148.0,Dec,12,Q4,Thursday
OPS-100538,2025-10-04,Finance,Noida,Vendor Query,Medium,Email,HR Ops,Closed,23.5,24,No,1,3.8,450,10575.0,Oct,10,Q4,Saturday
OPS-103768,2025-10-19,Operations,Hyderabad,Report Request,Low,Email,Finance Ops,Escalated,23.1,48,No,2,4.1,320,7392.0,Oct,10,Q4,Sunday
OPS-102289,2025-02-19,HR,Noida,Invoice Query,Low,Portal,HR Ops,Closed,24.6,48,No,1,4.0,280,6888.0,Feb,2,Q1,Wednesday
OPS-100014,2025-12-26,Operations,Hyderabad,Invoice Query,Low,Email,MIS,Closed,7.9,48,No,0,5.0,280,2212.0,Dec,12,Q4,Friday
OPS-101682,2025-12-31,IT,Chennai,System Issue,Medium,Phone,HR Ops,Closed,15.8,24,No,1,4.6,320,5056.0,Dec,12,Q4,Wednesday
OPS-100741,2025-11-07,Customer Support,Chennai,Report Request,Low,Phone,IT Support,Closed,6.0,48,No,0,5.0,450,2700.0,Nov,11,Q4,Friday
OPS-102977,2025-02-11,Customer Support,Chennai,Vendor Query,Critical,Portal,Vendor Management,Closed,2.9,4,No,0,5.0,320,928.0,Feb,2,Q1,Tuesday
OPS-103387,2025-10-02,Finance,Gurgaon,Compliance Request,Medium,Teams,Vendor Management,Pending,10.2,24,No,0,4.5,350,3570.0,Oct,10,Q4,Thursday
OPS-101386,2025-08-15,Operations,Hyderabad,Employee Query,High,Portal,Finance Ops,Closed,28.9,12,Yes,0,4.1,400,11560.0,Aug,8,Q3,Friday
OPS-102844,2025-12-02,Customer Support,Gurugram,Compliance Request,High,Email,Finance Ops,Closed,15.6,12,Yes,0,4.7,280,4368.0,Dec,12,Q4,Tuesday
OPS-102404,2025-11-06,HR,Pune,Data Correction,Critical,,Vendor Management,Closed,7.7,4,Yes,0,4.4,320,2464.0,Nov,11,Q4,Thursday
OPS-100335,2025-01-06,Customer Support,Gurugram,Invoice Query,Medium,Email,IT Support,Escalated,20.9,24,No,2,4.2,400,8360.0,Jan,1,Q1,Monday
OPS-102737,2025-02-24,Sales,Gurugram,Access Request,Medium,Portal,Vendor Management,Closed,7.5,24,No,0,4.8,350,2625.0,Feb,2,Q1,Monday
OPS-104281,2025-08-02,Operations,,Access Request,Medium,Teams,HR Ops,Closed,10.8,24,No,0,5.0,400,4320.0,Aug,8,Q3,Saturday
OPS-104920,2025-06-05,Finance,Pune,Vendor Query,Medium,Email,Finance Ops,Closed,8.6,24,No,0,4.2,320,2752.0,Jun,6,Q2,Thursday
OPS-103496,2025-07-03,IT,Noida,Access Request,High,Email,MIS,Closed,16.3,12,Yes,0,4.8,280,4564.0,Jul,7,Q3,Thursday
OPS-102990,2025-01-08,IT,Gurugram,Employee Query,Low,Portal,IT Support,Escalated,21.4,48,No,2,3.8,400,8560.0,Jan,1,Q1,Wednesday
OPS-103398,2025-11-17,Sales,Noida,Report Request,Low,Teams,MIS,Closed,14.4,48,No,1,4.0,320,4608.0,Nov,11,Q4,Monday
OPS-103050,2025-11-10,HR,Hyderabad,Data Correction,Low,Portal,HR Ops,Closed,14.3,48,No,1,4.5,320,4576.0,Nov,11,Q4,Monday
OPS-102236,2025-05-29,Operations,Bengaluru,Vendor Query,Low,Email,IT Support,Closed,2.7,48,No,0,5.0,280,756.0,May,5,Q2,Thursday
OPS-100942,2025-08-17,Finance,Gurgaon,Employee Query,High,Phone,Vendor Management,Closed,8.4,12,No,1,3.9,350,2940.0,Aug,8,Q3,Sunday
OPS-104381,2025-02-15,Finance,Hyderabad,Access Request,Medium,Portal,IT Support,Escalated,11.7,24,No,3,3.9,320,3744.0,Feb,2,Q1,Saturday
OPS-102948,2025-10-11,HR,Hyderabad,Vendor Query,Medium,Email,Vendor Management,Closed,32.1,24,Yes,1,3.2,450,14445.0,Oct,10,Q4,Saturday
OPS-101185,2025-05-08,Procurement,Gurugram,Compliance Request,Low,Portal,Finance Ops,Closed,10.6,48,No,0,4.1,450,4770.0,May,5,Q2,Thursday
OPS-104262,2025-05-04,Finance,Hyderabad,Access Request,Low,Phone,IT Support,Escalated,19.4,48,No,1,4.2,350,6790.0,May,5,Q2,Sunday
OPS-102278,2025-09-26,Procurement,Mumbai,Access Request,Low,Phone,IT Support,Pending,3.1,48,No,0,4.8,400,1240.0,Sep,9,Q3,Friday
OPS-103932,2025-01-06,HR,,Employee Query,Critical,Email,Finance Ops,Closed,7.0,4,Yes,1,4.9,400,2800.0,Jan,1,Q1,Monday
OPS-101852,2025-11-24,Customer Support,Bengaluru,Report Request,Medium,Email,MIS,Escalated,5.6,24,No,1,4.8,280,1568.0,Nov,11,Q4,Monday
OPS-104138,2025-08-27,Procurement,Chennai,Report Request,Medium,Email,MIS,Closed,12.7,24,No,0,4.7,280,3556.0,Aug,8,Q3,Wednesday
OPS-102797,2025-04-28,Operations,Gurugram,Access Request,Medium,Email,Vendor Management,Closed,6.2,24,No,1,5.0,450,2790.0,Apr,4,Q2,Monday
OPS-104876,2025-02-19,Operations,Pune,Access Request,Low,Portal,Finance Ops,Closed,22.1,48,No,0,4.7,350,7735.0,Feb,2,Q1,Wednesday
OPS-101887,2025-10-15,Finance,Bengaluru,Compliance Request,Medium,Teams,IT Support,Closed,3.2,24,No,0,4.4,350,1120.0,Oct,10,Q4,Wednesday
OPS-103660,2025-12-01,Procurement,Pune,System Issue,Medium,Teams,Finance Ops,Closed,6.2,24,No,0,5.0,450,2790.0,Dec,12,Q4,Monday
OPS-103616,2025-06-11,Procurement,Pune,Access Request,Medium,Email,HR Ops,Closed,9.4,24,No,1,4.3,350,3290.0,Jun,6,Q2,Wednesday
OPS-103520,2025-06-28,Customer Support,Pune,Vendor Query,High,Portal,IT Support,Closed,3.8,12,No,0,4.9,400,1520.0,Jun,6,Q2,Saturday
OPS-102398,2025-06-13,HR,Hyderabad,Report Request,Medium,Portal,HR Ops,Closed,15.6,24,No,0,4.0,450,7020.0,Jun,6,Q2,Friday
OPS-102094,2025-04-08,Customer Support,Bengaluru,System Issue,Medium,Email,HR Ops,Closed,9.3,24,No,0,5.0,450,4185.0,Apr,4,Q2,Tuesday
OPS-102157,2025-11-20,IT,Pune,Compliance Request,Low,Portal,HR Ops,Closed,8.3,48,No,1,4.6,400,3320.0,Nov,11,Q4,Thursday
OPS-103690,2025-11-02,Procurement,Mumbai,Compliance Request,High,Email,MIS,Closed,18.1,12,Yes,1,4.2,400,7240.0,Nov,11,Q4,Sunday
OPS-100030,2025-02-18,Procurement,Pune,System Issue,Low,Phone,Finance Ops,Closed,3.2,48,No,0,4.5,400,1280.0,Feb,2,Q1,Tuesday
OPS-104278,2025-11-14,Sales,Mumbai,Data Correction,Medium,Email,IT Support,Escalated,13.6,24,No,2,,320,4352.0,Nov,11,Q4,Friday
OPS-102670,2025-05-16,Customer Support,Bengaluru,Invoice Query,Medium,Email,Finance Ops,Closed,6.7,24,No,0,4.2,280,1876.0,May,5,Q2,Friday
OPS-103492,2025-09-03,Customer Support,Noida,Employee Query,Critical,Teams,Finance Ops,Closed,4.7,4,Yes,1,4.6,400,1880.0,Sep,9,Q3,Wednesday
OPS-104731,2025-08-03,HR,Mumbai,Data Correction,Low,Email,MIS,Closed,23.7,48,No,0,3.8,280,6636.0,Aug,8,Q3,Sunday
OPS-104201,2025-03-11,IT,Gurugram,Data Correction,Low,Email,Vendor Management,Closed,1.3,48,No,2,4.5,450,585.0,Mar,3,Q1,Tuesday
OPS-104157,2025-05-29,HR,Pune,Compliance Request,Critical,Phone,Vendor Management,Closed,5.7,4,Yes,0,5.0,400,2280.0,May,5,Q2,Thursday
OPS-101108,2025-06-06,Procurement,Noida,Vendor Query,Medium,Email,MIS,Closed,4.5,24,No,2,4.0,350,1575.0,Jun,6,Q2,Friday
OPS-100491,2025-08-11,Customer Support,Mumbai,Invoice Query,Low,Email,Vendor Management,Closed,2.3,48,No,0,5.0,280,644.0,Aug,8,Q3,Monday
OPS-100316,2025-10-10,Finance,Pune,Invoice Query,Medium,Email,Vendor Management,Pending,15.9,24,No,0,4.8,450,7155.0,Oct,10,Q4,Friday
OPS-101475,2025-06-01,Sales,Gurugram,Vendor Query,Medium,Email,Vendor Management,Closed,8.1,24,No,0,5.0,450,3645.0,Jun,6,Q2,Sunday
OPS-100382,2025-02-05,Operations,Chennai,Employee Query,Low,Portal,Finance Ops,Closed,14.1,48,No,1,4.2,450,6345.0,Feb,2,Q1,Wednesday
OPS-104519,2025-12-10,IT,Gurugram,Vendor Query,Medium,Portal,Vendor Management,Closed,13.2,24,No,0,4.7,450,5940.0,Dec,12,Q4,Wednesday
OPS-104975,2025-12-16,Operations,Gurugram,Vendor Query,Medium,Phone,IT Support,Pending,14.7,24,No,0,4.8,400,5880.0,Dec,12,Q4,Tuesday
OPS-103812,2025-07-07,HR,Hyderabad,Employee Query,Medium,Email,MIS,Closed,20.2,24,No,0,4.3,450,9090.0,Jul,7,Q3,Monday
OPS-103596,2025-01-23,Procurement,Bengaluru,Vendor Query,Low,Email,Finance Ops,Escalated,25.3,48,No,1,4.0,350,8855.0,Jan,1,Q1,Thursday
OPS-100446,2025-05-02,Operations,Gurugram,Invoice Query,High,Email,HR Ops,Pending,13.6,12,Yes,1,4.6,400,5440.0,May,5,Q2,Friday
OPS-104760,2025-06-27,Sales,Gurugram,Vendor Query,Low,Email,Finance Ops,Closed,8.3,48,No,0,4.7,320,2656.0,Jun,6,Q2,Friday
OPS-102828,2025-12-30,Customer Support,Gurugram,Report Request,High,Portal,MIS,Closed,12.7,12,Yes,0,5.0,400,5080.0,Dec,12,Q4,Tuesday
OPS-104073,2025-10-09,Finance,Gurugram,Report Request,Medium,Email,Vendor Management,Closed,9.3,24,No,0,4.6,280,2604.0,Oct,10,Q4,Thursday
OPS-100627,2025-10-19,Operations,Hyderabad,Report Request,High,Email,HR Ops,Closed,2.3,12,No,2,4.3,320,736.0,Oct,10,Q4,Sunday
OPS-101113,2025-05-10,IT,Mumbai,Access Request,Low,Email,MIS,Escalated,20.2,48,No,2,4.1,450,9090.0,May,5,Q2,Saturday
OPS-101485,2025-02-08,Customer Support,Mumbai,Vendor Query,Low,Email,Vendor Management,Closed,4.3,48,No,0,3.9,450,1935.0,Feb,2,Q1,Saturday
OPS-104365,2025-09-05,Finance,Bengaluru,Employee Query,Medium,Email,Vendor Management,Closed,6.5,24,No,0,5.0,450,2925.0,Sep,9,Q3,Friday
OPS-102978,2025-11-12,Customer Support,Noida,Data Correction,Low,Email,Finance Ops,Closed,10.8,48,No,0,5.0,450,4860.0,Nov,11,Q4,Wednesday
OPS-103196,2025-01-21,Procurement,Noida,Report Request,Low,Portal,IT Support,Closed,12.5,48,No,0,4.5,320,4000.0,Jan,1,Q1,Tuesday
OPS-103806,2025-09-25,Sales,Hyderabad,Invoice Query,Low,Portal,HR Ops,Closed,0.9,48,No,0,4.9,350,315.0,Sep,9,Q3,Thursday
OPS-100012,2025-03-29,HR,Pune,Compliance Request,High,Email,HR Ops,Closed,3.0,12,No,0,4.5,280,840.0,Mar,3,Q1,Saturday
OPS-104211,2025-06-24,Customer Support,Mumbai,Employee Query,High,Email,HR Ops,Closed,14.6,12,Yes,1,4.2,450,6570.0,Jun,6,Q2,Tuesday
OPS-100844,2025-04-02,Finance,Chennai,Employee Query,Medium,Phone,HR Ops,Closed,11.5,24,No,0,4.9,280,3220.0,Apr,4,Q2,Wednesday
OPS-101453,2025-10-15,Sales,Bengaluru,Report Request,Critical,Email,Finance Ops,Closed,14.9,4,Yes,2,4.0,280,4172.0,Oct,10,Q4,Wednesday
OPS-101974,2025-07-14,Sales,Gurugram,Employee Query,High,Email,HR Ops,Closed,8.6,12,No,0,4.6,320,2752.0,Jul,7,Q3,Monday
OPS-101789,2025-12-10,HR,Gurugram,Vendor Query,Critical,Email,Vendor Management,Closed,2.8,4,No,0,5.0,350,980.0,Dec,12,Q4,Wednesday
OPS-102401,2025-11-17,Sales,Noida,System Issue,Medium,Phone,MIS,Closed,6.5,24,No,0,5.0,450,2925.0,Nov,11,Q4,Monday
OPS-102701,2025-03-16,Finance,Chennai,Employee Query,Low,Email,Vendor Management,Closed,1.7,48,No,0,4.7,400,680.0,Mar,3,Q1,Sunday
OPS-100774,2025-02-23,HR,Noida,Employee Query,High,Email,HR Ops,Closed,8.4,12,No,1,4.2,350,2940.0,Feb,2,Q1,Sunday
OPS-104787,2025-07-23,HR,Pune,Invoice Query,Low,Teams,HR Ops,Closed,20.8,48,No,1,3.3,400,8320.0,Jul,7,Q3,Wednesday
OPS-100791,2025-10-21,IT,Noida,Data Correction,Medium,Email,Vendor Management,Closed,10.9,24,No,0,4.6,450,4905.0,Oct,10,Q4,Tuesday
OPS-102916,2025-11-26,Customer Support,Hyderabad,Access Request,Medium,Teams,IT Support,Closed,14.5,24,No,1,4.9,320,4640.0,Nov,11,Q4,Wednesday
OPS-104266,2025-02-22,Sales,Hyderabad,Employee Query,High,Phone,Finance Ops,Pending,9.5,12,No,0,5.0,400,3800.0,Feb,2,Q1,Saturday
OPS-103350,2025-10-21,Procurement,Hyderabad,System Issue,Medium,Portal,,Closed,16.0,24,No,1,4.1,450,7200.0,Oct,10,Q4,Tuesday
OPS-102122,2025-04-20,Procurement,Bengaluru,System Issue,Medium,Portal,IT Support,Closed,14.9,24,No,1,4.9,400,5960.0,Apr,4,Q2,Sunday
OPS-101554,2025-11-26,Customer Support,Pune,Compliance Request,High,Email,IT Support,Escalated,16.8,12,Yes,2,3.7,400,6720.0,Nov,11,Q4,Wednesday
OPS-103135,2025-11-13,Sales,Chennai,Access Request,Medium,Phone,Finance Ops,Closed,12.3,24,No,0,5.0,400,4920.0,Nov,11,Q4,Thursday
OPS-104847,2025-07-27,HR,Bengaluru,Access Request,High,Portal,HR Ops,Closed,6.3,12,No,1,4.8,400,2520.0,Jul,7,Q3,Sunday
OPS-102879,2025-03-10,Procurement,Gurugram,Access Request,Low,Email,Finance Ops,Closed,8.9,48,No,0,4.9,450,4005.0,Mar,3,Q1,Monday
OPS-101820,2025-06-10,Operations,Bengaluru,Compliance Request,Medium,Portal,Finance Ops,Closed,4.0,24,No,0,5.0,280,1120.0,Jun,6,Q2,Tuesday
OPS-102811,2025-09-18,Procurement,Noida,Data Correction,Medium,Email,IT Support,Escalated,10.9,24,No,2,4.3,350,3815.0,Sep,9,Q3,Thursday
OPS-100592,2025-05-02,Customer Support,Chennai,Data Correction,High,Portal,MIS,Closed,20.3,12,Yes,0,4.2,280,5684.0,May,5,Q2,Friday
OPS-104904,2025-08-02,Sales,Gurugram,Vendor Query,Low,Portal,Vendor Management,Closed,7.7,48,No,1,,350,2695.0,Aug,8,Q3,Saturday
OPS-101045,2025-01-05,Customer Support,Pune,Compliance Request,Medium,Email,HR Ops,Closed,2.5,24,No,1,5.0,450,1125.0,Jan,1,Q1,Sunday
OPS-104041,2025-06-22,IT,Bengaluru,Invoice Query,Medium,Teams,IT Support,Closed,4.9,24,No,1,4.6,400,1960.0,Jun,6,Q2,Sunday
OPS-104749,2025-08-25,Customer Support,Hyderabad,Compliance Request,Low,Email,Finance Ops,Closed,27.0,48,No,3,3.4,450,12150.0,Aug,8,Q3,Monday
OPS-100245,2025-05-28,Sales,Bengaluru,Report Request,Low,Portal,Finance Ops,Closed,9.5,48,No,0,5.0,280,2660.0,May,5,Q2,Wednesday
OPS-101388,2025-04-08,IT,Bengaluru,Vendor Query,Medium,Portal,Vendor Management,Escalated,10.0,24,No,2,4.5,320,3200.0,Apr,4,Q2,Tuesday
OPS-102023,2025-06-30,Finance,Bengaluru,Vendor Query,Medium,Portal,Vendor Management,Closed,7.2,24,No,1,4.3,280,2016.0,Jun,6,Q2,Monday
OPS-100060,2025-07-25,Customer Support,Hyderabad,Employee Query,High,Portal,MIS,Pending,2.4,12,No,0,5.0,320,768.0,Jul,7,Q3,Friday
OPS-100177,2025-05-01,Procurement,Hyderabad,Data Correction,Medium,Teams,HR Ops,Pending,14.4,24,No,0,4.8,280,4032.0,May,5,Q2,Thursday
OPS-100450,2025-04-06,IT,Pune,Vendor Query,Critical,Email,MIS,Escalated,3.8,4,No,4,4.0,400,1520.0,Apr,4,Q2,Sunday
OPS-104082,2025-05-12,Customer Support,Pune,Report Request,High,Phone,Vendor Management,Closed,6.1,12,No,1,4.2,450,2745.0,May,5,Q2,Monday
OPS-100056,2025-12-06,Finance,Noida,Vendor Query,Medium,Portal,HR Ops,Closed,12.5,24,No,0,4.1,280,3500.0,Dec,12,Q4,Saturday
OPS-103458,2025-04-02,Operations,Hyderabad,Compliance Request,Low,Portal,IT Support,Escalated,8.0,48,No,2,4.4,320,2560.0,Apr,4,Q2,Wednesday
OPS-101769,2025-02-19,Finance,Pune,Access Request,Low,Portal,HR Ops,Closed,26.9,48,No,0,4.2,320,8608.0,Feb,2,Q1,Wednesday
OPS-101738,2025-12-03,Sales,Hyderabad,Data Correction,Critical,Phone,IT Support,Closed,1.3,4,No,1,4.4,450,585.0,Dec,12,Q4,Wednesday
OPS-103241,2025-10-29,Procurement,Chennai,Vendor Query,High,Portal,MIS,Closed,53.6,12,Yes,0,3.5,450,24120.0,Oct,10,Q4,Wednesday
OPS-104738,2025-11-28,Sales,Pune,Access Request,Medium,Email,MIS,Closed,13.0,24,No,0,5.0,350,4550.0,Nov,11,Q4,Friday
